date_debut,date_fin,media_type,support,cost_net,occasions_reel,impressions_reel,peb_reel,vues_completees,taux_vues,clics_reel,taux_clics,channel_group,year,month,cpm_calculated
2024-11-20 00:00:00.000000000,2024-11-30,Numérique,Circulaire numérique,11350.0,51400.0,496571.0,,,,223.0,0.003789230429389475,Circulaire_Digital,2024.0,11.0,22.856751602489876
2024-11-13 00:00:00.000000000,2024-11-30,Numérique,Facebook,18374.94,1343725.0,1343725.0,,,,7409.0,0.005513777000502335,Social_Media,2024.0,11.0,13.674628365178886
2024-11-01 00:00:00.000000000,2024-11-30,Numérique,Google,7423.55,275805.0,275805.0,,,,21301.0,0.07723210239118218,Search,2024.0,11.0,26.915936984463663
2024-11-01 00:00:00.000000000,2024-11-30,Numérique,Google,2185.7,345845.0,345845.0,,,,9282.0,0.026838612673307408,Search,2024.0,11.0,6.319883184663649
2024-11-01 00:00:00.000000000,2024-11-30,Numérique,Google,16099.84,211222.0,211222.0,,,,12541.0,0.05937355010368238,Search,2024.0,11.0,76.22236320080295
2025-12-04 00:00:00.000000000,2025-01-07,Numérique,Circulaire numérique,12350.0,58417.0,466624.0,,,,167.0,0.0028376748058656608,Circulaire_Digital,2025.0,12.0,26.4667055273625
2024-12-01 00:00:00.000000000,2024-12-31,Numérique,Québecor / Display,9187.51,1303060.0,1303060.0,,,,14981.0,0.011496784491888325,Digital_Branding,2024.0,12.0,7.050719076634997
2024-12-01 00:00:00.000000000,2024-12-31,Numérique,Facebook,13781.0,1696408.0,1696408.0,,,,4618.0,0.0027222224842137033,Social_Media,2024.0,12.0,8.123635351872897
2024-12-01 00:00:00.000000000,2024-12-31,Numérique,Google,6104.6,403754.0,403754.0,,,,23193.0,0.05744339374965945,Search,2024.0,12.0,15.119602530253571
2024-12-01 00:00:00.000000000,2024-12-31,Numérique,Google,267.77,31875.0,31875.0,,,,678.0,0.021270588235294118,Search,2024.0,12.0,8.40062745098039
2024-12-01 00:00:00.000000000,2024-12-31,Numérique,Google,12397.64,206406.0,206406.0,,,,11066.0,0.053612782574149975,Search,2024.0,12.0,60.0643392149453
2025-01-02 00:00:00.000000000,2025-01-26,Affichage,Abribus Numérique,22491.0,2298550.0,34478250.0,,,,,,Affichage,2025.0,1.0,0.6523242914011006
2025-01-02 00:00:00.000000000,2025-01-26,Affichage,Abribus Numérique,2206.02,200801.0,359433.79,,,,,,Affichage,2025.0,1.0,6.137486406049916
2025-01-02 00:00:00.000000000,2025-01-26,Affichage,Abribus Numérique,7040.01,412487.0,2516170.6999999997,,,,,,Affichage,2025.0,1.0,2.7979063582609878
2025-01-02 00:00:00.000000000,2025-01-19,Affichage,Panneaux numériques,29053.0,401349.0,22413922.0,,,,,,Affichage,2025.0,1.0,1.2962033150646282
2025-01-02 00:00:00.000000000,2025-01-19,Affichage,Panneaux numériques,5868.0,121500.0,1753346.0,,,,,,Affichage,2025.0,1.0,3.3467438828388696
2025-01-02 00:00:00.000000000,2025-01-26,Numérique,Québecor / Display,10500.0,1488536.0,1488536.0,,,,21910.0,0.01471916030247169,Digital_Branding,2025.0,1.0,7.053910688085475
2025-01-02 00:00:00.000000000,2025-01-17,Numérique,Circulaire numérique,12350.0,58851.0,532374.0,,,0.110544466859764,200.0,0.00339841294115648,Circulaire_Digital,2025.0,1.0,23.1979773617795
2025-01-04 00:00:00.000000000,2025-01-31,Numérique,Facebook,18374.89,4260995.0,4260995.0,,,,25880.0,0.006073698748766426,Social_Media,2025.0,1.0,4.312347233451342
2025-01-01 00:00:00.000000000,2025-01-31,Numérique,Google,5818.23,290777.0,290777.0,,,,15030.0,0.05168909507973464,Search,2025.0,1.0,20.009251075566496
2025-01-01 00:00:00.000000000,2025-01-31,Numérique,Google,14592.78,304111.0,304111.0,,,,39631.0,0.13031754852668928,Search,2025.0,1.0,47.98504493425098
2025-01-01 00:00:00.000000000,2025-01-31,Numérique,Pinterest,4593.75,878697.0,878697.0,,,,2692.0,0.003063627166133491,Social_Media,2025.0,1.0,5.227911327795589
2025-02-05 00:00:00.000000000,2025-02-25,Radio,98.5,13695.2,152.0,1833700.0,133.3,,,,,Audio,2025.0,2.0,7.468615367835524
2025-02-05 00:00:00.000000000,2025-02-25,Radio,RythmeFM,2170.05,156.0,1004800.0,73.0,,,,,Audio,2025.0,2.0,2.1596835191082806
2025-02-05 00:00:00.000000000,2025-02-25,Radio,CKOI,5878.6,152.0,956600.0,69.5,,,,,Audio,2025.0,2.0,6.145306293121472
2025-02-05 00:00:00.000000000,2025-02-25,Radio,Énergie,6354.6,189.0,1188800.0,85.2,,,,,Audio,2025.0,2.0,5.345390309555855
2025-02-05 00:00:00.000000000,2025-02-25,Radio,Rouge,4764.0,168.0,920300.0,66.0,,,,,Audio,2025.0,2.0,5.17657285667717
2025-02-05 00:00:00.000000000,2025-02-25,Radio,99.5,5376.25,230.0,,,,,,,Audio,2025.0,2.0,
2025-02-05 00:00:00.000000000,2025-02-25,Radio,The beat,7945.8,150.0,385400.0,78.5,,,,,Audio,2025.0,2.0,20.617021276595747
2025-02-05 00:00:00.000000000,2025-02-25,Radio,Virgin,2998.8,127.0,229600.0,46.0,,,,,Audio,2025.0,2.0,13.060975609756099
2025-02-05 00:00:00.000000000,2025-02-25,Radio,CHOM,2998.8,178.0,397200.0,79.5,,,,,Audio,2025.0,2.0,7.549848942598188
2025-02-05 00:00:00.000000000,2025-02-25,Radio,CIME,1836.0,152.0,,,,,,,Audio,2025.0,2.0,
2025-02-05 00:00:00.000000000,2025-02-25,Radio,Énergie,3869.6,137.0,325000.0,210.3,,,,,Audio,2025.0,2.0,11.906461538461537
2025-02-05 00:00:00.000000000,2025-02-25,Radio,Rouge,3163.4,106.0,266200.0,172.3,,,,,Audio,2025.0,2.0,11.883546205860256
2025-02-05 00:00:00.000000000,2025-02-25,Radio,Énergie,3325.2,178.0,365800.0,365.0,,,,,Audio,2025.0,2.0,9.09021323127392
2025-02-05 00:00:00.000000000,2025-02-25,Radio,Rouge,1876.8,86.0,163600.0,163.2,,,,,Audio,2025.0,2.0,11.471882640586797
2025-02-05 00:00:00.000000000,2025-02-25,Radio,Énergie,2092.8,14.0,176700.0,292.2,,,,,Audio,2025.0,2.0,11.843803056027166
2025-02-05 00:00:00.000000000,2025-02-25,Radio,Rouge,2247.2,146.0,126900.0,210.5,,,,,Audio,2025.0,2.0,17.708431836091407
2025-02-05 00:00:00.000000000,2025-02-25,Radio,Rouge,1504.5,63.0,131700.0,215.7,,,,,Audio,2025.0,2.0,11.42369020501139
2025-02-05 00:00:00.000000000,2025-02-25,Radio,KYK,2448.0,120.0,213600.0,349.8,,,,,Audio,2025.0,2.0,11.460674157303371
2025-02-05 00:00:00.000000000,2025-02-25,Radio,FM93,4981.0,177.0,909500.0,268.1,,,,,Audio,2025.0,2.0,5.4766355140186915
2025-02-05 00:00:00.000000000,2025-02-25,Radio,RythmeFM,1657.5,115.0,114100.0,33.2,,,,,Audio,2025.0,2.0,14.526730937773882
2025-02-05 00:00:00.000000000,2025-02-25,Radio,CHOI,3948.82,100.0,886000.0,257.8,,,,,Audio,2025.0,2.0,4.4569074492099325
2025-02-05 00:00:00.000000000,2025-02-25,Radio,BPM,1608.8,50.0,26000.0,7.5,,,,,Audio,2025.0,2.0,61.87692307692307
2025-02-05 00:00:00.000000000,2025-02-25,Radio,Rouge,1496.0,102.0,,,,,,,Audio,2025.0,2.0,
2025-02-05 00:00:00.000000000,2025-02-25,Radio,Énergie,1206.0,87.0,,,,,,,Audio,2025.0,2.0,
2025-02-05 00:00:00.000000000,2025-02-25,Radio,Rouge,2073.0,114.0,,,,,,,Audio,2025.0,2.0,
2025-02-05 00:00:00.000000000,2025-02-25,Numérique,RON,8499.98,833352.0,833332.0,,,,,,Digital_Branding,2025.0,2.0,10.199992319987711
2025-02-05 00:00:00.000000000,2025-02-23,Numérique,Québecor / Display,10500.0,1401031.0,1401031.0,,,,16237.0,0.011589322434692738,Digital_Branding,2025.0,2.0,7.4944808501739075
2025-02-05 00:00:00.000000000,2025-02-23,Numérique,Circulaire numérique,16000.0,79721.0,673001.0,,,0.1184559904071465,696.0,0.008730447435431065,Circulaire_Digital,2025.0,2.0,23.774110291069405
2025-02-05 00:00:00.000000000,2025-02-28,Numérique,Facebook,20000.0,0.0,3731391.0,,,,43135.0,0.011560032170308605,Social_Media,2025.0,2.0,5.3599314571965255
2025-02-01 00:00:00.000000000,2025-02-28,Numérique,Google,14313.45,0.0,3219783.0,,,,31945.0,0.009921476074629874,Search,2025.0,2.0,4.445470393501674
2025-02-01 00:00:00.000000000,2025-02-28,Numérique,Google,2700.1,0.0,15491.0,,,,2178.0,0.1405977664450326,Search,2025.0,2.0,174.3012071525402
2025-02-10 00:00:00.000000000,2025-02-10,Affichage,Panneaux Numériques,2655.0,13504.0,945492.0,,,,,,Affichage,2025.0,2.0,2.8080618344734805
2025-02-10 00:00:00.000000000,2025-02-10,Affichage,Panneaux Numériques,900.0,7661.0,292064.0,,,,,,Affichage,2025.0,2.0,3.081516379971513
2025-02-26 00:00:00.000000000,2025-03-04,Affichage,Panneaux Numériques,7501.0,77986.0,3641511.0,,,,,,Affichage,2025.0,2.0,2.0598592177807507
2025-03-01 00:00:00.000000000,2025-03-16,Affichage,Panneaux Numériques,10140.0,68331.0,11709659.0,,,,,,Affichage,2025.0,3.0,0.8659517753676688
2025-03-05 00:00:00.000000000,2025-03-05,Affichage,Panneaux Numériques,5000.0,59600.0,2593525.0,,,,,,Affichage,2025.0,3.0,1.9278780809901581
1970-01-01 00:00:00.000000006,2025-03-16,Affichage,Panneaux Numériques,20000.0,422614.0,14780013.0,,,,,,Affichage,1970.0,1.0,1.353178782725022
2025-03-05 00:00:00.000000000,2025-03-05,Numérique,Québecor / Display,9480.0,1919387.0,1919387.0,,,,9986.0,0.0052027027379053835,Digital_Branding,2025.0,3.0,4.939076903198782
2025-03-05 00:00:00.000000000,2025-04-01,Numérique,Facebook,11481.17,,1344588.0,,1021504.0,0.7597152436285316,,,Social_Media,2025.0,3.0,8.53880147673488
2025-03-09 00:00:00.000000000,2025-04-01,Télévision,TVA Réseau,133553.44,85.0,10073210.0,,,,,,Television,2025.0,3.0,13.258280131159779
2025-03-09 00:00:00.000000000,2025-04-01,Télévision,TVA Montréal,26167.52,65.0,2665400.0,154.1,,,,,Television,2025.0,3.0,9.81748330456967
2025-03-09 00:00:00.000000000,2025-04-01,Télévision,TVA Québec,8900.0,42.0,608880.0,138.77,,,,,Television,2025.0,3.0,14.617001708054133
2025-03-09 00:00:00.000000000,2025-04-01,Télévision,TVA Sports,9427.5,56.0,857540.0,30.11,,,,,Television,2025.0,3.0,10.993656272593698
2025-03-09 00:00:00.000000000,2025-04-01,Télévision,TVA Gatineau (CHOT),8250.0,57.0,,,,,,,Television,2025.0,3.0,
2025-03-09 00:00:00.000000000,2025-04-01,Télévision,NOOVO Réseau,46243.0,19.0,2157000.0,,,,,,Television,2025.0,3.0,21.438572090866945
2025-03-09 00:00:00.000000000,2025-04-01,Télévision,NOOVO Montréal,16206.0,29.0,877200.0,52.3,,,,,Television,2025.0,3.0,18.474692202462382
2025-03-09 00:00:00.000000000,2025-04-01,Télévision,NOOVO Québec,4997.0,9.0,322100.0,,,,,,Television,2025.0,3.0,15.51381558522198
2025-03-09 00:00:00.000000000,2025-04-01,Télévision,RDI Réseau,8724.06,60.0,515173.8,17.6,,,,,Television,2025.0,3.0,16.934207446108477
2025-03-09 00:00:00.000000000,2025-04-01,Télévision,Radio-Canada Montréal,47699.7,37.0,2779400.0,161.8,,,,,Television,2025.0,3.0,17.161869468230552
2025-03-09 00:00:00.000000000,2025-04-01,Télévision,Radio-Canada Québec,16876.95,54.0,932500.0,216.0,,,,,Television,2025.0,3.0,18.098605898123324
2025-03-10 00:00:00.000000000,2025-03-10,Numérique,La Presse + ,16896.0,234692.0,234692.0,,228797.0,0.9748819729688273,112.0,0.0004772212090740204,Digital_Branding,2025.0,3.0,71.99222811173794
2025-03-09 00:00:00.000000000,2025-04-01,Numérique,Québecor / Display,10500.0,1400402.0,1400402.0,,,,13905.0,0.009929291731945542,Digital_Branding,2025.0,3.0,7.497847046776568
2025-03-09 00:00:00.000000000,2025-04-01,Numérique,Québecor / Preroll,28000.0,1010745.0,1010745.0,,988841.0,0.9783288564375783,1394.0,0.0013791807033425839,Digital_Branding,2025.0,3.0,27.70233837416955
2025-03-09 00:00:00.000000000,2025-04-01,Numérique,Bell / Preroll,12000.0,334251.0,334251.0,,326996.0,0.9782947545407493,1268.0,0.0037935563393976385,Digital_Branding,2025.0,3.0,35.90116409524579
2025-03-05 00:00:00.000000000,2025-04-01,Numérique,Facebook,5000.0,,763837.0,,,,11130.0,0.01457117159812892,Social_Media,2025.0,3.0,6.545899190534106
2025-03-01 00:00:00.000000000,2025-03-31,Numérique,Google,11527.01,,1750752.0,,,,28201.0,0.01610793533293122,Search,2025.0,3.0,6.584033603845662
2025-03-01 00:00:00.000000000,2025-03-31,Numérique,Google,14983.73,,1436631.0,,815625.0,0.5677345122025071,1191.0,0.0008290229014966265,Search,2025.0,3.0,10.429769370144456
2025-04-02 00:00:00.000000000,2025-04-06,Radio,98.5,10585.05,44.0,604600.0,44.0,,,,,Audio,2025.0,4.0,17.50752563678465
2025-04-02 00:00:00.000000000,2025-04-06,Radio,RythmeFM,6842.5,84.0,669400.0,48.7,,,,,Audio,2025.0,4.0,10.221840454138034
2025-04-02 00:00:00.000000000,2025-04-06,Radio,CKOI,5125.5,68.0,512600.0,37.3,,,,,Audio,2025.0,4.0,9.999024580569644
2025-04-02 00:00:00.000000000,2025-04-06,Radio,Énergie,9259.0,97.0,447000.0,32.6,,,,,Audio,2025.0,4.0,20.713646532438478
2025-04-02 00:00:00.000000000,2025-04-06,Radio,The Beat,4494.38,55.0,169100.0,34.4,,,,,Audio,2025.0,4.0,26.578237729154345
2025-04-02 00:00:00.000000000,2025-04-06,Radio,M105,3038.0,57.0,,,,,,,Audio,2025.0,4.0,
2025-04-03 00:00:00.000000000,2025-04-03,Numérique,La Presse Mobile,7800.0,1.0,976209.0,,,,3587.0,0.0036744180805544716,Digital_Branding,2025.0,4.0,7.990092285565898
2025-04-02 00:00:00.000000000,2025-04-06,Numérique,Facebook,3500.0,,1009725.0,,,,7759.0,0.007684270469682339,Social_Media,2025.0,4.0,3.466290326574067
2025-04-02 00:00:00.000000000,2025-04-29,Télévision,TVA Réseau,97730.73,96.0,11093970.0,,,,,,Television,2025.0,4.0,8.809355893336651
2025-04-02 00:00:00.000000000,2025-04-29,Télévision,TVA Montréal,19523.93,65.0,2320270.0,134.81,,,,,Television,2025.0,4.0,8.41450779435152
2025-04-02 00:00:00.000000000,2025-04-29,Télévision,TVA Québec,6514.37,38.0,517260.0,118.71,,,,,Television,2025.0,4.0,12.593995282836483
2025-04-02 00:00:00.000000000,2025-04-09,Télévision,TVA Sports,6451.3,31.0,1075370.0,37.43,,,,,Television,2025.0,4.0,5.999144480504385
2025-04-02 00:00:00.000000000,2025-04-13,Télévision,TVA Gatineau (CHOT),4425.0,,,,,,,,Television,2025.0,4.0,
2025-04-20 00:00:00.000000000,2025-04-29,Télévision,TVA Gatineau (CHOT),3825.0,,,,,,,,Television,2025.0,4.0,
2025-04-02 00:00:00.000000000,2025-04-29,Télévision,NOOVO Réseau,34614.0,13.0,2239200.0,,,,,,Television,2025.0,4.0,15.458199356913184
2025-04-02 00:00:00.000000000,2025-04-29,Télévision,NOOVO Montréal,9451.0,31.0,1082200.0,48.8,,,,,Television,2025.0,4.0,8.733136204028831
2025-04-02 00:00:00.000000000,2025-04-29,Télévision,NOOVO Québec,4190.0,12.0,410500.0,,,,,,Television,2025.0,4.0,10.207064555420219
2025-04-02 00:00:00.000000000,2025-04-29,Télévision,RDI Réseau,6914.92,70.0,696900.0,20.7,,,,,Television,2025.0,4.0,9.922399196441384
2025-04-02 00:00:00.000000000,2025-04-29,Télévision,Radio-Canada Montréal,25028.52,41.0,1795400.0,104.60000000000001,,,,,Television,2025.0,4.0,13.94035869444135
2025-04-06 00:00:00.000000000,2025-04-13,Télévision,Radio-Canada Montréal,12611.28,22.0,902300.0,52.2,,,,,Television,2025.0,4.0,13.976814806605342
2025-04-02 00:00:00.000000000,2025-04-29,Télévision,Radio-Canada Québec,8873.9,47.0,529600.0,122.3,,,,,Television,2025.0,4.0,16.75585347432024
2025-04-06 00:00:00.000000000,2025-04-13,Télévision,Radio-Canada Québec,4408.96,26.0,290400.0,66.6,,,,,Television,2025.0,4.0,15.18236914600551
2025-04-07 00:00:00.000000000,2025-04-13,Radio,98.5,6821.25,44.0,604600.0,44.0,,,,,Audio,2025.0,4.0,11.282252729077076
2025-04-07 00:00:00.000000000,2025-04-20,Radio,RythmeFM,6417.5,84.0,669400.0,48.7,,,,,Audio,2025.0,4.0,9.586943531520765
2025-04-07 00:00:00.000000000,2025-04-20,Radio,CKOI,4080.0,68.0,512600.0,37.3,,,,,Audio,2025.0,4.0,7.95942255169723
2025-04-07 00:00:00.000000000,2025-04-20,Radio,Énergie,6990.0,118.0,540500.0,39.4,,,,,Audio,2025.0,4.0,12.932469935245143
2025-04-02 00:00:00.000000000,2025-04-20,Radio,Rouge,5000.0,78.0,436400.0,31.8,,,,,Audio,2025.0,4.0,11.45737855178735
2025-04-07 00:00:00.000000000,2025-04-20,Radio,The beat,7225.0,102.0,333000.0,67.8,,,,,Audio,2025.0,4.0,21.696696696696698
2025-04-02 00:00:00.000000000,2025-04-20,Radio,Virgin,5400.0,135.0,226500.0,46.2,,,,,Audio,2025.0,4.0,23.841059602649008
2025-04-02 00:00:00.000000000,2025-04-20,Radio,CHOM,3600.0,117.0,223700.0,45.6,,,,,Audio,2025.0,4.0,16.092981671881983
2025-04-02 00:00:00.000000000,2025-04-20,Radio,CIME,2907.0,75.0,,,,,,,Audio,2025.0,4.0,
2025-04-02 00:00:00.000000000,2025-04-20,Radio,Énergie,3750.0,138.0,298500.0,193.1,,,,,Audio,2025.0,4.0,12.56281407035176
2025-04-02 00:00:00.000000000,2025-04-20,Radio,Rouge,3300.0,114.0,273300.0,176.8,,,,,Audio,2025.0,4.0,12.074643249176729
2025-04-02 00:00:00.000000000,2025-04-20,Radio,Énergie,3899.7,141.0,232200.0,224.0,,,,,Audio,2025.0,4.0,16.794573643410853
2025-04-02 00:00:00.000000000,2025-04-20,Radio,Rouge,2640.0,63.0,111800.0,107.8,,,,,Audio,2025.0,4.0,23.613595706618963
2025-04-02 00:00:00.000000000,2025-04-20,Radio,Énergie,2130.0,63.0,99700.0,165.3,,,,,Audio,2025.0,4.0,21.36409227683049
2025-04-02 00:00:00.000000000,2025-04-20,Radio,Rouge,3000.6,162.0,173700.0,288.1,,,,,Audio,2025.0,4.0,17.274611398963728
2025-04-02 00:00:00.000000000,2025-04-20,Radio,Rouge,1800.0,105.0,177000.0,289.8,,,,,Audio,2025.0,4.0,10.169491525423728
2025-04-02 00:00:00.000000000,2025-04-20,Radio,KYK,3245.38,117.0,211700.0,346.7,,,,,Audio,2025.0,4.0,15.330089749645726
2025-04-02 00:00:00.000000000,2025-04-20,Radio,FM93,5801.25,186.0,1072200.0,311.9,,,,,Audio,2025.0,4.0,5.410604364857303
2025-04-02 00:00:00.000000000,2025-04-20,Radio,RythmeFM,1785.0,102.0,111000.0,32.3,,,,,Audio,2025.0,4.0,16.08108108108108
2025-03-31 00:00:00.000000000,2025-04-06,Radio,CHOI,4165.28,72.0,572000.0,166.2,,,,,Audio,2025.0,3.0,7.281958041958042
2025-04-02 00:00:00.000000000,2025-04-20,Radio,Rouge,1500.0,,,,,,,,Audio,2025.0,4.0,
2025-04-02 00:00:00.000000000,2025-04-20,Radio,Énergie,2100.0,,,,,,,,Audio,2025.0,4.0,
2025-04-02 00:00:00.000000000,2025-04-20,Radio,Rouge,2248.0,,,,,,,,Audio,2025.0,4.0,
2025-04-02 00:00:00.000000000,2025-04-20,Radio,Énergie,1200.0,,,,,,,,Audio,2025.0,4.0,
2025-04-02 00:00:00.000000000,2025-04-13,Radio,Énergie,600.0,,,,,,,,Audio,2025.0,4.0,
2025-04-02 00:00:00.000000000,2025-04-20,Radio,"HOT 89,9",5568.0,99.0,360300.0,68.69999999999999,,,,,Audio,2025.0,4.0,15.453788509575354
2025-04-02 00:00:00.000000000,2025-04-20,Radio,"LIVE 88,5",3360.0,96.0,281100.0,53.699999999999996,,,,,Audio,2025.0,4.0,11.953041622198505
2025-04-02 00:00:00.000000000,2025-04-20,Numérique,RON,9860.0,694587.0,694587.0,,,,,,Digital_Branding,2025.0,4.0,14.195485950644052
2025-04-21 00:00:00.000000000,2025-04-27,Radio,98.5,2139.67,29.0,342000.0,24.9,,,,,Audio,2025.0,4.0,6.256345029239766
2025-04-12 00:00:00.000000000,2025-04-12,Numérique,La Presse + ,8250.0,1.0,228468.0,,,,613.0,0.002683089097816762,Digital_Branding,2025.0,4.0,36.11008981564158
2025-04-25 00:00:00.000000000,2025-04-25,Numérique,La Presse + ,21000.0,1.0,210064.0,,,,1672.0,0.007959479015918957,Digital_Branding,2025.0,4.0,99.96953309467591
2025-04-02 00:00:00.000000000,2025-04-29,Numérique,Québecor / Preroll,14000.0,505476.0,505476.0,,495064.0,0.9794015937453014,578.0,0.0011434766437971337,Digital_Branding,2025.0,4.0,27.696666112733347
2025-04-02 00:00:00.000000000,2025-04-29,Numérique,Québecor / Preroll,14000.0,595603.0,595603.0,,583585.0,0.979822129841522,458.0,0.0007689685914946701,Digital_Branding,2025.0,4.0,23.505590133024853
2025-04-02 00:00:00.000000000,2025-04-29,Numérique,Québecor / Display,10500.0,1404780.0,1404780.0,,,,13210.0,0.00940360768234172,Digital_Branding,2025.0,4.0,7.474479989749284
2025-04-02 00:00:00.000000000,2025-04-29,Numérique,Bell / Preroll,6000.0,167129.0,167129.0,,164334.0,0.98327639129056,427.0,0.002554912672247186,Digital_Branding,2025.0,4.0,35.90041225640075
2025-04-02 00:00:00.000000000,2025-04-29,Numérique,Bell / Preroll,6000.0,197444.0,197444.0,,195194.0,0.9886043637689674,655.0,0.0033173963250339336,Digital_Branding,2025.0,4.0,30.38836328275359
2025-04-06 00:00:00.000000000,2025-04-28,Numérique,Circulaire numérique,38452.7,190889.0,1422014.0,,,0.13423848147767883,10011.0,0.052444090544766855,Circulaire_Digital,2025.0,4.0,27.04101366090629
2025-04-01 00:00:00.000000000,2025-05-11,Numérique,La Presse / Preroll,23040.0,240091.0,240091.0,,232649.0,0.969003419536759,208.0,0.0008663381801067095,Digital_Branding,2025.0,4.0,95.96361379643552
2025-04-07 00:00:00.000000000,2025-04-30,Numérique,Facebook,5951.92,,1033776.0,,,,12104.0,0.011708532602807572,Social_Media,2025.0,4.0,5.757456160715668
2025-04-02 00:00:00.000000000,2025-04-30,Numérique,Facebook,9810.84,,1074656.0,,1005660.0,0.9357971295000447,972.0,0.0009044754786648007,Social_Media,2025.0,4.0,9.129284161629394
2025-04-01 00:00:00.000000000,2025-04-30,Numérique,Google,9356.06,,1701055.0,,,,23875.0,0.01403540743832504,Search,2025.0,4.0,5.500151376645669
2025-04-01 00:00:00.000000000,2025-04-30,Numérique,Google,13332.18,,1483548.0,,914040.0,0.6161175775910183,1133.0,0.0007637097013376042,Search,2025.0,4.0,8.986685971738023
2025-04-08 00:00:00.000000000,2025-04-30,Numérique,Pinterest,5000.0,1568345.0,1568345.0,,,,1103.0,0.000703289136000051,Social_Media,2025.0,4.0,3.1880740525840934
2025-04-30 00:00:00.000000000,2025-05-04,Radio,98.5,10585.05,44.0,604600.0,44.0,,,,,Audio,2025.0,4.0,17.50752563678465
2025-04-30 00:00:00.000000000,2025-05-04,Radio,RythmeFM,6842.5,84.0,669400.0,48.7,,,,,Audio,2025.0,4.0,10.221840454138034
2025-04-30 00:00:00.000000000,2025-05-04,Radio,CKOI,5125.5,68.0,512600.0,37.3,,,,,Audio,2025.0,4.0,9.999024580569644
2025-04-30 00:00:00.000000000,2025-05-04,Radio,Énergie,7108.0,88.0,391300.0,28.5,,,,,Audio,2025.0,4.0,18.165090723230257
2025-04-30 00:00:00.000000000,2025-05-04,Radio,The Beat,4494.38,55.0,169100.0,34.4,,,,,Audio,2025.0,4.0,26.578237729154345
2025-04-30 00:00:00.000000000,2025-05-04,Radio,M105,3038.0,57.0,,,,,,,Audio,2025.0,4.0,
,,Numérique,La Presse Mobile,7800.0,1.0,976267.0,,,,4136.0,0.0042365459449105625,Digital_Branding,,,7.9896175943671155
2025-04-30 00:00:00.000000000,2025-05-04,Numérique,Facebook,3500.0,,1060694.0,,,,7826.0,0.0073781882427919835,Social_Media,2025.0,4.0,3.299726405542032
2025-05-05 00:00:00.000000000,2025-05-18,Télévision,TVA Réseau,75608.37,113.0,8361360.0,,,,,,Television,2025.0,5.0,9.042592353397055
2025-05-05 00:00:00.000000000,2025-05-18,Télévision,TVA Montréal,15182.1,86.0,2554550.0,148.17,,,,,Television,2025.0,5.0,5.943160243487111
2025-05-05 00:00:00.000000000,2025-05-18,Télévision,TVA Québec,5016.56,49.0,521900.0,117.77,,,,,Television,2025.0,5.0,9.612109599540142
2025-05-05 00:00:00.000000000,2025-05-18,Télévision,LCN,5040.5,,,,,,,,Television,2025.0,5.0,
2025-05-05 00:00:00.000000000,2025-05-18,Télévision,TVA Gatineau (CHOT),5400.0,,,,,,,,Television,2025.0,5.0,
2025-05-05 00:00:00.000000000,2025-05-18,Télévision,NOOVO Réseau,20822.0,7.0,1392500.0,,,,,,Television,2025.0,5.0,14.952962298025135
2025-05-05 00:00:00.000000000,2025-05-18,Télévision,NOOVO Montréal,6376.0,22.0,624200.0,36.8,,,,,Television,2025.0,5.0,10.214674783723167
2025-05-05 00:00:00.000000000,2025-05-18,Télévision,NOOVO Québec,2512.0,10.0,54.2,,,,,,Television,2025.0,5.0,46346.863468634685
2025-05-05 00:00:00.000000000,2025-05-18,Télévision,RDI Réseau,4473.04,52.0,517800.0,15.6,,,,,Television,2025.0,5.0,8.638547701815373
2025-05-05 00:00:00.000000000,2025-05-18,Télévision,Radio-Canada Montréal,24483.3,58.0,1755100.0,102.3,,,,,Television,2025.0,5.0,13.949803430003987
2025-05-05 00:00:00.000000000,2025-05-18,Télévision,Radio-Canada Québec,8699.72,66.0,523600.0,119.9,,,,,Television,2025.0,5.0,16.61520244461421
2025-05-05 00:00:00.000000000,2025-05-11,Radio,98.5,6821.25,44.0,604600.0,44.0,,,,,Audio,2025.0,5.0,11.282252729077076
2025-05-05 00:00:00.000000000,2025-05-18,Radio,RythmeFM,6417.5,84.0,669400.0,48.7,,,,,Audio,2025.0,5.0,9.586943531520765
2025-05-05 00:00:00.000000000,2025-05-18,Radio,CKOI,4080.0,68.0,512600.0,37.3,,,,,Audio,2025.0,5.0,7.95942255169723
2025-05-05 00:00:00.000000000,2025-05-18,Radio,Énergie,6990.0,118.0,540500.0,39.4,,,,,Audio,2025.0,5.0,12.932469935245143
2025-05-05 00:00:00.000000000,2025-05-18,Radio,Rouge,5000.0,78.0,436400.0,31.8,,,,,Audio,2025.0,5.0,11.45737855178735
2025-05-05 00:00:00.000000000,2025-05-18,Radio,The beat,7225.0,102.0,333000.0,67.8,,,,,Audio,2025.0,5.0,21.696696696696698
2025-04-30 00:00:00.000000000,2025-05-18,Radio,Virgin,5400.0,135.0,226500.0,46.2,,,,,Audio,2025.0,4.0,23.841059602649008
2025-04-30 00:00:00.000000000,2025-05-18,Radio,CHOM,3600.0,117.0,223700.0,45.6,,,,,Audio,2025.0,4.0,16.092981671881983
2025-04-30 00:00:00.000000000,2025-05-18,Radio,CIME,2907.0,75.0,,,,,,,Audio,2025.0,4.0,
2025-04-30 00:00:00.000000000,2025-05-18,Radio,Énergie,3750.0,138.0,298500.0,193.1,,,,,Audio,2025.0,4.0,12.56281407035176
2025-04-30 00:00:00.000000000,2025-05-18,Radio,Rouge,3300.0,114.0,273300.0,176.8,,,,,Audio,2025.0,4.0,12.074643249176729
2025-04-30 00:00:00.000000000,2025-05-18,Radio,Énergie,3899.7,141.0,232200.0,224.0,,,,,Audio,2025.0,4.0,16.794573643410853
2025-04-30 00:00:00.000000000,2025-05-18,Radio,Rouge,2640.0,63.0,111800.0,107.8,,,,,Audio,2025.0,4.0,23.613595706618963
2025-04-30 00:00:00.000000000,2025-05-18,Radio,Énergie,2130.0,63.0,99700.0,165.3,,,,,Audio,2025.0,4.0,21.36409227683049
2025-04-30 00:00:00.000000000,2025-05-18,Radio,Rouge,3000.6,162.0,173700.0,288.1,,,,,Audio,2025.0,4.0,17.274611398963728
2025-04-30 00:00:00.000000000,2025-05-18,Radio,Rouge,1800.0,105.0,177000.0,289.8,,,,,Audio,2025.0,4.0,10.169491525423728
2025-04-30 00:00:00.000000000,2025-05-18,Radio,KYK,3245.38,117.0,211700.0,346.7,,,,,Audio,2025.0,4.0,15.330089749645726
2025-04-30 00:00:00.000000000,2025-05-18,Radio,FM93,5801.25,186.0,1072200.0,311.9,,,,,Audio,2025.0,4.0,5.410604364857303
2025-04-30 00:00:00.000000000,2025-05-18,Radio,RythmeFM,1785.0,102.0,111000.0,32.3,,,,,Audio,2025.0,4.0,16.08108108108108
2025-04-28 00:00:00.000000000,2025-05-04,Radio,CHOI,4171.84,72.0,572000.0,166.2,,,,,Audio,2025.0,4.0,7.293426573426574
2025-04-30 00:00:00.000000000,2025-05-18,Radio,VIVA,1500.0,,,,,,,,Audio,2025.0,4.0,
2025-04-30 00:00:00.000000000,2025-05-18,Radio,O',1140.0,,,,,,,,Audio,2025.0,4.0,
2025-04-30 00:00:00.000000000,2025-05-18,Radio,Viva,2248.0,,,,,,,,Audio,2025.0,4.0,
2025-04-30 00:00:00.000000000,2025-05-18,Radio,Énergie,600.0,,,,,,,,Audio,2025.0,4.0,
2025-04-30 00:00:00.000000000,2025-05-18,Radio,Énergie,1200.0,,,,,,,,Audio,2025.0,4.0,
2025-04-30 00:00:00.000000000,2025-05-18,Radio,"HOT 89,9",5568.0,99.0,360300.0,68.69999999999999,,,,,Audio,2025.0,4.0,15.453788509575354
2025-04-30 00:00:00.000000000,2025-05-18,Radio,"LIVE 88,5",3360.0,96.0,281100.0,53.699999999999996,,,,,Audio,2025.0,4.0,11.953041622198505
2025-04-30 00:00:00.000000000,2025-05-18,Numérique,RON,8840.0,714648.0,714648.0,,,,,,Digital_Branding,2025.0,4.0,12.369726074934794
2025-05-10 00:00:00.000000000,2025-05-10,Numérique,La Presse + ,8250.0,1.0,223922.0,,,,1224.0,0.005466189119425514,Digital_Branding,2025.0,5.0,36.84318646671609
2025-04-21 00:00:00.000000000,2025-06-06,Numérique,La Presse / Preroll,23280.0,,485158.0,,475946.0,0.9810123712275176,440.0,0.0009069210442783589,Digital_Branding,2025.0,4.0,47.98436797909135
2025-04-30 00:00:00.000000000,2025-05-27,Numérique,Québecor / Preroll,28000.0,1355071.0,1355071.0,,1248924.0,0.9216668351695225,3825.0,0.002822730321879813,Digital_Branding,2025.0,4.0,20.663123924871833
2025-04-30 00:00:00.000000000,2025-05-27,Numérique,Québecor / Display,8130.0,910193.0,910193.0,,,,4071.0,0.004472677772736112,Digital_Branding,2025.0,4.0,8.932171528456053
2025-04-30 00:00:00.000000000,2025-05-27,Numérique,Bell / Preroll,12000.0,394666.0,394666.0,,388605.0,0.9846427105451192,802.0,0.0020320980271926136,Digital_Branding,2025.0,4.0,30.405456765974268
2025-05-04 00:00:00.000000000,2025-05-28,Numérique,Circulaire numérique,30873.6,155123.0,972246.0,,,0.15955118354819664,7422.0,0.04784590292864372,Circulaire_Digital,2025.0,5.0,31.754926222375815
2025-04-30 00:00:00.000000000,2025-06-01,Numérique,Facebook,4999.4,,549137.0,,515751.0,0.9392027854615514,442.0,0.0008048993238481472,Social_Media,2025.0,4.0,9.10410334761635
2025-04-30 00:00:00.000000000,2025-06-01,Numérique,Facebook,6334.41,,1745753.0,,,,15357.0,0.008796777092750235,Social_Media,2025.0,4.0,3.6284686321604487
2025-05-01 00:00:00.000000000,2025-05-31,Numérique,Google,10843.15,,2268743.0,,,,26557.0,0.011705600854746439,Search,2025.0,5.0,4.7793646085078825
2025-05-01 00:00:00.000000000,2025-05-31,Numérique,Google,13678.92,,1421587.0,,878715.0,0.6181225630228752,919.0,0.0006464606105711434,Search,2025.0,5.0,9.622288329873586
2025-05-19 00:00:00.000000000,2025-06-15,Affichage,Abribus Statique,59484.0,,137774322.0,2915.0,,,,,Affichage,2025.0,5.0,0.43174953893077406
2025-05-23 00:00:00.000000000,2025-06-01,Numérique,Facebook,165.59,,25464.0,,,,392.0,0.015394282123782596,Social_Media,2025.0,5.0,6.5029060634621425
2025-06-04 00:00:00.000000000,2025-06-08,Radio,98.5,10585.05,44.0,604600.0,44.0,,,,,Audio,2025.0,6.0,17.50752563678465
2025-06-04 00:00:00.000000000,2025-06-08,Radio,RythmeFM,6842.5,84.0,669400.0,48.7,,,,,Audio,2025.0,6.0,10.221840454138034
2025-06-04 00:00:00.000000000,2025-06-08,Radio,CKOI,5125.5,68.0,512600.0,37.3,,,,,Audio,2025.0,6.0,9.999024580569644
2025-06-04 00:00:00.000000000,2025-06-08,Radio,Énergie,7108.0,88.0,391300.0,28.5,,,,,Audio,2025.0,6.0,18.165090723230257
2025-06-04 00:00:00.000000000,2025-06-08,Radio,The Beat,4494.38,55.0,169100.0,34.4,,,,,Audio,2025.0,6.0,26.578237729154345
2025-04-30 00:00:00.000000000,2025-05-04,Radio,M105,3038.0,57.0,,,,,,,Audio,2025.0,4.0,
2025-06-05 00:00:00.000000000,2025-06-05,Numérique,La Presse Mobile,7800.0,1.0,976369.0,,,,4330.0,0.004434798728759311,Digital_Branding,2025.0,6.0,7.988782929404765
2025-06-04 00:00:00.000000000,2025-06-08,Numérique,Facebook,4000.0,,1492279.0,,,,5996.0,0.0040180153979249185,Social_Media,2025.0,6.0,2.680463907888538
2025-06-09 00:00:00.000000000,2025-06-15,Radio,98.5,6821.25,44.0,604600.0,44.0,,,,,Audio,2025.0,6.0,11.282252729077076
2025-06-09 00:00:00.000000000,2025-06-22,Radio,RythmeFM,6417.5,84.0,669400.0,48.7,,,,,Audio,2025.0,6.0,9.586943531520765
2025-06-09 00:00:00.000000000,2025-06-22,Radio,CKOI,4080.0,68.0,512600.0,37.3,,,,,Audio,2025.0,6.0,7.95942255169723
2025-06-09 00:00:00.000000000,2025-06-22,Radio,Énergie,6990.0,118.0,540500.0,39.4,,,,,Audio,2025.0,6.0,12.932469935245143
2025-06-04 00:00:00.000000000,2025-06-22,Radio,Rouge,5000.0,78.0,436400.0,31.8,,,,,Audio,2025.0,6.0,11.45737855178735
2025-06-09 00:00:00.000000000,2025-06-22,Radio,The beat,7225.0,102.0,333000.0,67.8,,,,,Audio,2025.0,6.0,21.696696696696698
2025-06-04 00:00:00.000000000,2025-06-22,Radio,Virgin,4335.0,135.0,226500.0,46.2,,,,,Audio,2025.0,6.0,19.13907284768212
2025-06-04 00:00:00.000000000,2025-06-22,Radio,CHOM,2882.25,117.0,223700.0,45.6,,,,,Audio,2025.0,6.0,12.884443451050513
2025-06-04 00:00:00.000000000,2025-06-22,Radio,CIME,2907.0,75.0,,,,,,,Audio,2025.0,6.0,
2025-06-04 00:00:00.000000000,2025-06-22,Radio,Énergie,3750.0,138.0,298500.0,193.1,,,,,Audio,2025.0,6.0,12.56281407035176
2025-06-04 00:00:00.000000000,2025-06-22,Radio,Rouge,3300.0,114.0,273300.0,176.8,,,,,Audio,2025.0,6.0,12.074643249176729
2025-06-04 00:00:00.000000000,2025-06-22,Radio,Énergie,3899.7,141.0,232200.0,224.0,,,,,Audio,2025.0,6.0,16.794573643410853
2025-06-04 00:00:00.000000000,2025-06-22,Radio,Rouge,2640.0,63.0,111800.0,107.8,,,,,Audio,2025.0,6.0,23.613595706618963
2025-06-04 00:00:00.000000000,2025-06-22,Radio,Énergie,2130.0,63.0,99700.0,165.3,,,,,Audio,2025.0,6.0,21.36409227683049
2025-06-04 00:00:00.000000000,2025-06-22,Radio,Rouge,3000.6,162.0,173700.0,288.1,,,,,Audio,2025.0,6.0,17.274611398963728
2025-06-04 00:00:00.000000000,2025-06-22,Radio,Rouge,1800.0,105.0,177000.0,289.8,,,,,Audio,2025.0,6.0,10.169491525423728
2025-06-04 00:00:00.000000000,2025-06-22,Radio,KYK,3245.38,117.0,211700.0,346.7,,,,,Audio,2025.0,6.0,15.330089749645726
2025-06-04 00:00:00.000000000,2025-06-22,Radio,FM93,8330.0,186.0,1072200.0,311.9,,,,,Audio,2025.0,6.0,7.769072934154075
2025-06-04 00:00:00.000000000,2025-06-22,Radio,RythmeFM,1785.0,102.0,111000.0,32.3,,,,,Audio,2025.0,6.0,16.08108108108108
2025-06-02 00:00:00.000000000,2025-06-08,Radio,CHOI,4165.28,72.0,572000.0,166.2,,,,,Audio,2025.0,6.0,7.281958041958042
2025-06-04 00:00:00.000000000,2025-06-22,Radio,VIVA,1500.0,,,,,,,,Audio,2025.0,6.0,
2025-06-04 00:00:00.000000000,2025-06-22,Radio,O',3060.0,,,,,,,,Audio,2025.0,6.0,
2025-06-04 00:00:00.000000000,2025-06-22,Radio,Viva,2248.0,,,,,,,,Audio,2025.0,6.0,
2025-06-04 00:00:00.000000000,2025-06-22,Radio,Énergie,1500.0,,,,,,,,Audio,2025.0,6.0,
2025-06-04 00:00:00.000000000,2025-06-22,Radio,Énergie,600.0,,,,,,,,Audio,2025.0,6.0,
2025-06-04 00:00:00.000000000,2025-06-08,Radio,O',1641.5,,,,,,,,Audio,2025.0,6.0,
2025-06-11 00:00:00.000000000,2025-06-14,Radio,Viva,959.5,,,,,,,,Audio,2025.0,6.0,
2025-06-04 00:00:00.000000000,2025-06-22,Radio,"HOT 89,9",5568.0,99.0,360300.0,68.69999999999999,,,,,Audio,2025.0,6.0,15.453788509575354
2025-06-04 00:00:00.000000000,2025-06-22,Radio,"LIVE 88,5",3360.0,96.0,281100.0,53.699999999999996,,,,,Audio,2025.0,6.0,11.953041622198505
2025-06-07 00:00:00.000000000,2025-06-08,Radio,Énergie,2082.28,,,,,,,,Audio,2025.0,6.0,
2025-06-04 00:00:00.000000000,2025-06-22,Numérique,RON,9350.0,,,,,,,,Digital_Branding,2025.0,6.0,
2025-05-28 00:00:00.000000000,2025-06-29,Numérique,Québecor / Preroll,21000.0,1099625.0,1099625.0,,985436.0,0.8961564169603273,4248.0,0.0038631351597135386,Digital_Branding,2025.0,5.0,19.097419574855063
2025-05-28 00:00:00.000000000,2025-06-29,Numérique,Québecor / Display,8130.0,913398.0,913398.0,,,,4216.0,0.004615731586887644,Digital_Branding,2025.0,5.0,8.900829649287605
2025-05-28 00:00:00.000000000,2025-06-29,Numérique,Bell / Preroll,9000.0,324462.0,324462.0,,313656.0,0.9666956377017956,616.0,0.001898527408448447,Digital_Branding,2025.0,5.0,27.7382251234351
2025-06-04 00:00:00.000000000,2025-07-01,Numérique,Facebook,5999.12,,536845.0,,497046.0,0.9258650075906454,593.0,0.0011046018869506095,Social_Media,2025.0,6.0,11.174771116430254
2025-06-04 00:00:00.000000000,2025-07-01,Numérique,Facebook,4999.88,12115.0,1292541.0,,,,13253.0,0.010253446505758811,Social_Media,2025.0,6.0,3.868256403471921
2025-06-01 00:00:00.000000000,2025-06-30,Numérique,Google,10284.71,,1483921.0,,,,30021.0,0.020230861346392428,Search,2025.0,6.0,6.930766530024171
2025-06-01 00:00:00.000000000,2025-06-30,Numérique,Google,15444.62,,1550090.0,,963267.0,0.6214264978162558,1120.0,0.0007225386913017954,Search,2025.0,6.0,9.963692430762086
2025-06-04 00:00:00.000000000,2025-07-06,Numérique,Pinterest,2000.0,563130.0,563130.0,,,,299.0,0.0005309608793706604,Social_Media,2025.0,6.0,3.5515777884325113
2025-07-02 00:00:00.000000000,2025-07-06,Radio,98.5,10231.45,85.0,1070900.0,77.9,,,,,Audio,2025.0,7.0,9.554066672891961
2025-07-02 00:00:00.000000000,2025-07-06,Radio,RythmeFM,5814.0,77.0,587600.0,42.7,,,,,Audio,2025.0,7.0,9.894486044928524
2025-07-02 00:00:00.000000000,2025-07-06,Radio,CKOI,4819.5,72.0,548000.0,39.8,,,,,Audio,2025.0,7.0,8.79470802919708
2025-07-02 00:00:00.000000000,2025-07-06,Radio,Énergie,8003.0,68.0,313000.0,22.8,,,,,Audio,2025.0,7.0,25.568690095846645
2025-07-02 00:00:00.000000000,2025-07-06,Radio,The Beat,4398.75,82.0,249600.0,50.8,,,,,Audio,2025.0,7.0,17.623197115384617
2025-07-02 00:00:00.000000000,2025-07-06,Radio,M105,3555.0,83.0,,,,,,,Audio,2025.0,7.0,
2025-07-02 00:00:00.000000000,2025-07-06,Radio,Énergie,5802.2,46.0,72800.0,70.2,,,,,Audio,2025.0,7.0,79.70054945054946
2025-07-02 00:00:00.000000000,2025-07-06,Radio,Rouge,3873.2,56.0,71800.0,119.0,,,,,Audio,2025.0,7.0,53.94428969359331
2025-07-02 00:00:00.000000000,2025-07-05,Radio,Énergie,1582.5,,,,,,,,Audio,2025.0,7.0,
2025-07-02 00:00:00.000000000,2025-07-06,Radio,Énergie,1195.4,,,,,,,,Audio,2025.0,7.0,
2025-07-02 00:00:00.000000000,2025-07-06,Radio,Énergie,5744.0,57.0,140000.0,90.6,,,,,Audio,2025.0,7.0,41.028571428571425
2025-07-03 00:00:00.000000000,2025-07-03,Numérique,La Presse Mobile,7800.0,,976259.0,,,,5254.0,0.005381768567562502,Digital_Branding,2025.0,7.0,7.989683065661878
2025-07-02 00:00:00.000000000,2025-08-03,Télévision,TVA Réseau,45200.45,222.0,10224770.0,,,,,,Television,2025.0,7.0,4.420681345399457
2025-07-02 00:00:00.000000000,2025-08-03,Télévision,TVA Montréal,6246.46,77.0,1563630.0,92.6,,,,,Television,2025.0,7.0,3.9948453278588922
2025-07-02 00:00:00.000000000,2025-08-03,Télévision,TVA Québec,2093.32,46.0,271950.0,60.77,,,,,Television,2025.0,7.0,7.697444383158669
2025-07-02 00:00:00.000000000,2025-08-03,Télévision,LCN,2032.34,,,,,,,,Television,2025.0,7.0,
2025-07-02 00:00:00.000000000,2025-08-03,Télévision,TVA Gatineau (CHOT),4505.0,,,,,,,,Television,2025.0,7.0,
2025-07-02 00:00:00.000000000,2025-08-03,Télévision,NOOVO Réseau,32666.0,234.0,3054029.8,,,,,,Television,2025.0,7.0,10.696031846185653
2025-07-02 00:00:00.000000000,2025-08-03,Télévision,NOOVO Montréal,10267.0,147.0,878600.0,62.0,,,,,Television,2025.0,7.0,11.685636239471888
2025-07-02 00:00:00.000000000,2025-08-03,Télévision,NOOVO Québec,3734.0,164.0,446900.0,,,,,,Television,2025.0,7.0,8.355336764376819
2025-07-02 00:00:00.000000000,2025-08-03,Télévision,RDI Réseau,7656.0,94.0,654500.0,,,,,,Television,2025.0,7.0,11.69747899159664
2025-07-02 00:00:00.000000000,2025-08-03,Télévision,Radio-Canada Réseau,39196.34,138.0,4044600.0,,,,,,Television,2025.0,7.0,9.69103001532908
2025-07-07 00:00:00.000000000,2025-07-13,Radio,98.5,4479.5,,,,,,,,Audio,2025.0,7.0,
2025-07-07 00:00:00.000000000,2025-07-20,Radio,RythmeFM,3672.0,,,,,,,,Audio,2025.0,7.0,
2025-07-07 00:00:00.000000000,2025-07-20,Radio,CKOI,3060.0,,,,,,,,Audio,2025.0,7.0,
2025-07-07 00:00:00.000000000,2025-07-20,Radio,Énergie,4140.4,132.0,634100.0,46.2,,,,,Audio,2025.0,7.0,6.529569468538085
2025-07-07 00:00:00.000000000,2025-07-20,Radio,Rouge,4000.0,152.0,707700.0,51.7,,,,,Audio,2025.0,7.0,5.652112477038293
2025-07-07 00:00:00.000000000,2025-07-20,Radio,The beat,5440.0,128.0,388600.0,79.1,,,,,Audio,2025.0,7.0,13.99897066392177
2025-07-02 00:00:00.000000000,2025-07-20,Radio,Virgin,3600.0,150.0,263800.0,53.7,,,,,Audio,2025.0,7.0,13.646702047005308
2025-07-02 00:00:00.000000000,2025-07-20,Radio,CHOM,2400.0,114.0,162500.0,33.1,,,,,Audio,2025.0,7.0,14.769230769230768
2025-07-02 00:00:00.000000000,2025-07-20,Radio,CIME,4325.65,134.0,,,,,,,Audio,2025.0,7.0,
2025-07-02 00:00:00.000000000,2025-07-20,Radio,Énergie,2762.0,100.0,219200.0,176.8,,,,,Audio,2025.0,7.0,12.60036496350365
2025-07-02 00:00:00.000000000,2025-07-20,Radio,Rouge,3300.0,114.0,273300.0,141.8,,,,,Audio,2025.0,7.0,12.074643249176729
2025-07-02 00:00:00.000000000,2025-07-20,Radio,Énergie,3383.15,158.0,248200.0,239.5,,,,,Audio,2025.0,7.0,13.630741337630942
2025-07-02 00:00:00.000000000,2025-07-20,Radio,Rouge,1860.75,81.0,141300.0,136.3,,,,,Audio,2025.0,7.0,13.168789808917197
2025-07-02 00:00:00.000000000,2025-07-20,Radio,Énergie,1500.0,93.0,138000.0,228.9,,,,,Audio,2025.0,7.0,10.869565217391305
2025-07-02 00:00:00.000000000,2025-07-20,Radio,Rouge,2129.0,118.0,122300.0,202.9,,,,,Audio,2025.0,7.0,17.40801308258381
2025-07-02 00:00:00.000000000,2025-07-20,Radio,Rouge,1500.0,105.0,164400.0,269.2,,,,,Audio,2025.0,7.0,9.124087591240874
2025-07-02 00:00:00.000000000,2025-07-20,Radio,KYK,3870.3,146.0,260100.0,425.9,,,,,Audio,2025.0,7.0,14.8800461361015
2025-07-02 00:00:00.000000000,2025-07-20,Radio,FM93,7068.6,234.0,1378200.0,400.9,,,,,Audio,2025.0,7.0,5.128863735306922
2025-06-30 00:00:00.000000000,2025-07-06,Radio,CHOI,3676.87,80.0,583000.0,198.5,,,,,Audio,2025.0,6.0,6.3068096054888505
2025-07-02 00:00:00.000000000,2025-07-20,Radio,VIVA,1900.0,,,,,,,,Audio,2025.0,7.0,
2025-07-02 00:00:00.000000000,2025-07-20,Radio,O',2862.0,,,,,,,,Audio,2025.0,7.0,
2025-07-02 00:00:00.000000000,2025-07-20,Radio,Viva,3657.0,,,,,,,,Audio,2025.0,7.0,
2025-07-02 00:00:00.000000000,2025-07-20,Radio,Énergie,240.0,,,,,,,,Audio,2025.0,7.0,
2025-07-02 00:00:00.000000000,2025-07-20,Radio,Énergie,240.0,,,,,,,,Audio,2025.0,7.0,
2025-07-02 00:00:00.000000000,2025-07-13,Radio,O',3397.0,,,,,,,,Audio,2025.0,7.0,
2025-07-02 00:00:00.000000000,2025-07-13,Radio,Viva,1793.0,,,,,,,,Audio,2025.0,7.0,
2025-07-02 00:00:00.000000000,2025-07-06,Radio,MIX + COOL,1453.5,,,,,,,,Audio,2025.0,7.0,
2025-07-02 00:00:00.000000000,2025-07-20,Radio,"HOT 89,9",5220.0,90.0,326700.0,62.400000000000006,,,,,Audio,2025.0,7.0,15.977961432506886
2025-07-02 00:00:00.000000000,2025-07-20,Radio,"LIVE 88,5",3255.0,93.0,270300.0,51.599999999999994,,,,,Audio,2025.0,7.0,12.04217536071032
2025-07-02 00:00:00.000000000,2025-07-27,Numérique,Québecor / Preroll,28000.0,1463817.0,1463817.0,,1219862.0,0.8333432389431192,6846.0,0.004676814109960467,Digital_Branding,2025.0,7.0,19.128074069367962
2025-07-02 00:00:00.000000000,2025-07-27,Numérique,Québecor / Display,8130.0,1668926.0,1668926.0,,,,7851.0,0.004704222955361712,Digital_Branding,2025.0,7.0,4.871396335128101
2025-07-02 00:00:00.000000000,2025-07-27,Numérique,Bell / Preroll,12000.0,412728.0,412728.0,,392421.0,0.950798104320521,1569.0,0.0038015351514799093,Digital_Branding,2025.0,7.0,29.074838634645577
2025-07-02 00:00:00.000000000,2025-07-31,Numérique,Circulaire numérique,52523.7,251947.0,2465136.0,,,0.10220409746155994,12508.0,0.049645361921356476,Circulaire_Digital,2025.0,7.0,21.306613509356072
2025-06-30 00:00:00.000000000,2025-08-03,Numérique,Facebook,11998.67,,1166551.0,,1134301.0,0.972354401993569,905.0,0.0007757911998703871,Social_Media,2025.0,6.0,10.28559402889372
2025-06-30 00:00:00.000000000,2025-08-03,Numérique,Facebook,7999.78,,1375769.0,,,,21510.0,0.015634892194837942,Social_Media,2025.0,6.0,5.814769776030714
2025-07-01 00:00:00.000000000,2025-07-31,Numérique,Google,7603.13,,1438193.0,,,,15471.0,0.010757248853248486,Search,2025.0,7.0,5.286585319216544
2025-07-01 00:00:00.000000000,2025-07-31,Numérique,Google,11438.63,,1499227.0,,998746.0,0.6661739683183401,628.0,0.0004188825307975377,Search,2025.0,7.0,7.6296851644213985
2025-07-01 00:00:00.000000000,2025-08-03,Numérique,Pinterest,5000.0,455063.0,455063.0,,,,1945.0,0.004274133471629203,Social_Media,2025.0,7.0,10.98748964429101
2025-08-06 00:00:00.000000000,2025-08-17,Affichage,Panneaux numériques,9153.0,81234.0,3126781.0,,,,,,Affichage,2025.0,8.0,2.927291677926916
2025-08-06 00:00:00.000000000,2025-08-17,Affichage,Panneaux numériques,0.0,126690.0,,,,,,,Affichage,2025.0,8.0,
2025-08-04 00:00:00.000000000,2025-08-17,Radio,98.5,8959.0,104.0,1389400.0,101.0,,,,,Audio,2025.0,8.0,6.448107096588456
2025-08-04 00:00:00.000000000,2025-08-17,Radio,RythmeFM,3672.0,72.0,558700.0,40.6,,,,,Audio,2025.0,8.0,6.57240021478432
2025-08-04 00:00:00.000000000,2025-08-17,Radio,CKOI,3060.0,72.0,516900.0,37.6,,,,,Audio,2025.0,8.0,5.919907138711549
2025-08-04 00:00:00.000000000,2025-08-17,Radio,Énergie,4140.4,132.0,634100.0,46.2,,,,,Audio,2025.0,8.0,6.529569468538085
2025-08-04 00:00:00.000000000,2025-08-17,Radio,Rouge,4000.0,152.0,707700.0,51.7,,,,,Audio,2025.0,8.0,5.652112477038293
2025-08-04 00:00:00.000000000,2025-08-17,Radio,The beat,5440.0,128.0,388600.0,79.1,,,,,Audio,2025.0,8.0,13.99897066392177
2025-08-04 00:00:00.000000000,2025-08-17,Radio,Virgin,2400.0,100.0,175500.0,35.7,,,,,Audio,2025.0,8.0,13.675213675213675
2025-08-04 00:00:00.000000000,2025-08-17,Radio,CHOM,1600.0,76.0,107900.0,22.0,,,,,Audio,2025.0,8.0,14.828544949026877
2025-08-04 00:00:00.000000000,2025-08-17,Radio,CIME,1530.0,60.0,,,,,,,Audio,2025.0,8.0,
2025-08-04 00:00:00.000000000,2025-08-17,Radio,Énergie,2500.0,92.0,199000.0,128.8,,,,,Audio,2025.0,8.0,12.56281407035176
2025-08-04 00:00:00.000000000,2025-08-17,Radio,Rouge,2200.0,76.0,181300.0,117.3,,,,,Audio,2025.0,8.0,12.134583563154992
2025-08-04 00:00:00.000000000,2025-08-17,Radio,Énergie,2200.1,104.0,162200.0,156.4,,,,,Audio,2025.0,8.0,13.564118372379777
2025-08-04 00:00:00.000000000,2025-08-17,Radio,Rouge,1240.5,54.0,93900.0,90.5,,,,,Audio,2025.0,8.0,13.210862619808307
2025-08-04 00:00:00.000000000,2025-08-17,Radio,Énergie,1000.0,62.0,86300.0,143.1,,,,,Audio,2025.0,8.0,11.587485515643106
2025-08-04 00:00:00.000000000,2025-08-17,Radio,Rouge,1500.0,84.0,91800.0,152.2,,,,,Audio,2025.0,8.0,16.339869281045754
2025-08-04 00:00:00.000000000,2025-08-17,Radio,Rouge,1000.0,70.0,108700.0,177.9,,,,,Audio,2025.0,8.0,9.19963201471941
2025-08-04 00:00:00.000000000,2025-08-17,Radio,KYK,1830.73,88.0,153900.0,252.1,,,,,Audio,2025.0,8.0,11.89558154645874
2025-08-04 00:00:00.000000000,2025-08-17,Radio,FM93,4712.4,156.0,918800.0,267.3,,,,,Audio,2025.0,8.0,5.128863735306921
2025-08-04 00:00:00.000000000,2025-08-17,Radio,CHOI,3559.4,80.0,583000.0,198.5,,,,,Audio,2025.0,8.0,6.105317324185249
2025-08-04 00:00:00.000000000,2025-08-17,Radio,VIVA,800.0,,,,,,,,Audio,2025.0,8.0,
2025-08-04 00:00:00.000000000,2025-08-17,Radio,O',1012.0,,,,,,,,Audio,2025.0,8.0,
2025-08-04 00:00:00.000000000,2025-08-17,Radio,Viva,1382.0,,,,,,,,Audio,2025.0,8.0,
2025-08-04 00:00:00.000000000,2025-08-17,Radio,Énergie,600.0,,,,,,,,Audio,2025.0,8.0,
2025-08-04 00:00:00.000000000,2025-08-17,Radio,Énergie,600.0,,,,,,,,Audio,2025.0,8.0,
2025-08-04 00:00:00.000000000,2025-08-17,Radio,"HOT 89,9",3480.0,,,,,,,,Audio,2025.0,8.0,
2025-08-04 00:00:00.000000000,2025-08-17,Radio,"LIVE 88,5",2170.0,,,,,,,,Audio,2025.0,8.0,
2025-08-04 00:00:00.000000000,2025-08-17,Numérique,RON,6799.99,500877.0,500877.0,,,,,,Digital_Branding,2025.0,8.0,13.576167402376232
2025-08-06 00:00:00.000000000,2025-08-31,Numérique,Québecor / Display,8130.0,916160.0,916160.0,,,,4052.0,0.0044228082431016415,Digital_Branding,2025.0,8.0,8.873995808592385
2025-08-08 00:00:00.000000000,2025-08-08,Numérique,Québecor / Display,21000.0,2830460.0,2830460.0,,,,16635.0,0.005877136578506674,Digital_Branding,2025.0,8.0,7.419288737519697
2025-08-06 00:00:00.000000000,2025-08-31,Numérique,Facebook,20000.0,,6836191.0,,,,3851.0,0.0005633253956772126,Social_Media,2025.0,8.0,2.925605794220788
2025-08-01 00:00:00.000000000,2025-08-31,Numérique,Google,8906.23,,1533387.0,,,,14663.0,0.00956249139975753,Search,2025.0,8.0,5.808207582299837
2025-08-01 00:00:00.000000000,2025-08-31,Numérique,Google,13507.64,,1275765.0,,728108.0,0.5707226644405513,4772.0,0.0037405007975606793,Search,2025.0,8.0,10.587874726144706
2025-09-07 00:00:00.000000000,2025-09-28,Télévision,TVA Réseau,52407.46,,,,,,,,Television,2025.0,9.0,
2025-09-07 00:00:00.000000000,2025-09-28,Télévision,TVA Montréal,10522.21,,,,,,,,Television,2025.0,9.0,
2025-09-07 00:00:00.000000000,2025-09-28,Télévision,TVA Québec,3506.31,,,,,,,,Television,2025.0,9.0,
2025-09-07 00:00:00.000000000,2025-09-28,Télévision,LCN Réseau,3525.76,,,,,,,,Television,2025.0,9.0,
2025-09-07 00:00:00.000000000,2025-09-28,Télévision,Radio-Canada Réseau,61635.2,,,,,,,,Television,2025.0,9.0,
2025-09-07 00:00:00.000000000,2025-09-28,Télévision,RDI Réseau,8373.4,,,,,,,,Television,2025.0,9.0,
2025-09-07 00:00:00.000000000,2025-09-28,Télévision,TVA Gatineau (CHOT),4205.0,,,,,,,,Television,2025.0,9.0,
2025-09-10 00:00:00.000000000,2025-09-21,Radio,"HOT 89,9",3480.0,,,,,,,,Audio,2025.0,9.0,
2025-09-10 00:00:00.000000000,2025-09-21,Radio,"LIVE 88,5",2170.0,,,,,,,,Audio,2025.0,9.0,
2025-09-07 00:00:00.000000000,2025-09-28,Numérique,Québecor / Preroll,42000.0,1873107.0,1873107.0,,1780499.0,0.9505591511857038,5035.0,0.002688047185772089,Digital_Branding,2025.0,9.0,22.42263789521901
2025-09-07 00:00:00.000000000,2025-09-28,Numérique,Québecor / Display,14000.0,1867728.0,1867728.0,,,,13691.0,0.007330296488567928,Digital_Branding,2025.0,9.0,7.4957381374589875
2025-09-07 00:00:00.000000000,2025-09-28,Numérique,Bell / Preroll,18000.0,582148.0,582148.0,,573153.0,0.98454860276081,1301.0,0.0022348268825109767,Digital_Branding,2025.0,9.0,30.919972240736033
2025-09-03 00:00:00.000000000,2025-09-30,Numérique,Facebook,7998.79,,1212622.0,,247278.0,0.2039201004105154,2321.0,0.0019140342167633443,Social_Media,2025.0,9.0,6.596276498364701
2025-09-03 00:00:00.000000000,2025-09-30,Numérique,Facebook,6999.8,,1041959.0,,,,10799.0,0.010364131410161053,Social_Media,2025.0,9.0,6.717922682178473
2025-09-01 00:00:00.000000000,2025-09-30,Numérique,Google,2296.63,,163342.0,,,,6208.0,0.038006146612628716,Search,2025.0,9.0,14.060253945709004
2025-09-01 00:00:00.000000000,2025-09-30,Numérique,Google,3651.86,,338663.0,,221900.0,0.6552236293896883,187.0,0.00055217133256364,Search,2025.0,9.0,10.783167927999221
2025-12-04 00:00:00.000000000,2025-01-07,Numérique,Circulaire numérique,10000.0,46674.0,466470.0,,,,1163.0,0.019761771252824932,Circulaire_Digital,2025.0,12.0,21.437605848178876
2025-10-01 00:00:00.000000000,2025-10-31,Numérique,Québecor / Display,7000.0,1694543.0,1694543.0,,,,11639.0,0.006868518532725343,Digital_Branding,2025.0,10.0,4.130907271163966
2025-10-01 00:00:00.000000000,2025-10-31,Numérique,Facebook,7000.0,2787952.0,2787952.0,,,,1500.0,0.0005380293491423094,Social_Media,2025.0,10.0,2.5108036293307774
2025-10-01 00:00:00.000000000,2025-10-14,Radio,98.5,13642.5,88.0,,,,,,,Audio,2025.0,10.0,
2025-10-01 00:00:00.000000000,2025-10-14,Radio,RythmeFM,6417.5,84.0,,,,,,,Audio,2025.0,10.0,
2025-10-01 00:00:00.000000000,2025-10-14,Radio,CKOI,4080.0,68.0,,,,,,,Audio,2025.0,10.0,
2025-10-01 00:00:00.000000000,2025-10-14,Radio,Énergie,6990.0,114.0,,,,,,,Audio,2025.0,10.0,
2025-10-01 00:00:00.000000000,2025-10-14,Radio,Énergie,2200.0,76.0,,,,,,,Audio,2025.0,10.0,
2025-10-01 00:00:00.000000000,2025-10-14,Radio,Rouge,2500.0,92.0,,,,,,,Audio,2025.0,10.0,
2025-10-01 00:00:00.000000000,2025-10-14,Radio,Énergie,1760.0,42.0,,,,,,,Audio,2025.0,10.0,
2025-10-01 00:00:00.000000000,2025-10-14,Radio,Rouge,2599.8,94.0,,,,,,,Audio,2025.0,10.0,
2025-10-01 00:00:00.000000000,2025-10-14,Radio,Énergie,2000.4,108.0,,,,,,,Audio,2025.0,10.0,
2025-10-01 00:00:00.000000000,2025-10-14,Radio,Rouge,1420.0,42.0,,,,,,,Audio,2025.0,10.0,
2025-10-01 00:00:00.000000000,2025-10-14,Radio,Rouge,1200.0,70.0,,,,,,,Audio,2025.0,10.0,
2025-10-01 00:00:00.000000000,2025-10-14,Radio,KYK,2163.59,78.0,,,,,,,Audio,2025.0,10.0,
2025-10-01 00:00:00.000000000,2025-10-14,Radio,FM93,5095.75,157.0,,,,,,,Audio,2025.0,10.0,
2025-10-01 00:00:00.000000000,2025-10-14,Radio,CHOI,4995.0,100.0,,,,,,,Audio,2025.0,10.0,
2025-10-01 00:00:00.000000000,2025-10-14,Radio,VIVA,1000.0,52.0,,,,,,,Audio,2025.0,10.0,
2025-10-01 00:00:00.000000000,2025-10-14,Radio,O',1400.0,76.0,,,,,,,Audio,2025.0,10.0,
2025-10-01 00:00:00.000000000,2025-10-14,Radio,Viva,1518.0,60.0,,,,,,,Audio,2025.0,10.0,
2025-10-01 00:00:00.000000000,2025-10-14,Radio,"HOT 89,9",3712.0,64.0,,,,,,,Audio,2025.0,10.0,
2025-10-01 00:00:00.000000000,2025-10-14,Radio,"LIVE 88,5",2240.0,64.0,,,,,,,Audio,2025.0,10.0,
2025-10-01 00:00:00.000000000,2025-10-14,Numérique,RON,7650.0,562500.0,562500.0,,,,,,Digital_Branding,2025.0,10.0,13.6
