store_code,city,division_code,Week,Forecast_Sales,Lower_CI,Upper_CI
CP08,Longueuil,AP,2025-09-21,1993.62,0.0,8828.87
CP08,Longueuil,AP,2025-09-28,0.0,0.0,4349.74
CP08,Longueuil,AP,2025-10-05,0.0,0.0,0.0
CP08,Longueuil,AP,2025-10-12,0.0,0.0,0.0
CP08,Longueuil,AS,2025-09-21,0.0,0.0,1897.63
CP08,Longueuil,AS,2025-09-28,0.0,0.0,1559.61
CP08,Longueuil,AS,2025-10-05,0.0,0.0,1139.43
CP08,Longueuil,AS,2025-10-12,0.0,0.0,735.42
CP08,Longueuil,AZ,2025-09-21,950.55,113.43,1792.06
CP08,Longueuil,AZ,2025-09-28,1062.28,208.57,1939.86
CP08,Longueuil,AZ,2025-10-05,1174.01,317.61,2075.49
CP08,Longueuil,AZ,2025-10-12,1285.74,458.68,2135.3
CP08,Longueuil,BQ,2025-09-14,909.51,0.0,3970.01
CP08,Longueuil,BQ,2025-09-21,671.9,0.0,3874.12
CP08,Longueuil,BQ,2025-09-28,434.28,0.0,3478.39
CP08,Longueuil,BQ,2025-10-05,196.67,0.0,3258.77
CP08,Longueuil,CH,2025-09-14,0.0,0.0,6426.77
CP08,Longueuil,CH,2025-09-21,0.0,0.0,5060.92
CP08,Longueuil,CH,2025-09-28,0.0,0.0,3218.31
CP08,Longueuil,CH,2025-10-05,0.0,0.0,2077.72
CP08,Longueuil,FI,2025-09-07,1083.48,0.0,3440.92
CP08,Longueuil,FI,2025-09-14,972.06,0.0,3246.32
CP08,Longueuil,FI,2025-09-21,860.63,0.0,3235.05
CP08,Longueuil,FI,2025-09-28,749.2,0.0,3115.27
CP08,Longueuil,GA,2025-09-07,4482.52,0.0,12219.22
CP08,Longueuil,GA,2025-09-14,4232.22,0.0,11938.1
CP08,Longueuil,GA,2025-09-21,3981.91,0.0,11830.36
CP08,Longueuil,GA,2025-09-28,3731.61,0.0,10945.83
CP08,Longueuil,HT,2025-09-14,2741.32,0.0,5971.61
CP08,Longueuil,HT,2025-09-21,2059.64,0.0,5471.04
CP08,Longueuil,HT,2025-09-28,1377.97,0.0,4551.79
CP08,Longueuil,HT,2025-10-05,696.29,0.0,4185.03
CP08,Longueuil,INM,2025-09-07,0.0,0.0,1257.68
CP08,Longueuil,INM,2025-09-14,0.0,0.0,1013.23
CP08,Longueuil,INM,2025-09-21,0.0,0.0,672.83
CP08,Longueuil,INM,2025-09-28,0.0,0.0,371.34
CP08,Longueuil,LI,2025-09-14,284.9,0.0,832.75
CP08,Longueuil,LI,2025-09-21,179.07,0.0,736.57
CP08,Longueuil,LI,2025-09-28,73.25,0.0,658.69
CP08,Longueuil,LI,2025-10-05,0.0,0.0,499.14
CP08,Longueuil,LO,2025-09-21,327.16,0.0,1487.63
CP08,Longueuil,LO,2025-09-28,136.05,0.0,1414.84
CP08,Longueuil,LO,2025-10-05,0.0,0.0,1168.95
CP08,Longueuil,LO,2025-10-12,0.0,0.0,1051.62
CP08,Longueuil,ME,2025-09-21,3224.14,0.0,16523.59
CP08,Longueuil,ME,2025-09-28,540.35,0.0,13318.08
CP08,Longueuil,ME,2025-10-05,0.0,0.0,9674.72
CP08,Longueuil,ME,2025-10-12,0.0,0.0,7888.03
CP08,Longueuil,MK,2025-09-21,8.88,2.35,15.16
CP08,Longueuil,MK,2025-09-28,8.67,2.38,14.75
CP08,Longueuil,MK,2025-10-05,8.46,2.34,14.73
CP08,Longueuil,MK,2025-10-12,8.25,2.03,13.93
CP08,Longueuil,PA,2025-09-21,768.91,0.0,4381.9
CP08,Longueuil,PA,2025-09-28,317.52,0.0,3601.09
CP08,Longueuil,PA,2025-10-05,0.0,0.0,3168.89
CP08,Longueuil,PA,2025-10-12,0.0,0.0,2723.02
CP08,Longueuil,PC,2025-09-21,6011.88,1157.91,11645.17
CP08,Longueuil,PC,2025-09-28,3735.4,0.0,9028.56
CP08,Longueuil,PC,2025-10-05,1458.92,0.0,6650.15
CP08,Longueuil,PC,2025-10-12,0.0,0.0,4510.94
CP08,Longueuil,PI,2025-09-21,0.0,0.0,2161.47
CP08,Longueuil,PI,2025-09-28,0.0,0.0,1128.28
CP08,Longueuil,PI,2025-10-05,0.0,0.0,521.5
CP08,Longueuil,PI,2025-10-12,0.0,0.0,0.0
CP08,Longueuil,SE,2025-09-07,176.92,0.0,1281.18
CP08,Longueuil,SE,2025-09-14,6.75,0.0,1142.82
CP08,Longueuil,SE,2025-09-21,0.0,0.0,793.0
CP08,Longueuil,SE,2025-09-28,0.0,0.0,873.92
CP08,Longueuil,TO,2025-09-07,861.56,0.0,3782.11
CP08,Longueuil,TO,2025-09-14,580.35,0.0,3497.07
CP08,Longueuil,TO,2025-09-21,299.14,0.0,3401.86
CP08,Longueuil,TO,2025-09-28,17.93,0.0,2747.46
CP202,Nepean,AP,2025-09-21,2756.66,0.0,10457.17
CP202,Nepean,AP,2025-09-28,1017.65,0.0,9815.5
CP202,Nepean,AP,2025-10-05,0.0,0.0,7772.8
CP202,Nepean,AP,2025-10-12,0.0,0.0,5455.71
CP202,Nepean,AS,2025-09-21,620.38,0.0,2552.1
CP202,Nepean,AS,2025-09-28,297.69,0.0,2353.79
CP202,Nepean,AS,2025-10-05,0.0,0.0,2103.56
CP202,Nepean,AS,2025-10-12,0.0,0.0,1596.54
CP202,Nepean,DI,2025-09-21,43.8,0.0,236.08
CP202,Nepean,DI,2025-09-28,39.23,0.0,222.67
CP202,Nepean,DI,2025-10-05,34.66,0.0,220.39
CP202,Nepean,DI,2025-10-12,30.08,0.0,231.04
CP202,Nepean,GA,2025-09-07,5003.13,0.0,19898.99
CP202,Nepean,GA,2025-09-14,3142.57,0.0,15682.6
CP202,Nepean,GA,2025-09-21,1282.01,0.0,14768.86
CP202,Nepean,GA,2025-09-28,0.0,0.0,13393.89
CP202,Nepean,IN,2025-08-31,0.0,0.0,1527.39
CP202,Nepean,IN,2025-09-07,0.0,0.0,1222.67
CP202,Nepean,IN,2025-09-14,0.0,0.0,969.23
CP202,Nepean,IN,2025-09-21,0.0,0.0,659.88
CP202,Nepean,LI,2025-09-07,441.69,0.0,1697.52
CP202,Nepean,LI,2025-09-14,254.08,0.0,1585.24
CP202,Nepean,LI,2025-09-21,66.47,0.0,1338.1
CP202,Nepean,LI,2025-09-28,0.0,0.0,1120.45
CP202,Nepean,LO,2025-09-21,703.45,169.01,1226.82
CP202,Nepean,LO,2025-09-28,681.6,134.43,1209.01
CP202,Nepean,LO,2025-10-05,659.75,129.3,1194.06
CP202,Nepean,LO,2025-10-12,637.9,72.11,1175.82
CP202,Nepean,ME,2025-09-21,6892.96,0.0,15094.84
CP202,Nepean,ME,2025-09-28,4827.56,0.0,13481.11
CP202,Nepean,ME,2025-10-05,2762.16,0.0,10906.24
CP202,Nepean,ME,2025-10-12,696.75,0.0,8964.1
CP202,Nepean,MK,2025-09-14,104.1,0.0,332.09
CP202,Nepean,MK,2025-09-21,104.79,0.0,329.43
CP202,Nepean,MK,2025-09-28,105.48,0.0,336.72
CP202,Nepean,MK,2025-10-05,106.17,0.0,338.5
CP202,Nepean,PA,2025-09-14,2764.2,0.0,5942.8
CP202,Nepean,PA,2025-09-21,2458.8,0.0,5765.98
CP202,Nepean,PA,2025-09-28,2153.41,0.0,5150.94
CP202,Nepean,PA,2025-10-05,1848.02,0.0,4923.32
CP202,Nepean,PC,2025-09-21,4127.8,0.0,10707.31
CP202,Nepean,PC,2025-09-28,2086.03,0.0,8619.73
CP202,Nepean,PC,2025-10-05,44.26,0.0,6256.93
CP202,Nepean,PC,2025-10-12,0.0,0.0,4824.38
CP202,Nepean,PI,2025-09-21,554.36,0.0,2632.62
CP202,Nepean,PI,2025-09-28,217.52,0.0,2205.29
CP202,Nepean,PI,2025-10-05,0.0,0.0,1893.39
CP202,Nepean,PI,2025-10-12,0.0,0.0,1452.28
CP202,Nepean,SP,2025-08-31,12928.72,0.0,48096.73
CP202,Nepean,SP,2025-09-07,9758.91,0.0,42372.49
CP202,Nepean,SP,2025-09-14,6589.09,0.0,40244.84
CP202,Nepean,SP,2025-09-21,3419.28,0.0,38440.67
CP37,Gatineau,AP,2025-09-21,2331.94,0.0,17953.29
CP37,Gatineau,AP,2025-09-28,0.0,0.0,13069.23
CP37,Gatineau,AP,2025-10-05,0.0,0.0,7071.48
CP37,Gatineau,AP,2025-10-12,0.0,0.0,1794.39
CP37,Gatineau,AS,2025-09-21,1565.36,0.0,3856.36
CP37,Gatineau,AS,2025-09-28,1313.19,0.0,3542.66
CP37,Gatineau,AS,2025-10-05,1061.02,0.0,3511.87
CP37,Gatineau,AS,2025-10-12,808.85,0.0,3118.65
CP37,Gatineau,BQ,2025-09-21,0.0,0.0,1749.72
CP37,Gatineau,BQ,2025-09-28,0.0,0.0,1430.7
CP37,Gatineau,BQ,2025-10-05,0.0,0.0,1380.57
CP37,Gatineau,BQ,2025-10-12,0.0,0.0,938.53
CP37,Gatineau,CH,2025-09-21,0.0,0.0,9800.03
CP37,Gatineau,CH,2025-09-28,0.0,0.0,7715.03
CP37,Gatineau,CH,2025-10-05,0.0,0.0,5907.62
CP37,Gatineau,CH,2025-10-12,0.0,0.0,5592.64
CP37,Gatineau,DI,2025-09-14,45.17,0.0,124.97
CP37,Gatineau,DI,2025-09-21,41.14,0.0,113.88
CP37,Gatineau,DI,2025-09-28,37.11,0.0,115.61
CP37,Gatineau,DI,2025-10-05,33.09,0.0,106.26
CP37,Gatineau,GA,2025-09-14,7941.41,0.0,28966.45
CP37,Gatineau,GA,2025-09-21,7216.19,0.0,29633.23
CP37,Gatineau,GA,2025-09-28,6490.97,0.0,28093.5
CP37,Gatineau,GA,2025-10-05,5765.75,0.0,27747.32
CP37,Gatineau,HT,2025-08-31,9478.56,0.0,19383.29
CP37,Gatineau,HT,2025-09-07,7717.35,0.0,18793.49
CP37,Gatineau,HT,2025-09-14,5956.15,0.0,16278.86
CP37,Gatineau,HT,2025-09-21,4194.94,0.0,13721.71
CP37,Gatineau,IN,2025-09-07,0.0,0.0,379.59
CP37,Gatineau,IN,2025-09-14,0.0,0.0,0.0
CP37,Gatineau,IN,2025-09-21,0.0,0.0,0.0
CP37,Gatineau,IN,2025-09-28,0.0,0.0,0.0
CP37,Gatineau,LI,2025-09-14,751.41,0.0,2174.64
CP37,Gatineau,LI,2025-09-21,623.2,0.0,2071.47
CP37,Gatineau,LI,2025-09-28,494.99,0.0,1977.37
CP37,Gatineau,LI,2025-10-05,366.78,0.0,1844.94
CP37,Gatineau,LO,2025-09-14,1502.86,0.0,3017.01
CP37,Gatineau,LO,2025-09-21,1328.07,0.0,2880.38
CP37,Gatineau,LO,2025-09-28,1153.29,0.0,2679.41
CP37,Gatineau,LO,2025-10-05,978.51,0.0,2382.38
CP37,Gatineau,ME,2025-09-21,22071.13,13104.55,31524.01
CP37,Gatineau,ME,2025-09-28,20470.12,12530.41,29361.95
CP37,Gatineau,ME,2025-10-05,18869.11,9240.29,27696.14
CP37,Gatineau,ME,2025-10-12,17268.1,7190.76,25873.04
CP37,Gatineau,MK,2025-09-14,155.6,0.0,496.28
CP37,Gatineau,MK,2025-09-21,150.46,0.0,507.88
CP37,Gatineau,MK,2025-09-28,145.31,0.0,495.72
CP37,Gatineau,MK,2025-10-05,140.17,0.0,494.41
CP37,Gatineau,PA,2025-09-14,2436.47,0.0,4891.04
CP37,Gatineau,PA,2025-09-21,2342.84,0.0,4747.99
CP37,Gatineau,PA,2025-09-28,2249.2,0.0,4801.77
CP37,Gatineau,PA,2025-10-05,2155.57,0.0,4652.12
CP37,Gatineau,PC,2025-09-21,7327.22,0.0,19369.21
CP37,Gatineau,PC,2025-09-28,3004.97,0.0,15267.04
CP37,Gatineau,PC,2025-10-05,0.0,0.0,10587.55
CP37,Gatineau,PC,2025-10-12,0.0,0.0,6618.32
CP37,Gatineau,PI,2025-09-21,0.0,0.0,1172.41
CP37,Gatineau,PI,2025-09-28,0.0,0.0,0.0
CP37,Gatineau,PI,2025-10-05,0.0,0.0,0.0
CP37,Gatineau,PI,2025-10-12,0.0,0.0,0.0
CP37,Gatineau,SE,2025-09-07,18.41,0.0,492.78
CP37,Gatineau,SE,2025-09-14,0.0,0.0,447.1
CP37,Gatineau,SE,2025-09-21,0.0,0.0,344.08
CP37,Gatineau,SE,2025-09-28,0.0,0.0,328.9
CP37,Gatineau,TO,2025-09-14,0.0,0.0,1142.53
CP37,Gatineau,TO,2025-09-21,0.0,0.0,297.99
CP37,Gatineau,TO,2025-09-28,0.0,0.0,0.0
CP37,Gatineau,TO,2025-10-05,0.0,0.0,0.0
CP44,St-Constant,AP,2025-09-21,0.0,0.0,1613.57
CP44,St-Constant,AP,2025-09-28,0.0,0.0,0.0
CP44,St-Constant,AP,2025-10-05,0.0,0.0,0.0
CP44,St-Constant,AP,2025-10-12,0.0,0.0,0.0
CP44,St-Constant,AS,2025-09-21,154.35,0.0,1059.48
CP44,St-Constant,AS,2025-09-28,0.0,0.0,883.5
CP44,St-Constant,AS,2025-10-05,0.0,0.0,630.5
CP44,St-Constant,AS,2025-10-12,0.0,0.0,503.35
CP44,St-Constant,AZ,2025-09-21,508.61,268.18,767.93
CP44,St-Constant,AZ,2025-09-28,549.38,302.11,824.22
CP44,St-Constant,AZ,2025-10-05,590.14,327.15,847.4
CP44,St-Constant,AZ,2025-10-12,630.9,391.64,873.37
CP44,St-Constant,BQ,2025-09-21,79.21,0.0,2513.62
CP44,St-Constant,BQ,2025-09-28,0.0,0.0,2609.0
CP44,St-Constant,BQ,2025-10-05,0.0,0.0,2210.35
CP44,St-Constant,BQ,2025-10-12,0.0,0.0,2169.41
CP44,St-Constant,CH,2025-09-21,0.0,0.0,2806.76
CP44,St-Constant,CH,2025-09-28,0.0,0.0,2116.28
CP44,St-Constant,CH,2025-10-05,0.0,0.0,670.91
CP44,St-Constant,CH,2025-10-12,0.0,0.0,0.0
CP44,St-Constant,GA,2025-09-14,0.0,0.0,4620.64
CP44,St-Constant,GA,2025-09-21,0.0,0.0,3691.02
CP44,St-Constant,GA,2025-09-28,0.0,0.0,3091.3
CP44,St-Constant,GA,2025-10-05,0.0,0.0,1862.01
CP44,St-Constant,IN,2025-09-07,0.0,0.0,2809.2
CP44,St-Constant,IN,2025-09-14,0.0,0.0,2356.31
CP44,St-Constant,IN,2025-09-21,0.0,0.0,1525.43
CP44,St-Constant,IN,2025-09-28,0.0,0.0,1095.12
CP44,St-Constant,LI,2025-09-21,13.42,0.0,716.65
CP44,St-Constant,LI,2025-09-28,0.0,0.0,604.25
CP44,St-Constant,LI,2025-10-05,0.0,0.0,578.59
CP44,St-Constant,LI,2025-10-12,0.0,0.0,452.41
CP44,St-Constant,LO,2025-09-21,664.44,66.15,1306.16
CP44,St-Constant,LO,2025-09-28,520.03,0.0,1210.9
CP44,St-Constant,LO,2025-10-05,375.62,0.0,981.75
CP44,St-Constant,LO,2025-10-12,231.22,0.0,840.86
CP44,St-Constant,ME,2025-09-21,0.0,0.0,10361.84
CP44,St-Constant,ME,2025-09-28,0.0,0.0,8889.03
CP44,St-Constant,ME,2025-10-05,0.0,0.0,8198.13
CP44,St-Constant,ME,2025-10-12,0.0,0.0,6733.22
CP44,St-Constant,MK,2025-09-14,3.01,0.0,7.75
CP44,St-Constant,MK,2025-09-21,3.09,0.0,8.11
CP44,St-Constant,MK,2025-09-28,3.16,0.0,8.09
CP44,St-Constant,MK,2025-10-05,3.23,0.0,8.33
CP44,St-Constant,PA,2025-09-21,88.31,0.0,1700.94
CP44,St-Constant,PA,2025-09-28,0.0,0.0,1516.24
CP44,St-Constant,PA,2025-10-05,0.0,0.0,1357.32
CP44,St-Constant,PA,2025-10-12,0.0,0.0,1112.66
CP44,St-Constant,PC,2025-09-21,7654.08,4545.32,10897.84
CP44,St-Constant,PC,2025-09-28,6635.14,3606.64,9819.15
CP44,St-Constant,PC,2025-10-05,5616.19,2570.62,8752.68
CP44,St-Constant,PC,2025-10-12,4597.25,1690.63,7867.4
CP44,St-Constant,PI,2025-09-21,0.0,0.0,251.06
CP44,St-Constant,PI,2025-09-28,0.0,0.0,0.0
CP44,St-Constant,PI,2025-10-05,0.0,0.0,0.0
CP44,St-Constant,PI,2025-10-12,0.0,0.0,0.0
CP44,St-Constant,SE,2025-09-07,0.01,0.0,364.62
CP44,St-Constant,SE,2025-09-14,0.0,0.0,348.14
CP44,St-Constant,SE,2025-09-21,0.0,0.0,282.46
CP44,St-Constant,SE,2025-09-28,0.0,0.0,236.21
CP44,St-Constant,TO,2025-09-07,0.0,0.0,804.04
CP44,St-Constant,TO,2025-09-14,0.0,0.0,649.71
CP44,St-Constant,TO,2025-09-21,0.0,0.0,576.17
CP44,St-Constant,TO,2025-09-28,0.0,0.0,339.77
CP48,Beloeil,AP,2025-09-21,0.0,0.0,2954.59
CP48,Beloeil,AP,2025-09-28,0.0,0.0,0.0
CP48,Beloeil,AP,2025-10-05,0.0,0.0,0.0
CP48,Beloeil,AP,2025-10-12,0.0,0.0,0.0
CP48,Beloeil,AS,2025-09-21,1103.57,136.32,1990.14
CP48,Beloeil,AS,2025-09-28,956.68,0.0,1860.02
CP48,Beloeil,AS,2025-10-05,809.8,0.0,1784.82
CP48,Beloeil,AS,2025-10-12,662.91,0.0,1695.82
CP48,Beloeil,AZ,2025-09-21,1106.81,629.44,1586.37
CP48,Beloeil,AZ,2025-09-28,1217.16,746.76,1688.2
CP48,Beloeil,AZ,2025-10-05,1327.51,803.11,1790.5
CP48,Beloeil,AZ,2025-10-12,1437.86,911.81,1898.65
CP48,Beloeil,BQ,2025-09-21,0.0,0.0,975.61
CP48,Beloeil,BQ,2025-09-28,0.0,0.0,662.23
CP48,Beloeil,BQ,2025-10-05,0.0,0.0,368.39
CP48,Beloeil,BQ,2025-10-12,0.0,0.0,0.0
CP48,Beloeil,CH,2025-09-21,0.0,0.0,1401.06
CP48,Beloeil,CH,2025-09-28,0.0,0.0,507.73
CP48,Beloeil,CH,2025-10-05,0.0,0.0,0.0
CP48,Beloeil,CH,2025-10-12,0.0,0.0,0.0
CP48,Beloeil,GA,2025-09-14,3414.2,0.0,10882.34
CP48,Beloeil,GA,2025-09-21,3096.79,0.0,10298.23
CP48,Beloeil,GA,2025-09-28,2779.37,0.0,9602.93
CP48,Beloeil,GA,2025-10-05,2461.95,0.0,9548.24
CP48,Beloeil,IN,2025-09-07,849.36,0.0,3364.34
CP48,Beloeil,IN,2025-09-14,257.95,0.0,2948.87
CP48,Beloeil,IN,2025-09-21,0.0,0.0,1931.85
CP48,Beloeil,IN,2025-09-28,0.0,0.0,1286.1
CP48,Beloeil,LI,2025-09-14,192.66,0.0,1154.24
CP48,Beloeil,LI,2025-09-21,103.51,0.0,1023.27
CP48,Beloeil,LI,2025-09-28,14.35,0.0,973.77
CP48,Beloeil,LI,2025-10-05,0.0,0.0,789.42
CP48,Beloeil,LO,2025-09-21,324.56,0.0,1703.1
CP48,Beloeil,LO,2025-09-28,0.0,0.0,1506.66
CP48,Beloeil,LO,2025-10-05,0.0,0.0,1050.3
CP48,Beloeil,LO,2025-10-12,0.0,0.0,703.7
CP48,Beloeil,ME,2025-09-21,4854.68,0.0,11599.48
CP48,Beloeil,ME,2025-09-28,2693.57,0.0,8881.78
CP48,Beloeil,ME,2025-10-05,532.46,0.0,7814.16
CP48,Beloeil,ME,2025-10-12,0.0,0.0,5058.51
CP48,Beloeil,PA,2025-09-14,1124.12,0.0,3470.21
CP48,Beloeil,PA,2025-09-21,988.44,0.0,3250.29
CP48,Beloeil,PA,2025-09-28,852.75,0.0,3055.91
CP48,Beloeil,PA,2025-10-05,717.07,0.0,3087.59
CP48,Beloeil,PC,2025-09-21,6084.41,2116.83,10516.65
CP48,Beloeil,PC,2025-09-28,3669.52,0.0,7710.35
CP48,Beloeil,PC,2025-10-05,1254.63,0.0,5222.89
CP48,Beloeil,PC,2025-10-12,0.0,0.0,2665.25
CP48,Beloeil,PI,2025-09-21,0.0,0.0,831.22
CP48,Beloeil,PI,2025-09-28,0.0,0.0,372.17
CP48,Beloeil,PI,2025-10-05,0.0,0.0,0.0
CP48,Beloeil,PI,2025-10-12,0.0,0.0,0.0
CP48,Beloeil,SE,2025-09-14,93.39,0.0,283.61
CP48,Beloeil,SE,2025-09-21,67.61,0.0,256.85
CP48,Beloeil,SE,2025-09-28,41.82,0.0,237.33
CP48,Beloeil,SE,2025-10-05,16.03,0.0,214.8
CP48,Beloeil,TO,2025-09-21,0.0,0.0,1750.94
CP48,Beloeil,TO,2025-09-28,0.0,0.0,1439.23
CP48,Beloeil,TO,2025-10-05,0.0,0.0,1222.05
CP48,Beloeil,TO,2025-10-12,0.0,0.0,1001.9
