store_code,city,division_code,MAPE,wMAPE,RMSE,MAE,Bias,Avg_Sales,Train_Weeks,Test_Weeks,Regressors
CP08,Longueuil,AP,0.768,0.5897,8615.35,6653.35,6653.35,11282.61,11,4,"avg_temp, bad_weather_days, snow_days, has_holiday"
CP08,Longueuil,AS,4.7699,3.3504,4262.12,3817.42,-3817.42,1139.38,11,4,"avg_temp, bad_weather_days, snow_days, has_holiday"
CP08,Longueuil,AZ,0.9092,0.9586,2013.18,1628.72,-1628.72,1699.15,11,4,"avg_temp, bad_weather_days, snow_days, has_holiday"
CP08,Longueuil,BQ,33.2335,2.8846,3788.2,3694.86,-3694.86,1280.88,10,4,"avg_temp, bad_weather_days, snow_days, has_holiday"
CP08,Longueuil,CH,5.4967,2.3957,10131.43,9650.32,-9650.32,4028.23,10,4,"avg_temp, bad_weather_days, snow_days, has_holiday"
CP08,Longueuil,FI,1.248,1.0218,2085.73,1682.07,-1682.07,1646.14,9,4,"avg_temp, bad_weather_days, snow_days, has_holiday"
CP08,Longueuil,GA,7.4375,1.0745,8374.7,6473.74,-3145.75,6024.96,8,4,"avg_temp, bad_weather_days, snow_days, has_holiday"
CP08,Longueuil,HT,0.7263,0.566,2670.7,2341.46,2249.53,4136.74,9,4,"avg_temp, bad_weather_days, snow_days, has_holiday"
CP08,Longueuil,INM,,1.9633,1113.34,1025.8,245.58,522.49,8,4,"avg_temp, bad_weather_days, snow_days, has_holiday"
CP08,Longueuil,LI,0.8534,0.4045,209.72,173.93,-41.01,429.97,10,4,"avg_temp, bad_weather_days, snow_days, has_holiday"
CP08,Longueuil,LO,25.5626,18.5913,4389.61,4284.18,4284.18,230.44,11,4,"avg_temp, bad_weather_days, snow_days, has_holiday"
CP08,Longueuil,ME,0.6823,0.8,12242.08,7906.22,-4373.74,9882.78,11,4,"avg_temp, bad_weather_days, snow_days, has_holiday"
CP08,Longueuil,MK,2.6653,2.2748,15.24,14.22,14.22,6.25,9,4,"avg_temp, bad_weather_days, snow_days, has_holiday"
CP08,Longueuil,PA,12.9413,3.3204,4645.44,4344.55,4344.55,1308.46,11,4,"avg_temp, bad_weather_days, snow_days, has_holiday"
CP08,Longueuil,PC,0.6295,0.3723,4462.6,4025.76,-1411.02,10812.09,11,4,"avg_temp, bad_weather_days, snow_days, has_holiday"
CP08,Longueuil,PI,2.3067,1.9542,3249.1,2870.21,2870.21,1468.71,11,4,"avg_temp, bad_weather_days, snow_days, has_holiday"
CP08,Longueuil,SE,,1.6203,1269.89,1117.95,-914.94,689.97,9,4,"avg_temp, bad_weather_days, snow_days, has_holiday"
CP08,Longueuil,TO,1.0835,0.9867,2598.48,1915.14,633.44,1940.99,9,4,"avg_temp, bad_weather_days, snow_days, has_holiday"
CP202,Nepean,AP,15.8309,9.2768,30242.16,28505.69,-28505.69,3072.8,11,4,"avg_temp, bad_weather_days, snow_days, has_holiday"
CP202,Nepean,AS,2.9176,0.8311,2138.87,1565.5,1071.18,1883.72,11,4,"avg_temp, bad_weather_days, snow_days, has_holiday"
CP202,Nepean,DI,,9.3024,529.28,502.0,-502.0,53.96,11,4,"avg_temp, bad_weather_days, snow_days, has_holiday"
CP202,Nepean,GA,2.167,2.1469,30751.79,21146.39,-17748.0,9849.72,9,4,"avg_temp, bad_weather_days, snow_days, has_holiday"
CP202,Nepean,IN,,3.0087,2597.74,2342.98,-2342.98,778.75,8,4,"avg_temp, bad_weather_days, snow_days, has_holiday"
CP202,Nepean,LI,8.9121,5.1882,3357.55,2924.64,2924.64,563.71,9,4,"avg_temp, bad_weather_days, snow_days, has_holiday"
CP202,Nepean,LO,17.7749,3.0485,841.55,817.51,817.51,268.17,11,4,"avg_temp, bad_weather_days, snow_days, has_holiday"
CP202,Nepean,ME,13.6128,2.4604,10377.61,8981.78,-8956.45,3650.59,11,4,"avg_temp, bad_weather_days, snow_days, has_holiday"
CP202,Nepean,MK,126.6528,5.1368,314.79,287.33,287.33,55.94,9,4,"avg_temp, bad_weather_days, snow_days, has_holiday"
CP202,Nepean,PA,,0.6116,2504.81,1988.59,-263.83,3251.65,10,4,"avg_temp, bad_weather_days, snow_days, has_holiday"
CP202,Nepean,PC,1.6069,0.5359,7060.8,4845.82,4844.32,9043.21,11,4,"avg_temp, bad_weather_days, snow_days, has_holiday"
CP202,Nepean,PI,4.1341,3.358,5387.83,5132.99,-5132.99,1528.6,11,4,"avg_temp, bad_weather_days, snow_days, has_holiday"
CP202,Nepean,SP,7.0487,6.2531,73250.19,72435.5,72435.5,11584.0,8,4,"avg_temp, bad_weather_days, snow_days, has_holiday"
CP37,Gatineau,AP,6.9351,2.3634,22157.83,21293.35,-21293.35,9009.8,11,4,"avg_temp, bad_weather_days, snow_days, has_holiday"
CP37,Gatineau,AS,15.4853,4.2468,9619.28,9368.11,9368.11,2205.94,11,4,"avg_temp, bad_weather_days, snow_days, has_holiday"
CP37,Gatineau,BQ,48.5142,3.9226,2199.57,1930.69,1930.69,492.2,11,4,"avg_temp, bad_weather_days, snow_days, has_holiday"
CP37,Gatineau,CH,13.6948,6.3768,29749.58,26380.78,26380.78,4136.99,9,4,"avg_temp, bad_weather_days, snow_days, has_holiday"
CP37,Gatineau,DI,6.2113,1.247,118.82,111.28,88.06,89.24,10,4,"avg_temp, bad_weather_days, snow_days, has_holiday"
CP37,Gatineau,GA,21.9318,3.4735,52552.38,40602.53,24436.74,11689.07,9,4,"avg_temp, bad_weather_days, snow_days, has_holiday"
CP37,Gatineau,HT,0.7681,0.4917,8091.85,7405.24,-752.8,15059.33,8,4,"avg_temp, bad_weather_days, snow_days, has_holiday"
CP37,Gatineau,IN,,5.3397,2959.0,2402.86,-1108.23,450.0,9,4,"avg_temp, bad_weather_days, snow_days, has_holiday"
CP37,Gatineau,LI,17.737,7.0321,2830.2,2687.87,2687.87,382.23,10,4,"avg_temp, bad_weather_days, snow_days, has_holiday"
CP37,Gatineau,LO,1.4502,0.4951,650.04,489.45,-176.66,988.57,10,4,"avg_temp, bad_weather_days, snow_days, has_holiday"
CP37,Gatineau,ME,6.2981,2.1543,28644.94,27823.58,27823.58,12915.09,11,4,"avg_temp, bad_weather_days, snow_days, has_holiday"
CP37,Gatineau,MK,29.7341,18.5058,784.46,734.54,734.54,39.69,10,4,"avg_temp, bad_weather_days, snow_days, has_holiday"
CP37,Gatineau,PA,1.7801,1.5966,4302.46,3796.14,-3271.27,2377.63,10,4,"avg_temp, bad_weather_days, snow_days, has_holiday"
CP37,Gatineau,PC,2.314,0.793,16806.91,13721.37,13721.37,17303.71,11,4,"avg_temp, bad_weather_days, snow_days, has_holiday"
CP37,Gatineau,PI,1.4468,0.5487,1756.97,1240.56,-536.84,2260.72,11,4,"avg_temp, bad_weather_days, snow_days, has_holiday"
CP37,Gatineau,SE,2.1873,1.7004,590.97,533.5,-533.5,313.75,8,4,"avg_temp, bad_weather_days, snow_days, has_holiday"
CP37,Gatineau,TO,2.9466,2.2365,1613.15,1373.75,779.46,614.24,10,4,"avg_temp, bad_weather_days, snow_days, has_holiday"
CP44,St-Constant,AP,2.2103,1.1278,5719.26,4809.9,-4242.55,4264.88,11,4,"avg_temp, bad_weather_days, snow_days, has_holiday"
CP44,St-Constant,AS,1.492,1.1792,1411.27,1382.81,-1382.81,1172.63,11,4,"avg_temp, bad_weather_days, snow_days, has_holiday"
CP44,St-Constant,AZ,0.6311,0.6847,550.96,481.92,-481.92,703.79,11,4,"avg_temp, bad_weather_days, snow_days, has_holiday"
CP44,St-Constant,BQ,18.9201,4.4834,3028.25,2840.68,2840.68,633.59,11,4,"avg_temp, bad_weather_days, snow_days, has_holiday"
CP44,St-Constant,CH,33.3465,2.8192,7996.01,6744.82,5441.24,2392.47,10,4,"avg_temp, bad_weather_days, snow_days, has_holiday"
CP44,St-Constant,GA,5.2921,1.498,3182.07,2752.54,428.27,1837.48,9,4,"avg_temp, bad_weather_days, snow_days, has_holiday"
CP44,St-Constant,IN,0.5266,0.6868,1308.62,897.94,-844.21,1307.49,9,4,"avg_temp, bad_weather_days, snow_days, has_holiday"
CP44,St-Constant,LI,,2.9261,388.91,241.37,230.89,82.49,11,4,"avg_temp, bad_weather_days, snow_days, has_holiday"
CP44,St-Constant,LO,1.4379,1.1219,579.46,507.16,478.34,452.07,11,4,"avg_temp, bad_weather_days, snow_days, has_holiday"
CP44,St-Constant,ME,60.6053,16.7484,25812.18,24890.65,24890.65,1486.15,11,4,"avg_temp, bad_weather_days, snow_days, has_holiday"
CP44,St-Constant,MK,,1.7651,4.74,4.41,0.77,2.5,8,4,"avg_temp, bad_weather_days, snow_days, has_holiday"
CP44,St-Constant,PA,8.1929,1.097,1447.42,1138.58,169.54,1037.94,10,4,"avg_temp, bad_weather_days, snow_days, has_holiday"
CP44,St-Constant,PC,0.6114,0.4184,3320.75,2906.25,2906.25,6946.25,11,4,"avg_temp, bad_weather_days, snow_days, has_holiday"
CP44,St-Constant,PI,6.5919,4.3276,1685.69,1640.16,1640.16,379.0,11,4,"avg_temp, bad_weather_days, snow_days, has_holiday"
CP44,St-Constant,SE,,37.7317,566.68,565.79,565.79,15.0,8,4,"avg_temp, bad_weather_days, snow_days, has_holiday"
CP44,St-Constant,TO,1.474,1.0963,545.31,517.98,-517.98,472.48,8,4,"avg_temp, bad_weather_days, snow_days, has_holiday"
CP48,Beloeil,AP,0.4314,0.3544,2591.19,2515.74,1044.34,7097.74,11,4,"avg_temp, bad_weather_days, snow_days, has_holiday"
CP48,Beloeil,AS,2.5752,1.9004,1298.89,1244.52,1244.52,654.88,11,4,"avg_temp, bad_weather_days, snow_days, has_holiday"
CP48,Beloeil,AZ,0.6681,0.6919,1162.37,1050.06,-1050.06,1517.59,11,4,"avg_temp, bad_weather_days, snow_days, has_holiday"
CP48,Beloeil,BQ,20.4015,3.4584,3835.09,3698.62,-3698.62,1069.45,11,4,"avg_temp, bad_weather_days, snow_days, has_holiday"
CP48,Beloeil,CH,52.2697,2.5844,5085.37,4846.58,4846.58,1875.35,11,4,"avg_temp, bad_weather_days, snow_days, has_holiday"
CP48,Beloeil,GA,9.0497,1.8316,3979.33,3912.61,1948.32,2136.23,10,4,"avg_temp, bad_weather_days, snow_days, has_holiday"
CP48,Beloeil,IN,4.7722,1.2674,2811.85,2392.29,2392.29,1887.49,8,4,"avg_temp, bad_weather_days, snow_days, has_holiday"
CP48,Beloeil,LI,,5.757,2397.84,2014.82,2014.82,349.98,10,4,"avg_temp, bad_weather_days, snow_days, has_holiday"
CP48,Beloeil,LO,6.1316,3.7844,1504.16,1208.75,-956.48,319.4,11,4,"avg_temp, bad_weather_days, snow_days, has_holiday"
CP48,Beloeil,ME,22.6491,2.3686,5221.15,5095.75,-2826.09,2151.4,11,4,"avg_temp, bad_weather_days, snow_days, has_holiday"
CP48,Beloeil,PA,25.6915,7.3754,5256.65,4796.0,4796.0,650.27,10,4,"avg_temp, bad_weather_days, snow_days, has_holiday"
CP48,Beloeil,PC,1.3097,0.7672,8359.16,7690.32,7690.32,10023.78,11,4,"avg_temp, bad_weather_days, snow_days, has_holiday"
CP48,Beloeil,PI,,4.7079,2742.1,2499.76,-2499.76,530.98,11,4,"avg_temp, bad_weather_days, snow_days, has_holiday"
CP48,Beloeil,SE,1.189,0.8039,264.8,203.97,-185.36,253.72,10,4,"avg_temp, bad_weather_days, snow_days, has_holiday"
CP48,Beloeil,TO,2.8238,2.7347,1425.02,1343.38,1343.38,491.24,11,4,"avg_temp, bad_weather_days, snow_days, has_holiday"
