store_code,city,division_code,regime,ADI,CV2,n_weeks,mean_units,pct_zero
CP01 - Québec,Québec,AM,erratic,1.0,0.777,31,4.97,0.0
CP01 - Québec,Québec,AP,erratic,1.0,1.622,87,904.14,0.0
CP01 - Québec,Québec,AS,erratic,1.0,0.63,86,74.34,0.0
CP01 - Québec,Québec,AZ,erratic,1.0,2.976,54,78.52,0.0
CP01 - Québec,Québec,BQ,erratic,1.0,1.025,61,15.38,0.0
CP01 - Québec,Québec,CC,erratic,1.023,3.288,45,5.38,2.2
CP01 - Québec,Québec,CH,erratic,1.0,0.944,71,9.14,0.0
CP01 - Québec,Québec,CR,erratic,1.028,15.231,37,5.14,2.7
CP01 - Québec,Québec,DI,smooth,1.0,0.0,5,1.0,0.0
CP01 - Québec,Québec,FI,erratic,1.016,0.72,64,10.38,1.6
CP01 - Québec,Québec,GA,erratic,1.013,2.137,80,16.84,1.2
CP01 - Québec,Québec,HT,lumpy,16.25,0.708,65,0.14,93.8
CP01 - Québec,Québec,IN,erratic,1.158,1.017,66,4.44,13.6
CP01 - Québec,Québec,LO,erratic,1.0,2.097,68,74.65,0.0
CP01 - Québec,Québec,ME,erratic,1.0,2.045,88,127.14,0.0
CP01 - Québec,Québec,PA,erratic,1.0,2.717,44,25.8,0.0
CP01 - Québec,Québec,PC,erratic,1.0,1.454,81,533.19,0.0
CP01 - Québec,Québec,PI,erratic,1.0,1.698,85,233.32,0.0
CP01 - Québec,Québec,SA,erratic,1.0,1.057,12,2.92,0.0
CP01 - Québec,Québec,SP,erratic,1.015,0.565,66,4.64,1.5
CP01 - Québec,Québec,TO,erratic,1.0,0.764,70,11.71,0.0
CP02 - Blainville,Blainville,AP,erratic,1.0,1.813,114,322.97,0.0
CP02 - Blainville,Blainville,AS,smooth,1.0,0.339,117,26.05,0.0
CP02 - Blainville,Blainville,BQ,erratic,1.028,0.801,74,5.42,2.7
CP02 - Blainville,Blainville,CA,smooth,1.0,0.0,5,1.0,0.0
CP02 - Blainville,Blainville,CC,lumpy,inf,inf,57,0.0,100.0
CP02 - Blainville,Blainville,CH,erratic,1.0,0.674,76,6.83,0.0
CP02 - Blainville,Blainville,CR,smooth,1.0,0.0,12,1.0,0.0
CP02 - Blainville,Blainville,FI,erratic,1.036,1.809,86,4.73,3.5
CP02 - Blainville,Blainville,GA,erratic,1.0,0.748,96,9.71,0.0
CP02 - Blainville,Blainville,HT,erratic,1.0,0.669,84,5.64,0.0
CP02 - Blainville,Blainville,IN,erratic,1.0,2.58,95,52.49,0.0
CP02 - Blainville,Blainville,LI,erratic,1.0,0.58,96,3.34,0.0
CP02 - Blainville,Blainville,LO,erratic,1.0,1.816,116,70.15,0.0
CP02 - Blainville,Blainville,ME,erratic,1.009,1.257,108,88.44,0.9
CP02 - Blainville,Blainville,MK,smooth,1.0,0.222,2,1.5,0.0
CP02 - Blainville,Blainville,PA,erratic,1.045,0.719,70,12.27,4.3
CP02 - Blainville,Blainville,PB,smooth,1.0,0.062,14,1.07,0.0
CP02 - Blainville,Blainville,PC,erratic,1.0,1.294,116,624.88,0.0
CP02 - Blainville,Blainville,PI,erratic,1.0,1.343,116,834.61,0.0
CP02 - Blainville,Blainville,SA,smooth,1.167,0.0,7,0.86,14.3
CP02 - Blainville,Blainville,SE,erratic,1.01,0.585,106,17.64,0.9
CP02 - Blainville,Blainville,SP,smooth,1.023,0.3,88,2.12,2.3
CP02 - Blainville,Blainville,TO,erratic,1.011,0.886,90,8.49,1.1
CP04 - Drummondville,Drummondville,AM,erratic,1.05,2.165,21,2.33,4.8
CP04 - Drummondville,Drummondville,AP,erratic,1.008,1.954,123,495.29,0.8
CP04 - Drummondville,Drummondville,AS,erratic,1.0,1.194,124,239.95,0.0
CP04 - Drummondville,Drummondville,AZ,erratic,1.024,3.588,85,34.94,2.4
CP04 - Drummondville,Drummondville,BQ,erratic,1.0,0.882,65,4.71,0.0
CP04 - Drummondville,Drummondville,CA,smooth,1.0,0.0,1,1.0,0.0
CP04 - Drummondville,Drummondville,CC,smooth,1.048,0.287,44,1.43,4.5
CP04 - Drummondville,Drummondville,CH,erratic,1.0,0.566,98,5.77,0.0
CP04 - Drummondville,Drummondville,CR,erratic,1.0,2.247,12,3.33,0.0
CP04 - Drummondville,Drummondville,DI,smooth,1.0,0.367,6,5.5,0.0
CP04 - Drummondville,Drummondville,DO,smooth,1.0,0.226,5,35.8,0.0
CP04 - Drummondville,Drummondville,FI,erratic,1.027,1.455,115,5.18,2.6
CP04 - Drummondville,Drummondville,GA,erratic,1.0,0.958,88,7.9,0.0
CP04 - Drummondville,Drummondville,HT,erratic,1.0,0.8,91,9.78,0.0
CP04 - Drummondville,Drummondville,IN,erratic,1.0,0.553,89,5.27,0.0
CP04 - Drummondville,Drummondville,INM,erratic,1.01,0.675,102,14.85,1.0
CP04 - Drummondville,Drummondville,LI,erratic,1.0,0.675,105,9.07,0.0
CP04 - Drummondville,Drummondville,LO,erratic,1.0,1.667,124,86.12,0.0
CP04 - Drummondville,Drummondville,ME,erratic,1.009,1.41,116,46.07,0.9
CP04 - Drummondville,Drummondville,MK,erratic,1.019,0.94,53,2.6,1.9
CP04 - Drummondville,Drummondville,PA,erratic,1.015,0.709,66,7.12,1.5
CP04 - Drummondville,Drummondville,PB,smooth,1.0,0.187,3,1.33,0.0
CP04 - Drummondville,Drummondville,PC,erratic,1.0,1.373,124,536.22,0.0
CP04 - Drummondville,Drummondville,PI,erratic,1.008,1.722,124,93.65,0.8
CP04 - Drummondville,Drummondville,SE,erratic,1.0,0.724,105,14.54,0.0
CP04 - Drummondville,Drummondville,SP,smooth,1.0,0.473,82,2.89,0.0
CP04 - Drummondville,Drummondville,TO,erratic,1.042,0.85,50,8.18,4.0
CP05 - Sherbrooke,Sherbrooke,AB,erratic,1.023,1.457,44,15.64,2.3
CP05 - Sherbrooke,Sherbrooke,AP,erratic,1.0,2.478,79,1302.28,0.0
CP05 - Sherbrooke,Sherbrooke,AS,smooth,1.014,0.425,72,12.11,1.4
CP05 - Sherbrooke,Sherbrooke,AZ,erratic,1.014,60.424,74,3759.88,1.4
CP05 - Sherbrooke,Sherbrooke,BI,erratic,1.016,0.576,64,5.91,1.6
CP05 - Sherbrooke,Sherbrooke,BQ,erratic,1.0,1.177,58,13.93,0.0
CP05 - Sherbrooke,Sherbrooke,CA,lumpy,1.333,1.491,8,4.12,25.0
CP05 - Sherbrooke,Sherbrooke,CC,intermittent,1.55,0.189,31,0.87,35.5
CP05 - Sherbrooke,Sherbrooke,CH,erratic,1.079,0.866,41,11.24,7.3
CP05 - Sherbrooke,Sherbrooke,CR,smooth,1.15,0.477,23,1.52,13.0
CP05 - Sherbrooke,Sherbrooke,DI,erratic,1.146,12.779,47,58.83,12.8
CP05 - Sherbrooke,Sherbrooke,FI,erratic,1.014,1.462,70,6.17,1.4
CP05 - Sherbrooke,Sherbrooke,GA,erratic,1.018,1.029,57,12.84,1.8
CP05 - Sherbrooke,Sherbrooke,HT,smooth,1.292,0.449,31,9.42,22.6
CP05 - Sherbrooke,Sherbrooke,IN,erratic,1.031,3.891,66,130.9,3.0
CP05 - Sherbrooke,Sherbrooke,LI,erratic,1.047,0.932,67,12.51,4.5
CP05 - Sherbrooke,Sherbrooke,LO,erratic,1.0,1.884,75,64.05,0.0
CP05 - Sherbrooke,Sherbrooke,ME,erratic,1.0,1.871,74,106.61,0.0
CP05 - Sherbrooke,Sherbrooke,MK,erratic,1.034,4.378,61,63.34,3.3
CP05 - Sherbrooke,Sherbrooke,PA,erratic,1.071,0.982,45,15.13,6.7
CP05 - Sherbrooke,Sherbrooke,PC,erratic,1.0,1.969,75,1090.71,0.0
CP05 - Sherbrooke,Sherbrooke,PI,erratic,1.013,0.804,79,210.4,1.3
CP05 - Sherbrooke,Sherbrooke,SA,erratic,1.0,0.819,15,2.47,0.0
CP05 - Sherbrooke,Sherbrooke,SE,erratic,1.0,0.684,77,94.22,0.0
CP05 - Sherbrooke,Sherbrooke,SP,erratic,1.055,0.846,58,7.07,5.2
CP05 - Sherbrooke,Sherbrooke,TO,erratic,1.065,1.331,49,15.82,6.1
CP06 - Granby,Granby,AB,lumpy,1.333,0.504,4,4.0,25.0
CP06 - Granby,Granby,AP,erratic,1.0,1.198,124,1661.91,0.0
CP06 - Granby,Granby,AS,smooth,1.008,0.296,124,23.47,0.8
CP06 - Granby,Granby,BQ,erratic,1.01,1.167,104,19.2,1.0
CP06 - Granby,Granby,CA,smooth,1.0,0.055,16,1.06,0.0
CP06 - Granby,Granby,CH,erratic,1.022,0.586,93,6.03,2.2
CP06 - Granby,Granby,CR,erratic,1.036,3.794,57,8.28,3.5
CP06 - Granby,Granby,DI,lumpy,inf,inf,3,0.0,100.0
CP06 - Granby,Granby,FI,erratic,1.018,3.876,115,9.08,1.7
CP06 - Granby,Granby,GA,erratic,1.01,2.689,102,30.54,1.0
CP06 - Granby,Granby,HT,erratic,1.011,0.627,93,5.97,1.1
CP06 - Granby,Granby,IN,erratic,1.0,0.712,123,1841.38,0.0
CP06 - Granby,Granby,LI,erratic,1.008,0.922,121,89.58,0.8
CP06 - Granby,Granby,LO,erratic,1.0,1.639,124,67.2,0.0
CP06 - Granby,Granby,ME,erratic,1.025,1.386,122,188.02,2.5
CP06 - Granby,Granby,MK,erratic,1.047,5.554,45,3.31,4.4
CP06 - Granby,Granby,PA,erratic,1.0,2.407,73,12.33,0.0
CP06 - Granby,Granby,PB,smooth,1.0,0.0,2,1.0,0.0
CP06 - Granby,Granby,PC,erratic,1.0,1.363,124,817.01,0.0
CP06 - Granby,Granby,PI,erratic,1.0,0.594,124,88.6,0.0
CP06 - Granby,Granby,SA,erratic,1.2,0.545,6,2.83,16.7
CP06 - Granby,Granby,SE,erratic,1.017,0.601,122,3748.39,1.6
CP06 - Granby,Granby,SP,smooth,1.052,0.443,102,4.23,4.9
CP06 - Granby,Granby,TO,erratic,1.04,0.517,103,8.28,3.9
CP07 - Laval,Laval,AP,erratic,1.0,2.023,123,610.01,0.0
CP07 - Laval,Laval,AS,smooth,1.0,0.328,123,49.54,0.0
CP07 - Laval,Laval,BQ,erratic,1.0,0.916,108,19.17,0.0
CP07 - Laval,Laval,CA,smooth,1.0,0.144,7,1.29,0.0
CP07 - Laval,Laval,CC,intermittent,56.0,0.0,56,0.02,98.2
CP07 - Laval,Laval,CH,erratic,1.0,0.862,93,9.31,0.0
CP07 - Laval,Laval,CR,smooth,1.061,0.203,35,1.2,5.7
CP07 - Laval,Laval,FI,erratic,1.008,0.526,122,11.66,0.8
CP07 - Laval,Laval,GA,erratic,1.009,0.817,110,21.45,0.9
CP07 - Laval,Laval,HT,erratic,1.0,0.666,91,8.75,0.0
CP07 - Laval,Laval,IN,erratic,1.0,2.066,103,116.54,0.0
CP07 - Laval,Laval,LI,erratic,1.0,0.878,120,12.13,0.0
CP07 - Laval,Laval,LO,erratic,1.008,1.944,124,132.05,0.8
CP07 - Laval,Laval,ME,erratic,1.008,1.179,124,259.65,0.8
CP07 - Laval,Laval,MK,erratic,1.0,0.516,28,2.89,0.0
CP07 - Laval,Laval,PA,erratic,1.012,1.248,87,26.82,1.1
CP07 - Laval,Laval,PB,smooth,1.0,0.109,7,1.14,0.0
CP07 - Laval,Laval,PC,erratic,1.0,1.414,124,1048.72,0.0
CP07 - Laval,Laval,PI,erratic,1.0,1.253,124,1551.5,0.0
CP07 - Laval,Laval,SA,erratic,1.13,1.119,26,1.46,11.5
CP07 - Laval,Laval,SE,erratic,1.017,2.467,119,76.88,1.7
CP07 - Laval,Laval,SP,smooth,1.0,0.262,101,4.34,0.0
CP07 - Laval,Laval,TO,erratic,1.0,0.724,99,14.14,0.0
CP08 - Longueuil,Longueuil,AB,smooth,1.0,0.0,1,1.0,0.0
CP08 - Longueuil,Longueuil,AM,erratic,1.043,3.137,24,4.71,4.2
CP08 - Longueuil,Longueuil,AP,erratic,1.0,1.689,120,499.92,0.0
CP08 - Longueuil,Longueuil,AS,erratic,1.0,1.083,122,250.2,0.0
CP08 - Longueuil,Longueuil,AZ,erratic,1.0,3.602,94,77.0,0.0
CP08 - Longueuil,Longueuil,BQ,erratic,1.0,0.823,86,9.48,0.0
CP08 - Longueuil,Longueuil,CA,smooth,1.0,0.0,2,1.0,0.0
CP08 - Longueuil,Longueuil,CC,erratic,1.057,0.54,37,2.03,5.4
CP08 - Longueuil,Longueuil,CH,erratic,1.0,0.593,96,5.5,0.0
CP08 - Longueuil,Longueuil,CR,erratic,1.0,1.017,49,4.45,0.0
CP08 - Longueuil,Longueuil,DI,erratic,1.026,2.82,39,4.41,2.6
CP08 - Longueuil,Longueuil,FI,erratic,1.008,0.983,120,7.02,0.8
CP08 - Longueuil,Longueuil,GA,erratic,1.022,6.005,95,9.67,2.1
CP08 - Longueuil,Longueuil,HT,erratic,1.011,0.814,91,5.91,1.1
CP08 - Longueuil,Longueuil,IN,erratic,1.0,0.601,91,7.04,0.0
CP08 - Longueuil,Longueuil,INM,erratic,1.0,5.031,99,158.26,0.0
CP08 - Longueuil,Longueuil,LI,erratic,1.0,1.541,114,23.47,0.0
CP08 - Longueuil,Longueuil,LO,erratic,1.0,1.826,118,55.17,0.0
CP08 - Longueuil,Longueuil,ME,erratic,1.0,1.331,116,72.18,0.0
CP08 - Longueuil,Longueuil,MK,erratic,1.0,0.635,70,2.64,0.0
CP08 - Longueuil,Longueuil,PA,erratic,1.038,1.095,54,8.41,3.7
CP08 - Longueuil,Longueuil,PB,smooth,1.0,0.14,7,1.43,0.0
CP08 - Longueuil,Longueuil,PC,erratic,1.0,1.612,122,621.22,0.0
CP08 - Longueuil,Longueuil,PI,erratic,1.008,1.324,122,118.66,0.8
CP08 - Longueuil,Longueuil,SA,intermittent,1.333,0.0,4,0.75,25.0
CP08 - Longueuil,Longueuil,SE,erratic,1.0,0.552,118,41.35,0.0
CP08 - Longueuil,Longueuil,SP,smooth,1.0,0.38,70,1.87,0.0
CP08 - Longueuil,Longueuil,TO,erratic,1.0,0.901,61,6.25,0.0
CP10 - Saint-Jérôme,Saint-Jérôme,AP,erratic,1.0,1.416,121,282.26,0.0
CP10 - Saint-Jérôme,Saint-Jérôme,AS,erratic,1.0,0.519,121,49.32,0.0
CP10 - Saint-Jérôme,Saint-Jérôme,BQ,erratic,1.019,1.191,108,23.37,1.9
CP10 - Saint-Jérôme,Saint-Jérôme,CA,smooth,1.0,0.109,7,1.14,0.0
CP10 - Saint-Jérôme,Saint-Jérôme,CC,erratic,1.049,1.491,86,3.7,4.7
CP10 - Saint-Jérôme,Saint-Jérôme,CH,erratic,1.012,0.585,85,6.34,1.2
CP10 - Saint-Jérôme,Saint-Jérôme,CR,erratic,1.143,0.863,24,5.75,12.5
CP10 - Saint-Jérôme,Saint-Jérôme,DI,erratic,1.01,1.78,100,15.97,1.0
CP10 - Saint-Jérôme,Saint-Jérôme,DO,erratic,1.0,0.535,7,66.71,0.0
CP10 - Saint-Jérôme,Saint-Jérôme,FI,erratic,1.037,1.237,111,4.63,3.6
CP10 - Saint-Jérôme,Saint-Jérôme,GA,erratic,1.057,0.884,92,10.73,5.4
CP10 - Saint-Jérôme,Saint-Jérôme,HT,erratic,1.023,0.52,90,6.17,2.2
CP10 - Saint-Jérôme,Saint-Jérôme,IN,erratic,1.051,4.137,103,140.06,4.9
CP10 - Saint-Jérôme,Saint-Jérôme,LI,erratic,1.021,4.03,97,8.09,2.1
CP10 - Saint-Jérôme,Saint-Jérôme,LO,erratic,1.0,1.927,120,81.41,0.0
CP10 - Saint-Jérôme,Saint-Jérôme,ME,erratic,1.009,1.49,116,114.9,0.9
CP10 - Saint-Jérôme,Saint-Jérôme,MK,smooth,1.0,0.319,17,2.76,0.0
CP10 - Saint-Jérôme,Saint-Jérôme,PA,erratic,1.013,1.04,77,20.06,1.3
CP10 - Saint-Jérôme,Saint-Jérôme,PC,erratic,1.0,1.205,122,701.83,0.0
CP10 - Saint-Jérôme,Saint-Jérôme,PI,erratic,1.0,1.112,121,1082.48,0.0
CP10 - Saint-Jérôme,Saint-Jérôme,SA,erratic,1.125,0.706,9,2.11,11.1
CP10 - Saint-Jérôme,Saint-Jérôme,SE,erratic,1.017,0.545,121,51.16,1.7
CP10 - Saint-Jérôme,Saint-Jérôme,SP,erratic,1.009,0.913,113,30.22,0.9
CP10 - Saint-Jérôme,Saint-Jérôme,TO,erratic,1.032,2.229,98,9.23,3.1
CP11 - Vaudreuil-Dorion,Vaudreuil-Dorion,AM,erratic,1.125,1.831,9,25.11,11.1
CP11 - Vaudreuil-Dorion,Vaudreuil-Dorion,AP,erratic,1.0,2.101,94,853.27,0.0
CP11 - Vaudreuil-Dorion,Vaudreuil-Dorion,AS,erratic,1.0,0.7,79,32.1,0.0
CP11 - Vaudreuil-Dorion,Vaudreuil-Dorion,AZ,erratic,1.0,5.858,65,113.94,0.0
CP11 - Vaudreuil-Dorion,Vaudreuil-Dorion,BQ,erratic,1.0,1.262,58,14.67,0.0
CP11 - Vaudreuil-Dorion,Vaudreuil-Dorion,CH,erratic,1.0,1.123,71,5.08,0.0
CP11 - Vaudreuil-Dorion,Vaudreuil-Dorion,CR,erratic,1.019,8.533,54,16.76,1.9
CP11 - Vaudreuil-Dorion,Vaudreuil-Dorion,DI,erratic,1.096,3.103,80,14.19,8.8
CP11 - Vaudreuil-Dorion,Vaudreuil-Dorion,FI,erratic,1.0,0.628,72,10.65,0.0
CP11 - Vaudreuil-Dorion,Vaudreuil-Dorion,GA,erratic,1.018,0.846,57,15.02,1.8
CP11 - Vaudreuil-Dorion,Vaudreuil-Dorion,HT,erratic,1.0,0.82,60,5.28,0.0
CP11 - Vaudreuil-Dorion,Vaudreuil-Dorion,IN,erratic,1.0,1.219,77,9.35,0.0
CP11 - Vaudreuil-Dorion,Vaudreuil-Dorion,LI,erratic,1.015,2.321,66,9.97,1.5
CP11 - Vaudreuil-Dorion,Vaudreuil-Dorion,LO,erratic,1.0,1.88,66,94.33,0.0
CP11 - Vaudreuil-Dorion,Vaudreuil-Dorion,ME,erratic,1.014,1.621,75,86.12,1.3
CP11 - Vaudreuil-Dorion,Vaudreuil-Dorion,PB,smooth,1.0,0.187,3,2.67,0.0
CP11 - Vaudreuil-Dorion,Vaudreuil-Dorion,PC,erratic,1.0,2.613,88,646.88,0.0
CP11 - Vaudreuil-Dorion,Vaudreuil-Dorion,PI,erratic,1.013,1.495,78,103.62,1.3
CP11 - Vaudreuil-Dorion,Vaudreuil-Dorion,SA,smooth,1.0,0.222,2,1.5,0.0
CP11 - Vaudreuil-Dorion,Vaudreuil-Dorion,SE,erratic,1.025,1.319,83,37.34,2.4
CP11 - Vaudreuil-Dorion,Vaudreuil-Dorion,SP,erratic,1.0,0.499,46,2.15,0.0
CP11 - Vaudreuil-Dorion,Vaudreuil-Dorion,TO,erratic,1.0,0.95,67,6.39,0.0
CP12 - St-Georges-de-Beauce,St-Georges-de-Beauce,AP,erratic,1.014,2.347,71,574.62,1.4
CP12 - St-Georges-de-Beauce,St-Georges-de-Beauce,AS,erratic,1.0,0.904,71,48.87,0.0
CP12 - St-Georges-de-Beauce,St-Georges-de-Beauce,AZ,erratic,1.048,1.08,22,14.82,4.5
CP12 - St-Georges-de-Beauce,St-Georges-de-Beauce,BQ,erratic,1.021,0.928,49,6.1,2.0
CP12 - St-Georges-de-Beauce,St-Georges-de-Beauce,CC,erratic,1.0,1.487,27,3.89,0.0
CP12 - St-Georges-de-Beauce,St-Georges-de-Beauce,CH,erratic,1.061,0.858,35,4.86,5.7
CP12 - St-Georges-de-Beauce,St-Georges-de-Beauce,CR,smooth,1.143,0.144,8,1.12,12.5
CP12 - St-Georges-de-Beauce,St-Georges-de-Beauce,DI,erratic,1.135,22.796,59,52.15,11.9
CP12 - St-Georges-de-Beauce,St-Georges-de-Beauce,FI,erratic,1.034,3.025,30,3.3,3.3
CP12 - St-Georges-de-Beauce,St-Georges-de-Beauce,GA,erratic,1.026,0.95,40,5.98,2.5
CP12 - St-Georges-de-Beauce,St-Georges-de-Beauce,HT,erratic,1.3,1.978,26,23.69,23.1
CP12 - St-Georges-de-Beauce,St-Georges-de-Beauce,IN,erratic,1.205,2.276,47,4.47,17.0
CP12 - St-Georges-de-Beauce,St-Georges-de-Beauce,LI,erratic,1.027,0.653,38,3.08,2.6
CP12 - St-Georges-de-Beauce,St-Georges-de-Beauce,LO,erratic,1.0,1.582,59,15.69,0.0
CP12 - St-Georges-de-Beauce,St-Georges-de-Beauce,ME,erratic,1.1,2.792,55,27.18,9.1
CP12 - St-Georges-de-Beauce,St-Georges-de-Beauce,MK,smooth,1.0,0.136,10,1.4,0.0
CP12 - St-Georges-de-Beauce,St-Georges-de-Beauce,NO,smooth,1.0,0.2,6,2.0,0.0
CP12 - St-Georges-de-Beauce,St-Georges-de-Beauce,PA,lumpy,1.52,0.831,38,2.79,34.2
CP12 - St-Georges-de-Beauce,St-Georges-de-Beauce,PC,erratic,1.0,1.322,71,201.34,0.0
CP12 - St-Georges-de-Beauce,St-Georges-de-Beauce,PI,erratic,1.0,1.449,16,2.62,0.0
CP12 - St-Georges-de-Beauce,St-Georges-de-Beauce,SA,smooth,1.0,0.0,1,5.0,0.0
CP12 - St-Georges-de-Beauce,St-Georges-de-Beauce,SE,erratic,1.245,5.437,61,130.26,19.7
CP12 - St-Georges-de-Beauce,St-Georges-de-Beauce,SP,smooth,1.028,0.446,37,2.0,2.7
CP12 - St-Georges-de-Beauce,St-Georges-de-Beauce,TO,erratic,1.207,0.837,35,5.4,17.1
CP13 - Victoriaville,Victoriaville,AM,smooth,1.071,0.101,15,1.07,6.7
CP13 - Victoriaville,Victoriaville,AP,erratic,1.0,0.94,112,651.83,0.0
CP13 - Victoriaville,Victoriaville,AS,smooth,1.0,0.357,113,37.19,0.0
CP13 - Victoriaville,Victoriaville,AZ,erratic,1.043,3.026,49,87.8,4.1
CP13 - Victoriaville,Victoriaville,BI,erratic,1.012,0.621,84,5.18,1.2
CP13 - Victoriaville,Victoriaville,BQ,erratic,1.0,0.736,77,8.12,0.0
CP13 - Victoriaville,Victoriaville,CC,erratic,1.013,1.091,76,3.32,1.3
CP13 - Victoriaville,Victoriaville,CH,erratic,1.022,0.545,91,6.4,2.2
CP13 - Victoriaville,Victoriaville,CR,erratic,1.104,2.84,53,10.09,9.4
CP13 - Victoriaville,Victoriaville,DI,smooth,1.0,0.32,2,5.0,0.0
CP13 - Victoriaville,Victoriaville,FI,erratic,1.022,0.782,95,3.23,2.1
CP13 - Victoriaville,Victoriaville,GA,erratic,1.025,0.591,82,6.88,2.4
CP13 - Victoriaville,Victoriaville,HT,erratic,1.0,0.719,82,7.61,0.0
CP13 - Victoriaville,Victoriaville,IN,erratic,1.033,0.643,94,7.1,3.2
CP13 - Victoriaville,Victoriaville,LI,erratic,1.01,1.966,100,9.07,1.0
CP13 - Victoriaville,Victoriaville,LO,erratic,1.0,1.493,109,34.06,0.0
CP13 - Victoriaville,Victoriaville,ME,erratic,1.009,1.352,108,47.6,0.9
CP13 - Victoriaville,Victoriaville,MK,erratic,1.0,0.631,42,2.36,0.0
CP13 - Victoriaville,Victoriaville,PA,erratic,1.067,0.944,48,5.94,6.2
CP13 - Victoriaville,Victoriaville,PC,erratic,1.0,1.131,113,458.33,0.0
CP13 - Victoriaville,Victoriaville,PI,erratic,1.027,1.132,113,45.99,2.7
CP13 - Victoriaville,Victoriaville,SA,smooth,1.0,0.254,8,1.5,0.0
CP13 - Victoriaville,Victoriaville,SE,erratic,1.057,1.37,111,43.04,5.4
CP13 - Victoriaville,Victoriaville,SP,smooth,1.024,0.358,87,2.97,2.3
CP13 - Victoriaville,Victoriaville,TO,erratic,1.017,0.737,61,6.1,1.6
CP15 - Repentigny,Repentigny,AB,erratic,1.0,0.756,7,2.71,0.0
CP15 - Repentigny,Repentigny,AM,erratic,1.048,0.929,44,3.18,4.5
CP15 - Repentigny,Repentigny,AP,erratic,1.016,2.23,124,660.46,1.6
CP15 - Repentigny,Repentigny,AS,smooth,1.0,0.438,124,21.15,0.0
CP15 - Repentigny,Repentigny,AZ,erratic,1.036,3.934,87,99.72,3.4
CP15 - Repentigny,Repentigny,BQ,erratic,1.033,1.14,95,12.15,3.2
CP15 - Repentigny,Repentigny,CA,smooth,1.0,0.0,3,1.0,0.0
CP15 - Repentigny,Repentigny,CC,smooth,1.0,0.0,1,1.0,0.0
CP15 - Repentigny,Repentigny,CH,erratic,1.0,1.414,87,6.55,0.0
CP15 - Repentigny,Repentigny,CR,erratic,1.047,0.977,45,6.42,4.4
CP15 - Repentigny,Repentigny,DI,erratic,1.0,3.101,48,6.98,0.0
CP15 - Repentigny,Repentigny,FI,erratic,1.009,0.49,111,5.33,0.9
CP15 - Repentigny,Repentigny,GA,erratic,1.022,1.678,94,12.13,2.1
CP15 - Repentigny,Repentigny,HT,erratic,1.024,1.065,85,6.2,2.4
CP15 - Repentigny,Repentigny,IN,erratic,1.076,0.761,85,5.84,7.1
CP15 - Repentigny,Repentigny,INM,erratic,1.061,10.905,87,31.51,5.7
CP15 - Repentigny,Repentigny,LI,erratic,1.018,1.485,112,18.29,1.8
CP15 - Repentigny,Repentigny,LO,erratic,1.0,2.372,122,62.93,0.0
CP15 - Repentigny,Repentigny,ME,erratic,1.009,1.759,114,75.4,0.9
CP15 - Repentigny,Repentigny,MK,erratic,1.0,1.035,35,2.71,0.0
CP15 - Repentigny,Repentigny,PA,erratic,1.0,0.868,65,11.0,0.0
CP15 - Repentigny,Repentigny,PB,smooth,1.2,0.139,6,1.0,16.7
CP15 - Repentigny,Repentigny,PC,erratic,1.0,1.69,124,614.36,0.0
CP15 - Repentigny,Repentigny,PI,erratic,1.016,1.547,124,94.81,1.6
CP15 - Repentigny,Repentigny,SA,smooth,1.0,0.16,4,1.25,0.0
CP15 - Repentigny,Repentigny,SE,erratic,1.044,6.999,118,31.62,4.2
CP15 - Repentigny,Repentigny,SP,smooth,1.018,0.305,56,2.07,1.8
CP15 - Repentigny,Repentigny,TO,erratic,1.058,0.966,55,5.33,5.5
CP16 - Chicoutimi,Chicoutimi,AM,erratic,1.111,4.133,20,10.75,10.0
CP16 - Chicoutimi,Chicoutimi,AP,erratic,1.008,3.853,121,1562.44,0.8
CP16 - Chicoutimi,Chicoutimi,AS,erratic,1.0,0.607,121,45.86,0.0
CP16 - Chicoutimi,Chicoutimi,AZ,erratic,1.042,3.227,74,61.09,4.1
CP16 - Chicoutimi,Chicoutimi,BQ,erratic,1.0,1.37,112,21.79,0.0
CP16 - Chicoutimi,Chicoutimi,CA,erratic,1.111,8.27,10,208.3,10.0
CP16 - Chicoutimi,Chicoutimi,CH,erratic,1.021,0.726,97,10.51,2.1
CP16 - Chicoutimi,Chicoutimi,CR,erratic,1.108,2.178,41,18.32,9.8
CP16 - Chicoutimi,Chicoutimi,DI,erratic,1.0,5.484,7,10.14,0.0
CP16 - Chicoutimi,Chicoutimi,FI,erratic,1.019,0.714,110,5.54,1.8
CP16 - Chicoutimi,Chicoutimi,GA,erratic,1.021,0.974,97,14.31,2.1
CP16 - Chicoutimi,Chicoutimi,HT,erratic,1.022,1.058,94,10.45,2.1
CP16 - Chicoutimi,Chicoutimi,IN,erratic,1.0,0.734,93,8.54,0.0
CP16 - Chicoutimi,Chicoutimi,INM,erratic,1.03,0.649,68,3.29,2.9
CP16 - Chicoutimi,Chicoutimi,LI,erratic,1.009,3.4,109,99.93,0.9
CP16 - Chicoutimi,Chicoutimi,LO,erratic,1.0,1.433,121,84.44,0.0
CP16 - Chicoutimi,Chicoutimi,ME,erratic,1.018,1.426,112,70.33,1.8
CP16 - Chicoutimi,Chicoutimi,MK,erratic,1.0,9.842,61,15.0,0.0
CP16 - Chicoutimi,Chicoutimi,PA,erratic,1.0,0.79,54,5.04,0.0
CP16 - Chicoutimi,Chicoutimi,PB,smooth,1.0,0.0,1,1.0,0.0
CP16 - Chicoutimi,Chicoutimi,PC,erratic,1.0,1.719,121,615.38,0.0
CP16 - Chicoutimi,Chicoutimi,PI,erratic,1.008,1.558,121,132.74,0.8
CP16 - Chicoutimi,Chicoutimi,SA,smooth,1.167,0.462,7,1.86,14.3
CP16 - Chicoutimi,Chicoutimi,SE,erratic,1.06,2.518,106,38.99,5.7
CP16 - Chicoutimi,Chicoutimi,SEC,erratic,1.046,1.092,114,32.0,4.4
CP16 - Chicoutimi,Chicoutimi,SP,smooth,1.073,0.482,88,3.44,6.8
CP16 - Chicoutimi,Chicoutimi,THM,smooth,1.286,0.328,27,2.04,22.2
CP16 - Chicoutimi,Chicoutimi,TO,erratic,1.015,1.423,68,7.07,1.5
CP17 - Trois-Rivières,Trois-Rivières,AB,intermittent,1.5,0.222,3,1.0,33.3
CP17 - Trois-Rivières,Trois-Rivières,AM,smooth,1.043,0.476,24,1.79,4.2
CP17 - Trois-Rivières,Trois-Rivières,AP,erratic,1.0,5.0,119,1059.52,0.0
CP17 - Trois-Rivières,Trois-Rivières,AS,smooth,1.0,0.338,119,35.26,0.0
CP17 - Trois-Rivières,Trois-Rivières,AZ,erratic,1.019,2.469,110,52.53,1.8
CP17 - Trois-Rivières,Trois-Rivières,BI,smooth,1.0,0.432,26,1.62,0.0
CP17 - Trois-Rivières,Trois-Rivières,BQ,erratic,1.0,0.912,96,9.73,0.0
CP17 - Trois-Rivières,Trois-Rivières,CA,smooth,1.0,0.0,2,1.0,0.0
CP17 - Trois-Rivières,Trois-Rivières,CC,lumpy,inf,inf,1,0.0,100.0
CP17 - Trois-Rivières,Trois-Rivières,CH,erratic,1.02,0.592,102,14.62,2.0
CP17 - Trois-Rivières,Trois-Rivières,CM,smooth,1.0,0.0,1,2.0,0.0
CP17 - Trois-Rivières,Trois-Rivières,CR,erratic,1.207,2.435,70,22.63,17.1
CP17 - Trois-Rivières,Trois-Rivières,DI,erratic,1.0,0.5,2,8.0,0.0
CP17 - Trois-Rivières,Trois-Rivières,FI,erratic,1.0,0.63,115,9.37,0.0
CP17 - Trois-Rivières,Trois-Rivières,GA,erratic,1.011,0.831,94,12.74,1.1
CP17 - Trois-Rivières,Trois-Rivières,HT,erratic,1.023,0.885,88,12.22,2.3
CP17 - Trois-Rivières,Trois-Rivières,IN,erratic,1.01,0.724,98,10.59,1.0
CP17 - Trois-Rivières,Trois-Rivières,INM,erratic,1.019,0.621,107,13.38,1.9
CP17 - Trois-Rivières,Trois-Rivières,LI,erratic,1.009,0.647,112,8.76,0.9
CP17 - Trois-Rivières,Trois-Rivières,LO,erratic,1.0,1.63,116,60.56,0.0
CP17 - Trois-Rivières,Trois-Rivières,ME,erratic,1.0,1.203,110,58.44,0.0
CP17 - Trois-Rivières,Trois-Rivières,MK,erratic,1.0,0.948,92,6.01,0.0
CP17 - Trois-Rivières,Trois-Rivières,PA,erratic,1.038,1.046,55,7.6,3.6
CP17 - Trois-Rivières,Trois-Rivières,PC,erratic,1.0,1.625,119,633.24,0.0
CP17 - Trois-Rivières,Trois-Rivières,PI,erratic,1.008,1.206,119,99.53,0.8
CP17 - Trois-Rivières,Trois-Rivières,SA,erratic,1.0,0.708,4,2.25,0.0
CP17 - Trois-Rivières,Trois-Rivières,SE,erratic,1.017,1.779,118,66.82,1.7
CP17 - Trois-Rivières,Trois-Rivières,SP,smooth,1.011,0.398,92,3.07,1.1
CP17 - Trois-Rivières,Trois-Rivières,TO,erratic,1.0,0.981,62,7.61,0.0
CP18 - Val-d'Or,Val-d'Or,AM,erratic,1.083,3.48,26,49.96,7.7
CP18 - Val-d'Or,Val-d'Or,AP,erratic,1.096,1.59,57,214.04,8.8
CP18 - Val-d'Or,Val-d'Or,AS,erratic,1.0,0.755,66,14.18,0.0
CP18 - Val-d'Or,Val-d'Or,AZ,erratic,1.056,3.272,19,9.16,5.3
CP18 - Val-d'Or,Val-d'Or,BQ,erratic,1.0,0.924,34,5.59,0.0
CP18 - Val-d'Or,Val-d'Or,CH,erratic,1.088,0.784,37,2.89,8.1
CP18 - Val-d'Or,Val-d'Or,CR,erratic,1.0,0.524,2,315.5,0.0
CP18 - Val-d'Or,Val-d'Or,DI,erratic,1.109,2.197,51,5.43,9.8
CP18 - Val-d'Or,Val-d'Or,FI,erratic,1.0,0.556,19,2.0,0.0
CP18 - Val-d'Or,Val-d'Or,GA,erratic,1.028,0.931,37,4.7,2.7
CP18 - Val-d'Or,Val-d'Or,HT,smooth,1.32,0.376,33,1.27,24.2
CP18 - Val-d'Or,Val-d'Or,IN,smooth,1.083,0.245,13,1.08,7.7
CP18 - Val-d'Or,Val-d'Or,LI,smooth,1.043,0.337,24,1.96,4.2
CP18 - Val-d'Or,Val-d'Or,LO,erratic,1.033,0.802,31,9.0,3.2
CP18 - Val-d'Or,Val-d'Or,ME,erratic,1.067,1.634,48,26.24,6.2
CP18 - Val-d'Or,Val-d'Or,MK,smooth,1.0,0.277,16,2.5,0.0
CP18 - Val-d'Or,Val-d'Or,PA,smooth,1.0,0.239,20,3.95,0.0
CP18 - Val-d'Or,Val-d'Or,PC,erratic,1.0,1.331,68,140.65,0.0
CP18 - Val-d'Or,Val-d'Or,PI,erratic,1.028,2.154,73,87.93,2.7
CP18 - Val-d'Or,Val-d'Or,SA,erratic,1.121,1.591,37,5.05,10.8
CP18 - Val-d'Or,Val-d'Or,SE,erratic,1.033,7.647,63,19.48,3.2
CP18 - Val-d'Or,Val-d'Or,SP,smooth,1.174,0.272,27,1.74,14.8
CP18 - Val-d'Or,Val-d'Or,TO,erratic,1.027,0.499,38,2.16,2.6
CP20 - Valleyfield,Valleyfield,AP,erratic,1.012,24.193,84,29672.39,1.2
CP20 - Valleyfield,Valleyfield,AS,erratic,1.0,8.229,65,1831.62,0.0
CP20 - Valleyfield,Valleyfield,AZ,erratic,1.022,20.247,46,1884.41,2.2
CP20 - Valleyfield,Valleyfield,BQ,erratic,1.0,12.118,41,57.76,0.0
CP20 - Valleyfield,Valleyfield,CH,erratic,1.038,16.177,55,91.49,3.6
CP20 - Valleyfield,Valleyfield,CR,erratic,1.059,5.318,18,702.94,5.6
CP20 - Valleyfield,Valleyfield,DI,erratic,1.098,14.418,67,326.28,9.0
CP20 - Valleyfield,Valleyfield,FI,erratic,1.0,18.333,39,411.87,0.0
CP20 - Valleyfield,Valleyfield,GA,erratic,1.024,1.667,43,6.91,2.3
CP20 - Valleyfield,Valleyfield,HT,erratic,1.0,0.666,53,4.77,0.0
CP20 - Valleyfield,Valleyfield,IN,erratic,1.016,26.556,63,147.17,1.6
CP20 - Valleyfield,Valleyfield,LI,erratic,1.023,24.091,44,151.52,2.3
CP20 - Valleyfield,Valleyfield,LO,erratic,1.0,6.433,59,270.69,0.0
CP20 - Valleyfield,Valleyfield,ME,erratic,1.021,1.378,48,33.75,2.1
CP20 - Valleyfield,Valleyfield,PC,erratic,1.0,10.924,83,6704.73,0.0
CP20 - Valleyfield,Valleyfield,PI,erratic,1.031,10.38,66,676.35,3.0
CP20 - Valleyfield,Valleyfield,SE,erratic,1.042,31.656,50,868.96,4.0
CP20 - Valleyfield,Valleyfield,SP,erratic,1.0,19.29,33,197.45,0.0
CP20 - Valleyfield,Valleyfield,TO,erratic,1.0,0.89,58,6.22,0.0
CP202 - Nepean,Nepean,AB,erratic,1.0,1.63,3,5.67,0.0
CP202 - Nepean,Nepean,AM,smooth,1.0,0.139,5,1.2,0.0
CP202 - Nepean,Nepean,AP,erratic,1.008,1.614,122,146.86,0.8
CP202 - Nepean,Nepean,AS,smooth,1.0,0.186,124,75.26,0.0
CP202 - Nepean,Nepean,AZ,erratic,1.036,0.948,29,5.07,3.4
CP202 - Nepean,Nepean,BQ,smooth,1.038,0.211,27,1.48,3.7
CP202 - Nepean,Nepean,CA,smooth,1.0,0.109,7,1.14,0.0
CP202 - Nepean,Nepean,CH,smooth,1.0,0.252,27,1.37,0.0
CP202 - Nepean,Nepean,DI,erratic,1.009,0.806,116,17.23,0.9
CP202 - Nepean,Nepean,FI,erratic,1.0,0.653,12,2.83,0.0
CP202 - Nepean,Nepean,GA,erratic,1.024,0.737,86,5.98,2.3
CP202 - Nepean,Nepean,HT,smooth,1.0,0.0,2,2.0,0.0
CP202 - Nepean,Nepean,IN,erratic,1.0,0.541,87,5.4,0.0
CP202 - Nepean,Nepean,LI,erratic,1.0,0.518,101,11.24,0.0
CP202 - Nepean,Nepean,LO,erratic,1.0,1.373,107,21.82,0.0
CP202 - Nepean,Nepean,ME,erratic,1.009,1.079,107,48.31,0.9
CP202 - Nepean,Nepean,MK,erratic,1.0,1.989,80,4.61,0.0
CP202 - Nepean,Nepean,PA,erratic,1.015,0.648,69,12.39,1.4
CP202 - Nepean,Nepean,PC,erratic,1.0,1.207,124,593.48,0.0
CP202 - Nepean,Nepean,PI,erratic,1.0,1.923,124,123.23,0.0
CP202 - Nepean,Nepean,SE,smooth,1.0,0.352,11,1.36,0.0
CP202 - Nepean,Nepean,SP,erratic,1.011,0.525,94,4.05,1.1
CP202 - Nepean,Nepean,TO,smooth,1.1,0.249,11,1.27,9.1
CP28 - Pointe-aux-Trembles,Pointe-aux-Trembles,AM,smooth,1.0,0.412,17,1.65,0.0
CP28 - Pointe-aux-Trembles,Pointe-aux-Trembles,AP,erratic,1.043,2.137,122,655.61,4.1
CP28 - Pointe-aux-Trembles,Pointe-aux-Trembles,AS,erratic,1.008,0.629,122,14.96,0.8
CP28 - Pointe-aux-Trembles,Pointe-aux-Trembles,AZ,erratic,1.0,3.312,82,115.93,0.0
CP28 - Pointe-aux-Trembles,Pointe-aux-Trembles,BQ,smooth,1.02,0.454,52,2.87,1.9
CP28 - Pointe-aux-Trembles,Pointe-aux-Trembles,CC,smooth,1.0,0.144,7,1.29,0.0
CP28 - Pointe-aux-Trembles,Pointe-aux-Trembles,CH,erratic,1.024,0.522,84,3.07,2.4
CP28 - Pointe-aux-Trembles,Pointe-aux-Trembles,CR,erratic,1.067,3.483,32,7.72,6.2
CP28 - Pointe-aux-Trembles,Pointe-aux-Trembles,DI,erratic,1.083,1.017,13,1.62,7.7
CP28 - Pointe-aux-Trembles,Pointe-aux-Trembles,FI,smooth,1.019,0.403,53,1.87,1.9
CP28 - Pointe-aux-Trembles,Pointe-aux-Trembles,GA,erratic,1.027,0.642,76,3.42,2.6
CP28 - Pointe-aux-Trembles,Pointe-aux-Trembles,HT,erratic,1.041,0.85,76,4.51,3.9
CP28 - Pointe-aux-Trembles,Pointe-aux-Trembles,IN,erratic,1.039,0.766,79,5.19,3.8
CP28 - Pointe-aux-Trembles,Pointe-aux-Trembles,INM,erratic,1.044,17.126,71,20.76,4.2
CP28 - Pointe-aux-Trembles,Pointe-aux-Trembles,LI,erratic,1.022,1.239,95,8.75,2.1
CP28 - Pointe-aux-Trembles,Pointe-aux-Trembles,LO,erratic,1.0,1.963,119,39.66,0.0
CP28 - Pointe-aux-Trembles,Pointe-aux-Trembles,ME,erratic,1.044,1.244,95,25.92,4.2
CP28 - Pointe-aux-Trembles,Pointe-aux-Trembles,MK,erratic,1.0,0.693,62,3.5,0.0
CP28 - Pointe-aux-Trembles,Pointe-aux-Trembles,PA,erratic,1.02,0.778,52,5.48,1.9
CP28 - Pointe-aux-Trembles,Pointe-aux-Trembles,PB,smooth,1.0,0.099,8,1.12,0.0
CP28 - Pointe-aux-Trembles,Pointe-aux-Trembles,PC,erratic,1.0,1.836,124,559.1,0.0
CP28 - Pointe-aux-Trembles,Pointe-aux-Trembles,PI,erratic,1.009,2.621,114,69.41,0.9
CP28 - Pointe-aux-Trembles,Pointe-aux-Trembles,SA,smooth,1.0,0.0,1,1.0,0.0
CP28 - Pointe-aux-Trembles,Pointe-aux-Trembles,SE,erratic,1.049,0.86,85,11.61,4.7
CP28 - Pointe-aux-Trembles,Pointe-aux-Trembles,SP,smooth,1.026,0.19,40,1.2,2.5
CP28 - Pointe-aux-Trembles,Pointe-aux-Trembles,TO,erratic,1.1,12.911,44,24.84,9.1
CP29 - Lévis,Lévis,AM,erratic,1.0,0.562,18,2.67,0.0
CP29 - Lévis,Lévis,AP,erratic,1.012,1.75,83,401.33,1.2
CP29 - Lévis,Lévis,AS,erratic,1.0,0.64,79,23.14,0.0
CP29 - Lévis,Lévis,AZ,erratic,1.02,3.458,50,33.6,2.0
CP29 - Lévis,Lévis,BQ,smooth,1.0,0.426,42,4.95,0.0
CP29 - Lévis,Lévis,CC,erratic,1.0,1.296,24,3.54,0.0
CP29 - Lévis,Lévis,CH,erratic,1.0,0.758,60,4.93,0.0
CP29 - Lévis,Lévis,CR,smooth,1.0,0.0,5,1.0,0.0
CP29 - Lévis,Lévis,FI,erratic,1.0,0.824,47,3.89,0.0
CP29 - Lévis,Lévis,GA,erratic,1.038,0.912,54,7.24,3.7
CP29 - Lévis,Lévis,HT,intermittent,56.0,0.0,56,0.04,98.2
CP29 - Lévis,Lévis,IN,smooth,1.0,0.381,32,1.88,0.0
CP29 - Lévis,Lévis,LO,erratic,1.016,2.002,65,22.54,1.5
CP29 - Lévis,Lévis,ME,erratic,1.062,1.31,69,35.48,5.8
CP29 - Lévis,Lévis,PA,erratic,1.0,0.721,37,5.54,0.0
CP29 - Lévis,Lévis,PC,erratic,1.0,1.607,72,282.08,0.0
CP29 - Lévis,Lévis,PI,erratic,1.0,2.165,80,66.18,0.0
CP29 - Lévis,Lévis,SA,smooth,1.0,0.48,3,1.67,0.0
CP29 - Lévis,Lévis,SP,smooth,1.0,0.468,51,2.16,0.0
CP29 - Lévis,Lévis,TO,erratic,1.0,0.854,63,5.14,0.0
CP32 - St-Hyacinthe,St-Hyacinthe,AB,lumpy,1.5,1.432,3,4.33,33.3
CP32 - St-Hyacinthe,St-Hyacinthe,AP,erratic,1.008,1.895,124,736.23,0.8
CP32 - St-Hyacinthe,St-Hyacinthe,AS,smooth,1.0,0.46,121,10.15,0.0
CP32 - St-Hyacinthe,St-Hyacinthe,BQ,erratic,1.0,0.953,91,10.34,0.0
CP32 - St-Hyacinthe,St-Hyacinthe,CA,smooth,1.0,0.0,1,1.0,0.0
CP32 - St-Hyacinthe,St-Hyacinthe,CH,erratic,1.0,0.574,75,3.52,0.0
CP32 - St-Hyacinthe,St-Hyacinthe,CR,erratic,1.048,0.879,22,10.23,4.5
CP32 - St-Hyacinthe,St-Hyacinthe,FI,erratic,1.011,0.985,96,3.51,1.0
CP32 - St-Hyacinthe,St-Hyacinthe,GA,erratic,1.024,1.169,84,7.38,2.4
CP32 - St-Hyacinthe,St-Hyacinthe,HT,erratic,1.012,0.536,81,3.51,1.2
CP32 - St-Hyacinthe,St-Hyacinthe,IN,erratic,1.029,1.522,108,86.04,2.8
CP32 - St-Hyacinthe,St-Hyacinthe,LI,erratic,1.0,2.86,109,9.94,0.0
CP32 - St-Hyacinthe,St-Hyacinthe,LO,erratic,1.0,2.01,119,43.45,0.0
CP32 - St-Hyacinthe,St-Hyacinthe,ME,erratic,1.026,1.408,117,53.27,2.6
CP32 - St-Hyacinthe,St-Hyacinthe,MK,smooth,1.133,0.278,17,1.88,11.8
CP32 - St-Hyacinthe,St-Hyacinthe,PA,erratic,1.016,0.594,64,5.61,1.6
CP32 - St-Hyacinthe,St-Hyacinthe,PC,erratic,1.0,1.602,124,603.19,0.0
CP32 - St-Hyacinthe,St-Hyacinthe,PI,erratic,1.0,0.776,123,27.02,0.0
CP32 - St-Hyacinthe,St-Hyacinthe,SA,smooth,1.0,0.0,1,1.0,0.0
CP32 - St-Hyacinthe,St-Hyacinthe,SE,erratic,1.019,1.92,106,247.14,1.9
CP32 - St-Hyacinthe,St-Hyacinthe,SP,smooth,1.0,0.452,77,1.97,0.0
CP32 - St-Hyacinthe,St-Hyacinthe,TO,erratic,1.0,0.635,90,4.3,0.0
CP33 - Sorel-Tracy,Sorel-Tracy,AB,smooth,1.0,0.291,6,2.17,0.0
CP33 - Sorel-Tracy,Sorel-Tracy,AM,smooth,1.143,0.144,8,1.12,12.5
CP33 - Sorel-Tracy,Sorel-Tracy,AP,erratic,1.017,1.671,121,272.17,1.7
CP33 - Sorel-Tracy,Sorel-Tracy,AS,erratic,1.008,0.533,121,11.46,0.8
CP33 - Sorel-Tracy,Sorel-Tracy,AZ,erratic,1.056,2.891,57,53.54,5.3
CP33 - Sorel-Tracy,Sorel-Tracy,BQ,erratic,1.032,0.589,64,3.05,3.1
CP33 - Sorel-Tracy,Sorel-Tracy,CC,smooth,1.0,0.488,16,1.88,0.0
CP33 - Sorel-Tracy,Sorel-Tracy,CH,erratic,1.029,0.552,72,2.49,2.8
CP33 - Sorel-Tracy,Sorel-Tracy,CR,erratic,1.034,3.232,30,4.53,3.3
CP33 - Sorel-Tracy,Sorel-Tracy,DI,erratic,1.0,0.5,2,2.0,0.0
CP33 - Sorel-Tracy,Sorel-Tracy,FI,smooth,1.0,0.333,48,1.83,0.0
CP33 - Sorel-Tracy,Sorel-Tracy,GA,erratic,1.0,0.664,77,4.47,0.0
CP33 - Sorel-Tracy,Sorel-Tracy,HT,erratic,1.0,0.921,64,5.53,0.0
CP33 - Sorel-Tracy,Sorel-Tracy,IN,erratic,1.03,0.692,68,4.04,2.9
CP33 - Sorel-Tracy,Sorel-Tracy,INM,erratic,1.018,27.241,56,13.8,1.8
CP33 - Sorel-Tracy,Sorel-Tracy,LI,erratic,1.014,0.723,70,4.46,1.4
CP33 - Sorel-Tracy,Sorel-Tracy,LO,erratic,1.019,1.94,110,18.95,1.8
CP33 - Sorel-Tracy,Sorel-Tracy,ME,erratic,1.0,1.471,107,22.63,0.0
CP33 - Sorel-Tracy,Sorel-Tracy,MK,smooth,1.0,0.326,25,1.6,0.0
CP33 - Sorel-Tracy,Sorel-Tracy,PA,erratic,1.0,0.558,56,6.39,0.0
CP33 - Sorel-Tracy,Sorel-Tracy,PC,erratic,1.0,1.295,124,261.67,0.0
CP33 - Sorel-Tracy,Sorel-Tracy,PI,erratic,1.045,1.559,116,31.24,4.3
CP33 - Sorel-Tracy,Sorel-Tracy,SE,erratic,1.014,0.997,75,6.96,1.3
CP33 - Sorel-Tracy,Sorel-Tracy,SP,smooth,1.0,0.304,48,1.54,0.0
CP33 - Sorel-Tracy,Sorel-Tracy,TO,erratic,1.027,0.709,38,4.08,2.6
CP35 - Saint-Jean-sur-Richelieu,Saint-Jean-sur-Richelieu,AM,erratic,1.038,0.83,27,2.78,3.7
CP35 - Saint-Jean-sur-Richelieu,Saint-Jean-sur-Richelieu,AP,erratic,1.008,1.412,121,997.98,0.8
CP35 - Saint-Jean-sur-Richelieu,Saint-Jean-sur-Richelieu,AS,smooth,1.0,0.276,121,35.66,0.0
CP35 - Saint-Jean-sur-Richelieu,Saint-Jean-sur-Richelieu,AZ,erratic,1.023,3.668,90,140.22,2.2
CP35 - Saint-Jean-sur-Richelieu,Saint-Jean-sur-Richelieu,BQ,erratic,1.044,0.92,95,7.43,4.2
CP35 - Saint-Jean-sur-Richelieu,Saint-Jean-sur-Richelieu,CA,smooth,1.0,0.0,1,1.0,0.0
CP35 - Saint-Jean-sur-Richelieu,Saint-Jean-sur-Richelieu,CC,smooth,1.0,0.0,1,1.0,0.0
CP35 - Saint-Jean-sur-Richelieu,Saint-Jean-sur-Richelieu,CH,erratic,1.0,0.644,104,7.38,0.0
CP35 - Saint-Jean-sur-Richelieu,Saint-Jean-sur-Richelieu,CR,erratic,1.143,1.494,56,14.33,12.5
CP35 - Saint-Jean-sur-Richelieu,Saint-Jean-sur-Richelieu,DI,smooth,1.0,0.0,1,286.0,0.0
CP35 - Saint-Jean-sur-Richelieu,Saint-Jean-sur-Richelieu,FI,erratic,1.011,0.575,95,3.2,1.1
CP35 - Saint-Jean-sur-Richelieu,Saint-Jean-sur-Richelieu,GA,erratic,1.033,1.143,95,8.27,3.2
CP35 - Saint-Jean-sur-Richelieu,Saint-Jean-sur-Richelieu,HT,erratic,1.0,0.79,94,11.86,0.0
CP35 - Saint-Jean-sur-Richelieu,Saint-Jean-sur-Richelieu,IN,erratic,1.01,6.413,99,26.37,1.0
CP35 - Saint-Jean-sur-Richelieu,Saint-Jean-sur-Richelieu,INM,smooth,1.011,0.468,92,3.38,1.1
CP35 - Saint-Jean-sur-Richelieu,Saint-Jean-sur-Richelieu,LI,erratic,1.0,0.58,109,17.69,0.0
CP35 - Saint-Jean-sur-Richelieu,Saint-Jean-sur-Richelieu,LO,erratic,1.0,1.996,121,98.65,0.0
CP35 - Saint-Jean-sur-Richelieu,Saint-Jean-sur-Richelieu,ME,erratic,1.009,1.333,116,47.78,0.9
CP35 - Saint-Jean-sur-Richelieu,Saint-Jean-sur-Richelieu,MK,lumpy,2.348,11.456,108,3.94,57.4
CP35 - Saint-Jean-sur-Richelieu,Saint-Jean-sur-Richelieu,PA,erratic,1.054,1.393,59,7.32,5.1
CP35 - Saint-Jean-sur-Richelieu,Saint-Jean-sur-Richelieu,PB,smooth,1.0,0.367,2,3.5,0.0
CP35 - Saint-Jean-sur-Richelieu,Saint-Jean-sur-Richelieu,PC,erratic,1.0,1.404,121,915.31,0.0
CP35 - Saint-Jean-sur-Richelieu,Saint-Jean-sur-Richelieu,PI,erratic,1.008,1.681,121,133.09,0.8
CP35 - Saint-Jean-sur-Richelieu,Saint-Jean-sur-Richelieu,SA,smooth,1.0,0.139,5,1.2,0.0
CP35 - Saint-Jean-sur-Richelieu,Saint-Jean-sur-Richelieu,SE,erratic,1.0,1.363,114,35.05,0.0
CP35 - Saint-Jean-sur-Richelieu,Saint-Jean-sur-Richelieu,SP,smooth,1.011,0.388,92,2.97,1.1
CP35 - Saint-Jean-sur-Richelieu,Saint-Jean-sur-Richelieu,TO,erratic,1.017,0.866,61,8.62,1.6
CP36 - Saint-Eustache,Saint-Eustache,AB,erratic,1.0,1.567,15,24.6,0.0
CP36 - Saint-Eustache,Saint-Eustache,AM,smooth,1.033,0.453,31,1.77,3.2
CP36 - Saint-Eustache,Saint-Eustache,AP,erratic,1.0,1.769,124,752.95,0.0
CP36 - Saint-Eustache,Saint-Eustache,AS,erratic,1.0,0.521,124,38.15,0.0
CP36 - Saint-Eustache,Saint-Eustache,AZ,smooth,1.0,0.13,4,12.0,0.0
CP36 - Saint-Eustache,Saint-Eustache,BQ,erratic,1.009,2.267,107,18.05,0.9
CP36 - Saint-Eustache,Saint-Eustache,CC,lumpy,2.6,0.711,52,0.77,61.5
CP36 - Saint-Eustache,Saint-Eustache,CH,erratic,1.0,1.392,92,9.5,0.0
CP36 - Saint-Eustache,Saint-Eustache,CR,smooth,1.0,0.263,14,1.64,0.0
CP36 - Saint-Eustache,Saint-Eustache,FI,erratic,1.0,0.543,108,6.01,0.0
CP36 - Saint-Eustache,Saint-Eustache,GA,erratic,1.01,1.523,100,18.24,1.0
CP36 - Saint-Eustache,Saint-Eustache,HT,erratic,1.063,0.63,84,4.05,6.0
CP36 - Saint-Eustache,Saint-Eustache,IN,erratic,1.0,6.063,96,13.62,0.0
CP36 - Saint-Eustache,Saint-Eustache,LI,erratic,1.0,0.89,83,5.07,0.0
CP36 - Saint-Eustache,Saint-Eustache,LO,erratic,1.0,2.312,123,98.49,0.0
CP36 - Saint-Eustache,Saint-Eustache,ME,erratic,1.009,1.251,118,74.26,0.8
CP36 - Saint-Eustache,Saint-Eustache,PA,erratic,1.054,0.978,78,15.32,5.1
CP36 - Saint-Eustache,Saint-Eustache,PC,erratic,1.0,1.997,124,756.0,0.0
CP36 - Saint-Eustache,Saint-Eustache,PI,erratic,1.008,2.838,121,218.05,0.8
CP36 - Saint-Eustache,Saint-Eustache,SE,erratic,1.024,5.83,87,10.0,2.3
CP36 - Saint-Eustache,Saint-Eustache,SP,erratic,1.03,2.689,69,2.67,2.9
CP36 - Saint-Eustache,Saint-Eustache,TO,erratic,1.022,0.983,92,7.11,2.2
CP37 - Gatineau,Gatineau,AB,erratic,1.083,1.144,13,79.46,7.7
CP37 - Gatineau,Gatineau,AM,smooth,1.0,0.197,28,1.43,0.0
CP37 - Gatineau,Gatineau,AP,erratic,1.0,2.256,124,880.6,0.0
CP37 - Gatineau,Gatineau,AS,smooth,1.0,0.178,124,90.73,0.0
CP37 - Gatineau,Gatineau,AZ,erratic,1.14,1.322,49,9.39,12.2
CP37 - Gatineau,Gatineau,BQ,erratic,1.0,0.854,72,4.92,0.0
CP37 - Gatineau,Gatineau,CA,smooth,1.0,0.0,11,1.0,0.0
CP37 - Gatineau,Gatineau,CH,erratic,1.0,0.601,84,5.35,0.0
CP37 - Gatineau,Gatineau,CR,smooth,1.0,0.312,8,4.25,0.0
CP37 - Gatineau,Gatineau,DI,erratic,1.029,0.695,108,7.49,2.8
CP37 - Gatineau,Gatineau,FI,erratic,1.054,0.873,97,2.6,5.2
CP37 - Gatineau,Gatineau,GA,erratic,1.0,6.944,93,8.26,0.0
CP37 - Gatineau,Gatineau,HT,erratic,1.0,0.732,99,6.06,0.0
CP37 - Gatineau,Gatineau,IN,erratic,1.028,1.604,111,94.95,2.7
CP37 - Gatineau,Gatineau,LI,erratic,1.0,0.539,112,13.57,0.0
CP37 - Gatineau,Gatineau,LO,erratic,1.0,1.45,123,55.99,0.0
CP37 - Gatineau,Gatineau,ME,erratic,1.0,1.583,123,84.34,0.0
CP37 - Gatineau,Gatineau,MK,erratic,1.008,4.688,119,15.57,0.8
CP37 - Gatineau,Gatineau,PA,erratic,1.012,1.285,82,15.93,1.2
CP37 - Gatineau,Gatineau,PC,erratic,1.0,1.209,124,1052.71,0.0
CP37 - Gatineau,Gatineau,PI,erratic,1.0,2.061,123,458.82,0.0
CP37 - Gatineau,Gatineau,SE,erratic,1.0,1.845,77,5.99,0.0
CP37 - Gatineau,Gatineau,SP,erratic,1.042,0.664,99,3.16,4.0
CP37 - Gatineau,Gatineau,TO,erratic,1.0,0.693,105,10.29,0.0
CP39 - Joliette,Joliette,AM,erratic,1.0,0.616,21,2.14,0.0
CP39 - Joliette,Joliette,AP,erratic,1.017,1.816,123,282.04,1.6
CP39 - Joliette,Joliette,AS,erratic,1.0,0.621,123,18.2,0.0
CP39 - Joliette,Joliette,AZ,erratic,1.016,3.169,65,33.85,1.5
CP39 - Joliette,Joliette,BQ,erratic,1.0,0.889,56,3.88,0.0
CP39 - Joliette,Joliette,CA,smooth,1.0,0.0,1,1.0,0.0
CP39 - Joliette,Joliette,CC,smooth,1.0,0.142,8,1.38,0.0
CP39 - Joliette,Joliette,CH,erratic,1.0,0.52,83,3.34,0.0
CP39 - Joliette,Joliette,CR,smooth,1.0,0.381,8,1.5,0.0
CP39 - Joliette,Joliette,DI,smooth,1.125,0.293,9,1.22,11.1
CP39 - Joliette,Joliette,FI,erratic,1.0,1.247,69,2.9,0.0
CP39 - Joliette,Joliette,GA,erratic,1.012,1.017,84,6.13,1.2
CP39 - Joliette,Joliette,HT,erratic,1.027,0.715,76,5.61,2.6
CP39 - Joliette,Joliette,IN,erratic,1.027,0.578,76,4.22,2.6
CP39 - Joliette,Joliette,INM,erratic,1.015,0.665,67,3.19,1.5
CP39 - Joliette,Joliette,LI,erratic,1.021,1.826,96,20.96,2.1
CP39 - Joliette,Joliette,LO,erratic,1.01,1.607,102,34.02,1.0
CP39 - Joliette,Joliette,ME,erratic,1.0,1.039,102,28.1,0.0
CP39 - Joliette,Joliette,MK,smooth,1.029,0.352,36,1.67,2.8
CP39 - Joliette,Joliette,PA,erratic,1.018,0.798,56,3.96,1.8
CP39 - Joliette,Joliette,PB,smooth,1.0,0.0,3,1.0,0.0
CP39 - Joliette,Joliette,PC,erratic,1.0,1.337,124,269.63,0.0
CP39 - Joliette,Joliette,PI,erratic,1.025,1.632,124,32.9,2.4
CP39 - Joliette,Joliette,SA,smooth,1.0,0.0,2,1.0,0.0
CP39 - Joliette,Joliette,SE,erratic,1.02,1.345,101,6.79,2.0
CP39 - Joliette,Joliette,SP,smooth,1.029,0.316,70,1.9,2.9
CP39 - Joliette,Joliette,TO,erratic,1.023,0.566,44,4.14,2.3
CP40 - Thetford Mines,Thetford Mines,AM,smooth,1.0,0.25,3,2.0,0.0
CP40 - Thetford Mines,Thetford Mines,AP,erratic,1.015,2.166,69,127.25,1.4
CP40 - Thetford Mines,Thetford Mines,AS,erratic,1.0,0.657,68,19.49,0.0
CP40 - Thetford Mines,Thetford Mines,BQ,smooth,1.045,0.39,23,2.0,4.3
CP40 - Thetford Mines,Thetford Mines,CC,smooth,1.0,0.135,13,1.31,0.0
CP40 - Thetford Mines,Thetford Mines,CH,erratic,1.0,0.541,24,6.12,0.0
CP40 - Thetford Mines,Thetford Mines,CR,smooth,1.0,0.0,1,10.0,0.0
CP40 - Thetford Mines,Thetford Mines,DI,erratic,1.2,39.962,48,13285.62,16.7
CP40 - Thetford Mines,Thetford Mines,FI,smooth,1.0,0.082,4,1.75,0.0
CP40 - Thetford Mines,Thetford Mines,GA,smooth,1.12,0.433,28,2.64,10.7
CP40 - Thetford Mines,Thetford Mines,HT,smooth,1.05,0.464,21,2.57,4.8
CP40 - Thetford Mines,Thetford Mines,IN,erratic,1.038,0.781,55,8.96,3.6
CP40 - Thetford Mines,Thetford Mines,LI,smooth,1.069,0.408,31,3.19,6.5
CP40 - Thetford Mines,Thetford Mines,LO,erratic,1.0,1.23,58,10.24,0.0
CP40 - Thetford Mines,Thetford Mines,ME,erratic,1.023,1.173,45,16.82,2.2
CP40 - Thetford Mines,Thetford Mines,MK,erratic,1.0,1.583,30,10.73,0.0
CP40 - Thetford Mines,Thetford Mines,PA,erratic,1.045,0.55,23,3.35,4.3
CP40 - Thetford Mines,Thetford Mines,PC,erratic,1.0,1.461,69,210.46,0.0
CP40 - Thetford Mines,Thetford Mines,PI,erratic,1.063,2.218,67,98.18,6.0
CP40 - Thetford Mines,Thetford Mines,SP,smooth,1.0,0.346,29,1.66,0.0
CP40 - Thetford Mines,Thetford Mines,TO,erratic,1.0,0.865,24,4.88,0.0
CP43 - Ste-Foy,Ste-Foy,AM,erratic,1.0,0.535,22,1.95,0.0
CP43 - Ste-Foy,Ste-Foy,AP,erratic,1.0,2.107,81,431.63,0.0
CP43 - Ste-Foy,Ste-Foy,AS,erratic,1.0,0.559,79,29.48,0.0
CP43 - Ste-Foy,Ste-Foy,AZ,erratic,1.0,2.638,46,43.04,0.0
CP43 - Ste-Foy,Ste-Foy,BQ,erratic,1.0,0.85,48,5.23,0.0
CP43 - Ste-Foy,Ste-Foy,CC,erratic,1.034,0.958,30,2.03,3.3
CP43 - Ste-Foy,Ste-Foy,CH,erratic,1.0,0.817,52,5.13,0.0
CP43 - Ste-Foy,Ste-Foy,FI,erratic,1.0,1.109,50,3.32,0.0
CP43 - Ste-Foy,Ste-Foy,GA,erratic,1.0,0.809,58,6.55,0.0
CP43 - Ste-Foy,Ste-Foy,HT,lumpy,18.333,0.55,55,0.24,94.5
CP43 - Ste-Foy,Ste-Foy,IN,smooth,1.043,0.179,24,1.5,4.2
CP43 - Ste-Foy,Ste-Foy,LO,erratic,1.032,1.444,65,38.69,3.1
CP43 - Ste-Foy,Ste-Foy,ME,erratic,1.042,1.695,75,42.53,4.0
CP43 - Ste-Foy,Ste-Foy,PA,erratic,1.0,0.695,33,7.82,0.0
CP43 - Ste-Foy,Ste-Foy,PC,erratic,1.0,1.925,74,496.91,0.0
CP43 - Ste-Foy,Ste-Foy,PI,erratic,1.0,2.85,78,72.92,0.0
CP43 - Ste-Foy,Ste-Foy,SA,smooth,1.0,0.0,2,1.0,0.0
CP43 - Ste-Foy,Ste-Foy,SP,smooth,1.0,0.329,44,1.93,0.0
CP43 - Ste-Foy,Ste-Foy,TO,erratic,1.0,0.612,55,4.69,0.0
CP44 - St-Constant,St-Constant,AM,smooth,1.0,0.278,26,1.54,0.0
CP44 - St-Constant,St-Constant,AP,erratic,1.0,1.881,120,309.8,0.0
CP44 - St-Constant,St-Constant,AS,erratic,1.0,1.222,122,157.76,0.0
CP44 - St-Constant,St-Constant,AZ,erratic,1.023,4.631,89,45.81,2.2
CP44 - St-Constant,St-Constant,BQ,erratic,1.014,0.842,74,7.88,1.4
CP44 - St-Constant,St-Constant,CA,smooth,1.0,0.0,1,1.0,0.0
CP44 - St-Constant,St-Constant,CC,smooth,1.03,0.439,34,1.59,2.9
CP44 - St-Constant,St-Constant,CH,erratic,1.0,0.494,86,3.87,0.0
CP44 - St-Constant,St-Constant,CR,erratic,1.042,0.502,25,2.16,4.0
CP44 - St-Constant,St-Constant,DI,erratic,1.0,1.076,14,5.29,0.0
CP44 - St-Constant,St-Constant,FI,erratic,1.011,0.638,94,3.26,1.1
CP44 - St-Constant,St-Constant,GA,erratic,1.024,0.959,86,5.48,2.3
CP44 - St-Constant,St-Constant,HT,erratic,1.027,0.736,76,5.14,2.6
CP44 - St-Constant,St-Constant,IN,erratic,1.0,0.572,81,5.46,0.0
CP44 - St-Constant,St-Constant,INM,erratic,1.013,18.968,79,23.03,1.3
CP44 - St-Constant,St-Constant,LI,erratic,1.0,2.533,92,16.58,0.0
CP44 - St-Constant,St-Constant,LO,erratic,1.0,1.458,119,45.53,0.0
CP44 - St-Constant,St-Constant,ME,erratic,1.02,1.374,104,30.18,1.9
CP44 - St-Constant,St-Constant,MK,erratic,1.032,3.0,65,3.02,3.1
CP44 - St-Constant,St-Constant,PA,erratic,1.0,0.541,49,6.02,0.0
CP44 - St-Constant,St-Constant,PB,smooth,1.0,0.0,3,2.0,0.0
CP44 - St-Constant,St-Constant,PC,erratic,1.0,1.391,122,349.53,0.0
CP44 - St-Constant,St-Constant,PI,erratic,1.0,2.014,117,50.95,0.0
CP44 - St-Constant,St-Constant,SA,smooth,1.0,0.0,1,2.0,0.0
CP44 - St-Constant,St-Constant,SE,erratic,1.0,0.675,106,7.94,0.0
CP44 - St-Constant,St-Constant,SP,smooth,1.019,0.426,55,1.73,1.8
CP44 - St-Constant,St-Constant,TO,erratic,1.0,0.964,47,4.89,0.0
CP45 - Cowansville,Cowansville,AP,erratic,1.0,1.356,124,437.14,0.0
CP45 - Cowansville,Cowansville,AS,smooth,1.0,0.262,123,10.84,0.0
CP45 - Cowansville,Cowansville,BQ,erratic,1.0,0.903,102,9.49,0.0
CP45 - Cowansville,Cowansville,CA,smooth,1.0,0.0,1,1.0,0.0
CP45 - Cowansville,Cowansville,CH,smooth,1.016,0.416,65,2.4,1.5
CP45 - Cowansville,Cowansville,CR,erratic,1.0,1.539,16,7.38,0.0
CP45 - Cowansville,Cowansville,FI,erratic,1.035,0.721,59,2.81,3.4
CP45 - Cowansville,Cowansville,GA,erratic,1.038,1.108,55,3.33,3.6
CP45 - Cowansville,Cowansville,HT,smooth,1.0,0.423,68,2.72,0.0
CP45 - Cowansville,Cowansville,IN,erratic,1.029,4.109,106,59.57,2.8
CP45 - Cowansville,Cowansville,LI,erratic,1.01,6.998,106,14.15,0.9
CP45 - Cowansville,Cowansville,LO,erratic,1.009,2.11,116,28.34,0.9
CP45 - Cowansville,Cowansville,ME,erratic,1.018,1.415,115,32.24,1.7
CP45 - Cowansville,Cowansville,MK,erratic,1.083,2.533,13,9.08,7.7
CP45 - Cowansville,Cowansville,PA,erratic,1.0,0.751,49,5.22,0.0
CP45 - Cowansville,Cowansville,PB,smooth,1.0,0.0,1,1.0,0.0
CP45 - Cowansville,Cowansville,PC,erratic,1.0,1.312,124,397.74,0.0
CP45 - Cowansville,Cowansville,PI,erratic,1.0,0.49,124,21.08,0.0
CP45 - Cowansville,Cowansville,SE,erratic,1.043,3.337,98,360.28,4.1
CP45 - Cowansville,Cowansville,SP,smooth,1.0,0.306,71,2.3,0.0
CP45 - Cowansville,Cowansville,TO,smooth,1.014,0.429,73,2.84,1.4
CP46 - Sainte-Agathe-des-Monts,Sainte-Agathe-des-Monts,AM,smooth,1.043,0.363,24,1.33,4.2
CP46 - Sainte-Agathe-des-Monts,Sainte-Agathe-des-Monts,AP,erratic,1.018,1.579,111,182.11,1.8
CP46 - Sainte-Agathe-des-Monts,Sainte-Agathe-des-Monts,AS,smooth,1.0,0.183,111,55.71,0.0
CP46 - Sainte-Agathe-des-Monts,Sainte-Agathe-des-Monts,AZ,erratic,1.024,1.498,42,25.45,2.4
CP46 - Sainte-Agathe-des-Monts,Sainte-Agathe-des-Monts,BQ,erratic,1.0,0.695,83,6.23,0.0
CP46 - Sainte-Agathe-des-Monts,Sainte-Agathe-des-Monts,CA,smooth,1.0,0.222,2,1.5,0.0
CP46 - Sainte-Agathe-des-Monts,Sainte-Agathe-des-Monts,CC,intermittent,20.0,0.0,20,0.05,95.0
CP46 - Sainte-Agathe-des-Monts,Sainte-Agathe-des-Monts,CH,smooth,1.034,0.389,61,1.98,3.3
CP46 - Sainte-Agathe-des-Monts,Sainte-Agathe-des-Monts,CM,smooth,1.0,0.0,1,8.0,0.0
CP46 - Sainte-Agathe-des-Monts,Sainte-Agathe-des-Monts,CR,smooth,1.0,0.204,13,1.46,0.0
CP46 - Sainte-Agathe-des-Monts,Sainte-Agathe-des-Monts,DI,erratic,1.3,6.37,52,5.5,23.1
CP46 - Sainte-Agathe-des-Monts,Sainte-Agathe-des-Monts,FI,erratic,1.017,0.929,59,3.97,1.7
CP46 - Sainte-Agathe-des-Monts,Sainte-Agathe-des-Monts,GA,erratic,1.014,0.708,73,3.45,1.4
CP46 - Sainte-Agathe-des-Monts,Sainte-Agathe-des-Monts,HT,erratic,1.0,1.021,48,3.27,0.0
CP46 - Sainte-Agathe-des-Monts,Sainte-Agathe-des-Monts,INM,erratic,1.038,0.674,54,3.46,3.7
CP46 - Sainte-Agathe-des-Monts,Sainte-Agathe-des-Monts,LI,smooth,1.011,0.367,93,3.17,1.1
CP46 - Sainte-Agathe-des-Monts,Sainte-Agathe-des-Monts,LO,erratic,1.0,1.392,92,17.43,0.0
CP46 - Sainte-Agathe-des-Monts,Sainte-Agathe-des-Monts,ME,erratic,1.0,1.152,102,38.48,0.0
CP46 - Sainte-Agathe-des-Monts,Sainte-Agathe-des-Monts,MK,smooth,1.033,0.39,31,2.13,3.2
CP46 - Sainte-Agathe-des-Monts,Sainte-Agathe-des-Monts,PA,erratic,1.039,0.897,53,6.32,3.8
CP46 - Sainte-Agathe-des-Monts,Sainte-Agathe-des-Monts,PC,erratic,1.0,0.637,111,214.99,0.0
CP46 - Sainte-Agathe-des-Monts,Sainte-Agathe-des-Monts,PI,erratic,1.009,0.591,111,27.78,0.9
CP46 - Sainte-Agathe-des-Monts,Sainte-Agathe-des-Monts,SA,smooth,1.0,0.0,4,1.0,0.0
CP46 - Sainte-Agathe-des-Monts,Sainte-Agathe-des-Monts,SE,smooth,1.0,0.37,110,13.47,0.0
CP46 - Sainte-Agathe-des-Monts,Sainte-Agathe-des-Monts,SP,smooth,1.03,0.38,69,2.2,2.9
CP46 - Sainte-Agathe-des-Monts,Sainte-Agathe-des-Monts,TO,smooth,1.031,0.36,33,1.88,3.0
CP47 - Riviere-du-Loup,Riviere-du-Loup,AB,erratic,1.062,6.36,17,19.22,5.9
CP47 - Riviere-du-Loup,Riviere-du-Loup,AM,erratic,1.167,3.375,14,10.11,14.3
CP47 - Riviere-du-Loup,Riviere-du-Loup,AP,erratic,1.0,3.159,73,207.35,0.0
CP47 - Riviere-du-Loup,Riviere-du-Loup,AS,erratic,1.015,0.87,68,7.35,1.5
CP47 - Riviere-du-Loup,Riviere-du-Loup,AZ,erratic,1.125,7.09,18,8.06,11.1
CP47 - Riviere-du-Loup,Riviere-du-Loup,BI,erratic,1.0,0.555,28,2.75,0.0
CP47 - Riviere-du-Loup,Riviere-du-Loup,BQ,erratic,1.0,1.011,69,16.8,0.0
CP47 - Riviere-du-Loup,Riviere-du-Loup,CC,lumpy,4.125,3.891,33,2.12,75.8
CP47 - Riviere-du-Loup,Riviere-du-Loup,CH,erratic,1.049,0.953,43,3.6,4.7
CP47 - Riviere-du-Loup,Riviere-du-Loup,CR,smooth,1.0,0.222,2,1.5,0.0
CP47 - Riviere-du-Loup,Riviere-du-Loup,DI,erratic,1.179,1.524,79,41.01,15.2
CP47 - Riviere-du-Loup,Riviere-du-Loup,FI,erratic,1.0,1.124,39,3.88,0.0
CP47 - Riviere-du-Loup,Riviere-du-Loup,GA,erratic,1.082,5.338,53,15.62,7.5
CP47 - Riviere-du-Loup,Riviere-du-Loup,HT,lumpy,1.438,0.535,23,4.13,30.4
CP47 - Riviere-du-Loup,Riviere-du-Loup,IN,erratic,1.238,0.927,26,4.15,19.2
CP47 - Riviere-du-Loup,Riviere-du-Loup,LI,erratic,1.061,1.031,70,139.6,5.7
CP47 - Riviere-du-Loup,Riviere-du-Loup,LO,erratic,1.018,1.163,56,12.86,1.8
CP47 - Riviere-du-Loup,Riviere-du-Loup,ME,erratic,1.017,1.423,60,15.63,1.7
CP47 - Riviere-du-Loup,Riviere-du-Loup,NO,smooth,1.0,0.0,2,1.0,0.0
CP47 - Riviere-du-Loup,Riviere-du-Loup,PA,erratic,1.0,0.569,21,3.81,0.0
CP47 - Riviere-du-Loup,Riviere-du-Loup,PC,erratic,1.0,0.931,72,316.55,0.0
CP47 - Riviere-du-Loup,Riviere-du-Loup,PI,erratic,1.0,2.151,74,144.21,0.0
CP47 - Riviere-du-Loup,Riviere-du-Loup,SA,intermittent,2.0,0.0,4,0.5,50.0
CP47 - Riviere-du-Loup,Riviere-du-Loup,SE,erratic,1.015,3.72,66,80.48,1.5
CP47 - Riviere-du-Loup,Riviere-du-Loup,SP,erratic,1.259,0.569,34,2.03,20.6
CP47 - Riviere-du-Loup,Riviere-du-Loup,TO,erratic,1.286,0.793,27,5.78,22.2
CP48 - Beloeil,Beloeil,AM,erratic,1.0,0.698,25,3.56,0.0
CP48 - Beloeil,Beloeil,AP,erratic,1.0,1.91,122,455.48,0.0
CP48 - Beloeil,Beloeil,AS,erratic,1.0,1.405,122,264.37,0.0
CP48 - Beloeil,Beloeil,AZ,erratic,1.0,4.384,94,68.46,0.0
CP48 - Beloeil,Beloeil,BQ,erratic,1.023,1.022,90,8.06,2.2
CP48 - Beloeil,Beloeil,CA,smooth,1.0,0.0,1,1.0,0.0
CP48 - Beloeil,Beloeil,CC,smooth,1.0,0.47,31,2.26,0.0
CP48 - Beloeil,Beloeil,CH,erratic,1.011,0.596,95,5.15,1.1
CP48 - Beloeil,Beloeil,CR,erratic,1.053,1.08,40,3.78,5.0
CP48 - Beloeil,Beloeil,DI,erratic,1.133,2.925,17,2.88,11.8
CP48 - Beloeil,Beloeil,FI,erratic,1.011,0.584,92,2.86,1.1
CP48 - Beloeil,Beloeil,GA,erratic,1.075,0.563,86,4.35,7.0
CP48 - Beloeil,Beloeil,HT,erratic,1.012,0.651,85,6.07,1.2
CP48 - Beloeil,Beloeil,IN,erratic,1.011,0.522,91,6.33,1.1
CP48 - Beloeil,Beloeil,INM,erratic,1.011,5.893,89,139.13,1.1
CP48 - Beloeil,Beloeil,LI,erratic,1.0,0.855,108,19.65,0.0
CP48 - Beloeil,Beloeil,LO,erratic,1.008,1.929,119,57.1,0.8
CP48 - Beloeil,Beloeil,ME,erratic,1.0,1.208,112,52.18,0.0
CP48 - Beloeil,Beloeil,MK,smooth,1.0,0.289,32,1.56,0.0
CP48 - Beloeil,Beloeil,PA,erratic,1.021,0.606,48,5.5,2.1
CP48 - Beloeil,Beloeil,PB,smooth,1.0,0.0,4,1.0,0.0
CP48 - Beloeil,Beloeil,PC,erratic,1.0,1.613,122,600.9,0.0
CP48 - Beloeil,Beloeil,PI,erratic,1.009,1.863,117,59.44,0.9
CP48 - Beloeil,Beloeil,SA,smooth,1.0,0.0,4,1.0,0.0
CP48 - Beloeil,Beloeil,SE,erratic,1.0,0.927,98,9.03,0.0
CP48 - Beloeil,Beloeil,SP,smooth,1.0,0.335,63,1.92,0.0
CP48 - Beloeil,Beloeil,TO,erratic,1.038,0.88,55,5.82,3.6
