store_code,city,division_code,Week,Forecast_Sales,model
CP02,Blainville,PC,2026-03-29,52.72999954223633,XGBoost_Global
CP02,Blainville,PC,2026-04-05,51.599998474121094,XGBoost_Global
CP02,Blainville,PC,2026-04-12,57.060001373291016,XGBoost_Global
CP02,Blainville,PC,2026-04-19,56.880001068115234,XGBoost_Global
CP04,Drummondville,PC,2026-03-29,81.77999877929688,XGBoost_Global
CP04,Drummondville,PC,2026-04-05,85.16999816894531,XGBoost_Global
CP04,Drummondville,PC,2026-04-12,85.16999816894531,XGBoost_Global
CP04,Drummondville,PC,2026-04-19,172.80999755859375,XGBoost_Global
CP05,Sherbrooke,PC,2026-03-29,212.38999938964844,XGBoost_Global
CP05,Sherbrooke,PC,2026-04-05,218.86000061035156,XGBoost_Global
CP05,Sherbrooke,PC,2026-04-12,295.45001220703125,XGBoost_Global
CP05,Sherbrooke,PC,2026-04-19,632.7999877929688,XGBoost_Global
CP06,Granby,PC,2026-03-29,101.63999938964844,XGBoost_Global
CP06,Granby,PC,2026-04-05,169.11000061035156,XGBoost_Global
CP06,Granby,PC,2026-04-12,288.5799865722656,XGBoost_Global
CP06,Granby,PC,2026-04-19,326.57000732421875,XGBoost_Global
CP07,Laval,PC,2026-03-29,92.77999877929688,XGBoost_Global
CP07,Laval,PC,2026-04-05,86.05000305175781,XGBoost_Global
CP07,Laval,PC,2026-04-12,99.38999938964844,XGBoost_Global
CP07,Laval,PC,2026-04-19,254.2100067138672,XGBoost_Global
CP08,Longueuil,PC,2026-03-29,59.47999954223633,XGBoost_Global
CP08,Longueuil,PC,2026-04-05,55.369998931884766,XGBoost_Global
CP08,Longueuil,PC,2026-04-12,59.47999954223633,XGBoost_Global
CP08,Longueuil,PC,2026-04-19,81.26000213623047,XGBoost_Global
CP10,Saint-Jérôme,PC,2026-03-29,90.29000091552734,XGBoost_Global
CP10,Saint-Jérôme,PC,2026-04-05,90.29000091552734,XGBoost_Global
CP10,Saint-Jérôme,PC,2026-04-12,107.79000091552734,XGBoost_Global
CP10,Saint-Jérôme,PC,2026-04-19,159.97000122070312,XGBoost_Global
CP15,Repentigny,PC,2026-03-29,69.63999938964844,XGBoost_Global
CP15,Repentigny,PC,2026-04-05,72.73999786376953,XGBoost_Global
CP15,Repentigny,PC,2026-04-12,77.23999786376953,XGBoost_Global
CP15,Repentigny,PC,2026-04-19,162.32000732421875,XGBoost_Global
CP16,Chicoutimi,PC,2026-03-29,78.02999877929688,XGBoost_Global
CP16,Chicoutimi,PC,2026-04-05,75.41000366210938,XGBoost_Global
CP16,Chicoutimi,PC,2026-04-12,75.41000366210938,XGBoost_Global
CP16,Chicoutimi,PC,2026-04-19,90.51000213623047,XGBoost_Global
CP17,Trois-Rivières,PC,2026-03-29,81.69000244140625,XGBoost_Global
CP17,Trois-Rivières,PC,2026-04-05,73.91000366210938,XGBoost_Global
CP17,Trois-Rivières,PC,2026-04-12,82.77999877929688,XGBoost_Global
CP17,Trois-Rivières,PC,2026-04-19,177.89999389648438,XGBoost_Global
CP202,Nepean,PC,2026-03-29,78.93000030517578,XGBoost_Global
CP202,Nepean,PC,2026-04-05,79.31999969482422,XGBoost_Global
CP202,Nepean,PC,2026-04-12,79.31999969482422,XGBoost_Global
CP202,Nepean,PC,2026-04-19,144.30999755859375,XGBoost_Global
CP28,Pointe-aux-Trembles,PC,2026-03-29,57.06999969482422,XGBoost_Global
CP28,Pointe-aux-Trembles,PC,2026-04-05,64.37999725341797,XGBoost_Global
CP28,Pointe-aux-Trembles,PC,2026-04-12,67.0999984741211,XGBoost_Global
CP28,Pointe-aux-Trembles,PC,2026-04-19,90.5199966430664,XGBoost_Global
CP32,St-Hyacinthe,PC,2026-03-29,56.970001220703125,XGBoost_Global
CP32,St-Hyacinthe,PC,2026-04-05,63.43000030517578,XGBoost_Global
CP32,St-Hyacinthe,PC,2026-04-12,79.44999694824219,XGBoost_Global
CP32,St-Hyacinthe,PC,2026-04-19,176.82000732421875,XGBoost_Global
CP35,Saint-Jean-sur-Richelieu,PC,2026-03-29,92.55999755859375,XGBoost_Global
CP35,Saint-Jean-sur-Richelieu,PC,2026-04-05,85.83999633789062,XGBoost_Global
CP35,Saint-Jean-sur-Richelieu,PC,2026-04-12,154.1300048828125,XGBoost_Global
CP35,Saint-Jean-sur-Richelieu,PC,2026-04-19,166.77000427246094,XGBoost_Global
CP36,Saint-Eustache,PC,2026-03-29,47.209999084472656,XGBoost_Global
CP36,Saint-Eustache,PC,2026-04-05,47.209999084472656,XGBoost_Global
CP36,Saint-Eustache,PC,2026-04-12,58.29999923706055,XGBoost_Global
CP36,Saint-Eustache,PC,2026-04-19,125.95999908447266,XGBoost_Global
CP37,Gatineau,PC,2026-03-29,141.24000549316406,XGBoost_Global
CP37,Gatineau,PC,2026-04-05,148.14999389648438,XGBoost_Global
CP37,Gatineau,PC,2026-04-12,176.1300048828125,XGBoost_Global
CP37,Gatineau,PC,2026-04-19,216.4600067138672,XGBoost_Global
CP48,Beloeil,PC,2026-03-29,53.400001525878906,XGBoost_Global
CP48,Beloeil,PC,2026-04-05,51.900001525878906,XGBoost_Global
CP48,Beloeil,PC,2026-04-12,57.150001525878906,XGBoost_Global
CP48,Beloeil,PC,2026-04-19,73.91000366210938,XGBoost_Global
CP02,Blainville,BQ,2026-03-29,2.5,Simple_Avg
CP02,Blainville,BQ,2026-04-05,2.5,Simple_Avg
CP02,Blainville,BQ,2026-04-12,2.5,Simple_Avg
CP02,Blainville,BQ,2026-04-19,2.5,Simple_Avg
CP02,Blainville,CH,2026-03-29,2.25,Simple_Avg
CP02,Blainville,CH,2026-04-05,2.25,Simple_Avg
CP02,Blainville,CH,2026-04-12,2.25,Simple_Avg
CP02,Blainville,CH,2026-04-19,2.25,Simple_Avg
CP02,Blainville,FI,2026-03-29,1.5,Simple_Avg
CP02,Blainville,FI,2026-04-05,1.5,Simple_Avg
CP02,Blainville,FI,2026-04-12,1.5,Simple_Avg
CP02,Blainville,FI,2026-04-19,1.5,Simple_Avg
CP02,Blainville,GA,2026-03-29,0.75,Simple_Avg
CP02,Blainville,GA,2026-04-05,0.75,Simple_Avg
CP02,Blainville,GA,2026-04-12,0.75,Simple_Avg
CP02,Blainville,GA,2026-04-19,0.75,Simple_Avg
CP02,Blainville,HT,2026-03-29,2.25,Simple_Avg
CP02,Blainville,HT,2026-04-05,2.25,Simple_Avg
CP02,Blainville,HT,2026-04-12,2.25,Simple_Avg
CP02,Blainville,HT,2026-04-19,2.25,Simple_Avg
CP02,Blainville,LO,2026-03-29,5.25,Simple_Avg
CP02,Blainville,LO,2026-04-05,5.25,Simple_Avg
CP02,Blainville,LO,2026-04-12,5.25,Simple_Avg
CP02,Blainville,LO,2026-04-19,5.25,Simple_Avg
CP02,Blainville,ME,2026-03-29,6.0,Simple_Avg
CP02,Blainville,ME,2026-04-05,6.0,Simple_Avg
CP02,Blainville,ME,2026-04-12,6.0,Simple_Avg
CP02,Blainville,ME,2026-04-19,6.0,Simple_Avg
CP02,Blainville,PA,2026-03-29,0.5,Simple_Avg
CP02,Blainville,PA,2026-04-05,0.5,Simple_Avg
CP02,Blainville,PA,2026-04-12,0.5,Simple_Avg
CP02,Blainville,PA,2026-04-19,0.5,Simple_Avg
CP02,Blainville,SP,2026-03-29,0.5,Simple_Avg
CP02,Blainville,SP,2026-04-05,0.5,Simple_Avg
CP02,Blainville,SP,2026-04-12,0.5,Simple_Avg
CP02,Blainville,SP,2026-04-19,0.5,Simple_Avg
CP02,Blainville,TO,2026-03-29,1.5,Simple_Avg
CP02,Blainville,TO,2026-04-05,1.5,Simple_Avg
CP02,Blainville,TO,2026-04-12,1.5,Simple_Avg
CP02,Blainville,TO,2026-04-19,1.5,Simple_Avg
CP04,Drummondville,BQ,2026-03-29,1.0,Simple_Avg
CP04,Drummondville,BQ,2026-04-05,1.0,Simple_Avg
CP04,Drummondville,BQ,2026-04-12,1.0,Simple_Avg
CP04,Drummondville,BQ,2026-04-19,1.0,Simple_Avg
CP04,Drummondville,CH,2026-03-29,1.0,Simple_Avg
CP04,Drummondville,CH,2026-04-05,1.0,Simple_Avg
CP04,Drummondville,CH,2026-04-12,1.0,Simple_Avg
CP04,Drummondville,CH,2026-04-19,1.0,Simple_Avg
CP04,Drummondville,FI,2026-03-29,4.75,Simple_Avg
CP04,Drummondville,FI,2026-04-05,4.75,Simple_Avg
CP04,Drummondville,FI,2026-04-12,4.75,Simple_Avg
CP04,Drummondville,FI,2026-04-19,4.75,Simple_Avg
CP04,Drummondville,GA,2026-03-29,12.5,Simple_Avg
CP04,Drummondville,GA,2026-04-05,12.5,Simple_Avg
CP04,Drummondville,GA,2026-04-12,12.5,Simple_Avg
CP04,Drummondville,GA,2026-04-19,12.5,Simple_Avg
CP04,Drummondville,HT,2026-03-29,4.25,Simple_Avg
CP04,Drummondville,HT,2026-04-05,4.25,Simple_Avg
CP04,Drummondville,HT,2026-04-12,4.25,Simple_Avg
CP04,Drummondville,HT,2026-04-19,4.25,Simple_Avg
CP04,Drummondville,LO,2026-03-29,13.5,Simple_Avg
CP04,Drummondville,LO,2026-04-05,13.5,Simple_Avg
CP04,Drummondville,LO,2026-04-12,13.5,Simple_Avg
CP04,Drummondville,LO,2026-04-19,13.5,Simple_Avg
CP04,Drummondville,ME,2026-03-29,5.75,Simple_Avg
CP04,Drummondville,ME,2026-04-05,5.75,Simple_Avg
CP04,Drummondville,ME,2026-04-12,5.75,Simple_Avg
CP04,Drummondville,ME,2026-04-19,5.75,Simple_Avg
CP04,Drummondville,PA,2026-03-29,1.25,Simple_Avg
CP04,Drummondville,PA,2026-04-05,1.25,Simple_Avg
CP04,Drummondville,PA,2026-04-12,1.25,Simple_Avg
CP04,Drummondville,PA,2026-04-19,1.25,Simple_Avg
CP04,Drummondville,SP,2026-03-29,1.0,Simple_Avg
CP04,Drummondville,SP,2026-04-05,1.0,Simple_Avg
CP04,Drummondville,SP,2026-04-12,1.0,Simple_Avg
CP04,Drummondville,SP,2026-04-19,1.0,Simple_Avg
CP04,Drummondville,TO,2026-03-29,0.75,Simple_Avg
CP04,Drummondville,TO,2026-04-05,0.75,Simple_Avg
CP04,Drummondville,TO,2026-04-12,0.75,Simple_Avg
CP04,Drummondville,TO,2026-04-19,0.75,Simple_Avg
CP05,Sherbrooke,BQ,2026-03-29,2.0,Simple_Avg
CP05,Sherbrooke,BQ,2026-04-05,2.0,Simple_Avg
CP05,Sherbrooke,BQ,2026-04-12,2.0,Simple_Avg
CP05,Sherbrooke,BQ,2026-04-19,2.0,Simple_Avg
CP05,Sherbrooke,CH,2026-03-29,0.75,Simple_Avg
CP05,Sherbrooke,CH,2026-04-05,0.75,Simple_Avg
CP05,Sherbrooke,CH,2026-04-12,0.75,Simple_Avg
CP05,Sherbrooke,CH,2026-04-19,0.75,Simple_Avg
CP05,Sherbrooke,FI,2026-03-29,4.75,Simple_Avg
CP05,Sherbrooke,FI,2026-04-05,4.75,Simple_Avg
CP05,Sherbrooke,FI,2026-04-12,4.75,Simple_Avg
CP05,Sherbrooke,FI,2026-04-19,4.75,Simple_Avg
CP05,Sherbrooke,GA,2026-03-29,0.75,Simple_Avg
CP05,Sherbrooke,GA,2026-04-05,0.75,Simple_Avg
CP05,Sherbrooke,GA,2026-04-12,0.75,Simple_Avg
CP05,Sherbrooke,GA,2026-04-19,0.75,Simple_Avg
CP05,Sherbrooke,HT,2026-03-29,1.25,Simple_Avg
CP05,Sherbrooke,HT,2026-04-05,1.25,Simple_Avg
CP05,Sherbrooke,HT,2026-04-12,1.25,Simple_Avg
CP05,Sherbrooke,HT,2026-04-19,1.25,Simple_Avg
CP05,Sherbrooke,LO,2026-03-29,13.75,Simple_Avg
CP05,Sherbrooke,LO,2026-04-05,13.75,Simple_Avg
CP05,Sherbrooke,LO,2026-04-12,13.75,Simple_Avg
CP05,Sherbrooke,LO,2026-04-19,13.75,Simple_Avg
CP05,Sherbrooke,ME,2026-03-29,22.5,Simple_Avg
CP05,Sherbrooke,ME,2026-04-05,22.5,Simple_Avg
CP05,Sherbrooke,ME,2026-04-12,22.5,Simple_Avg
CP05,Sherbrooke,ME,2026-04-19,22.5,Simple_Avg
CP05,Sherbrooke,PA,2026-03-29,1.75,Simple_Avg
CP05,Sherbrooke,PA,2026-04-05,1.75,Simple_Avg
CP05,Sherbrooke,PA,2026-04-12,1.75,Simple_Avg
CP05,Sherbrooke,PA,2026-04-19,1.75,Simple_Avg
CP05,Sherbrooke,SP,2026-03-29,1.0,Simple_Avg
CP05,Sherbrooke,SP,2026-04-05,1.0,Simple_Avg
CP05,Sherbrooke,SP,2026-04-12,1.0,Simple_Avg
CP05,Sherbrooke,SP,2026-04-19,1.0,Simple_Avg
CP05,Sherbrooke,TO,2026-03-29,0.75,Simple_Avg
CP05,Sherbrooke,TO,2026-04-05,0.75,Simple_Avg
CP05,Sherbrooke,TO,2026-04-12,0.75,Simple_Avg
CP05,Sherbrooke,TO,2026-04-19,0.75,Simple_Avg
CP06,Granby,BQ,2026-03-29,1.25,Simple_Avg
CP06,Granby,BQ,2026-04-05,1.25,Simple_Avg
CP06,Granby,BQ,2026-04-12,1.25,Simple_Avg
CP06,Granby,BQ,2026-04-19,1.25,Simple_Avg
CP06,Granby,CH,2026-03-29,1.25,Simple_Avg
CP06,Granby,CH,2026-04-05,1.25,Simple_Avg
CP06,Granby,CH,2026-04-12,1.25,Simple_Avg
CP06,Granby,CH,2026-04-19,1.25,Simple_Avg
CP06,Granby,FI,2026-03-29,3.5,Simple_Avg
CP06,Granby,FI,2026-04-05,3.5,Simple_Avg
CP06,Granby,FI,2026-04-12,3.5,Simple_Avg
CP06,Granby,FI,2026-04-19,3.5,Simple_Avg
CP06,Granby,GA,2026-03-29,37.5,Simple_Avg
CP06,Granby,GA,2026-04-05,37.5,Simple_Avg
CP06,Granby,GA,2026-04-12,37.5,Simple_Avg
CP06,Granby,GA,2026-04-19,37.5,Simple_Avg
CP06,Granby,HT,2026-03-29,2.0,Simple_Avg
CP06,Granby,HT,2026-04-05,2.0,Simple_Avg
CP06,Granby,HT,2026-04-12,2.0,Simple_Avg
CP06,Granby,HT,2026-04-19,2.0,Simple_Avg
CP06,Granby,LO,2026-03-29,13.0,Simple_Avg
CP06,Granby,LO,2026-04-05,13.0,Simple_Avg
CP06,Granby,LO,2026-04-12,13.0,Simple_Avg
CP06,Granby,LO,2026-04-19,13.0,Simple_Avg
CP06,Granby,ME,2026-03-29,15.25,Simple_Avg
CP06,Granby,ME,2026-04-05,15.25,Simple_Avg
CP06,Granby,ME,2026-04-12,15.25,Simple_Avg
CP06,Granby,ME,2026-04-19,15.25,Simple_Avg
CP06,Granby,PA,2026-03-29,1.0,Simple_Avg
CP06,Granby,PA,2026-04-05,1.0,Simple_Avg
CP06,Granby,PA,2026-04-12,1.0,Simple_Avg
CP06,Granby,PA,2026-04-19,1.0,Simple_Avg
CP06,Granby,SP,2026-03-29,0.75,Simple_Avg
CP06,Granby,SP,2026-04-05,0.75,Simple_Avg
CP06,Granby,SP,2026-04-12,0.75,Simple_Avg
CP06,Granby,SP,2026-04-19,0.75,Simple_Avg
CP06,Granby,TO,2026-03-29,1.75,Simple_Avg
CP06,Granby,TO,2026-04-05,1.75,Simple_Avg
CP06,Granby,TO,2026-04-12,1.75,Simple_Avg
CP06,Granby,TO,2026-04-19,1.75,Simple_Avg
CP07,Laval,BQ,2026-03-29,2.25,Simple_Avg
CP07,Laval,BQ,2026-04-05,2.25,Simple_Avg
CP07,Laval,BQ,2026-04-12,2.25,Simple_Avg
CP07,Laval,BQ,2026-04-19,2.25,Simple_Avg
CP07,Laval,CH,2026-03-29,1.25,Simple_Avg
CP07,Laval,CH,2026-04-05,1.25,Simple_Avg
CP07,Laval,CH,2026-04-12,1.25,Simple_Avg
CP07,Laval,CH,2026-04-19,1.25,Simple_Avg
CP07,Laval,FI,2026-03-29,5.5,Simple_Avg
CP07,Laval,FI,2026-04-05,5.5,Simple_Avg
CP07,Laval,FI,2026-04-12,5.5,Simple_Avg
CP07,Laval,FI,2026-04-19,5.5,Simple_Avg
CP07,Laval,GA,2026-03-29,1.75,Simple_Avg
CP07,Laval,GA,2026-04-05,1.75,Simple_Avg
CP07,Laval,GA,2026-04-12,1.75,Simple_Avg
CP07,Laval,GA,2026-04-19,1.75,Simple_Avg
CP07,Laval,HT,2026-03-29,3.75,Simple_Avg
CP07,Laval,HT,2026-04-05,3.75,Simple_Avg
CP07,Laval,HT,2026-04-12,3.75,Simple_Avg
CP07,Laval,HT,2026-04-19,3.75,Simple_Avg
CP07,Laval,LO,2026-03-29,17.5,Simple_Avg
CP07,Laval,LO,2026-04-05,17.5,Simple_Avg
CP07,Laval,LO,2026-04-12,17.5,Simple_Avg
CP07,Laval,LO,2026-04-19,17.5,Simple_Avg
CP07,Laval,ME,2026-03-29,24.75,Simple_Avg
CP07,Laval,ME,2026-04-05,24.75,Simple_Avg
CP07,Laval,ME,2026-04-12,24.75,Simple_Avg
CP07,Laval,ME,2026-04-19,24.75,Simple_Avg
CP07,Laval,PA,2026-03-29,21.25,Simple_Avg
CP07,Laval,PA,2026-04-05,21.25,Simple_Avg
CP07,Laval,PA,2026-04-12,21.25,Simple_Avg
CP07,Laval,PA,2026-04-19,21.25,Simple_Avg
CP07,Laval,SP,2026-03-29,1.0,Simple_Avg
CP07,Laval,SP,2026-04-05,1.0,Simple_Avg
CP07,Laval,SP,2026-04-12,1.0,Simple_Avg
CP07,Laval,SP,2026-04-19,1.0,Simple_Avg
CP07,Laval,TO,2026-03-29,1.5,Simple_Avg
CP07,Laval,TO,2026-04-05,1.5,Simple_Avg
CP07,Laval,TO,2026-04-12,1.5,Simple_Avg
CP07,Laval,TO,2026-04-19,1.5,Simple_Avg
CP07,Liquidation,BQ,2026-03-29,1.5,Simple_Avg
CP07,Liquidation,BQ,2026-04-05,1.5,Simple_Avg
CP07,Liquidation,BQ,2026-04-12,1.5,Simple_Avg
CP07,Liquidation,BQ,2026-04-19,1.5,Simple_Avg
CP07,Liquidation,CH,2026-03-29,0.75,Simple_Avg
CP07,Liquidation,CH,2026-04-05,0.75,Simple_Avg
CP07,Liquidation,CH,2026-04-12,0.75,Simple_Avg
CP07,Liquidation,CH,2026-04-19,0.75,Simple_Avg
CP07,Liquidation,FI,2026-03-29,1.0,Simple_Avg
CP07,Liquidation,FI,2026-04-05,1.0,Simple_Avg
CP07,Liquidation,FI,2026-04-12,1.0,Simple_Avg
CP07,Liquidation,FI,2026-04-19,1.0,Simple_Avg
CP07,Liquidation,GA,2026-03-29,2.25,Simple_Avg
CP07,Liquidation,GA,2026-04-05,2.25,Simple_Avg
CP07,Liquidation,GA,2026-04-12,2.25,Simple_Avg
CP07,Liquidation,GA,2026-04-19,2.25,Simple_Avg
CP07,Liquidation,LO,2026-03-29,5.0,Simple_Avg
CP07,Liquidation,LO,2026-04-05,5.0,Simple_Avg
CP07,Liquidation,LO,2026-04-12,5.0,Simple_Avg
CP07,Liquidation,LO,2026-04-19,5.0,Simple_Avg
CP07,Liquidation,ME,2026-03-29,17.25,Simple_Avg
CP07,Liquidation,ME,2026-04-05,17.25,Simple_Avg
CP07,Liquidation,ME,2026-04-12,17.25,Simple_Avg
CP07,Liquidation,ME,2026-04-19,17.25,Simple_Avg
CP07,Liquidation,PA,2026-03-29,1.75,Simple_Avg
CP07,Liquidation,PA,2026-04-05,1.75,Simple_Avg
CP07,Liquidation,PA,2026-04-12,1.75,Simple_Avg
CP07,Liquidation,PA,2026-04-19,1.75,Simple_Avg
CP07,Liquidation,PC,2026-03-29,8.5,Simple_Avg
CP07,Liquidation,PC,2026-04-05,8.5,Simple_Avg
CP07,Liquidation,PC,2026-04-12,8.5,Simple_Avg
CP07,Liquidation,PC,2026-04-19,8.5,Simple_Avg
CP07,Liquidation,SP,2026-03-29,1.25,Simple_Avg
CP07,Liquidation,SP,2026-04-05,1.25,Simple_Avg
CP07,Liquidation,SP,2026-04-12,1.25,Simple_Avg
CP07,Liquidation,SP,2026-04-19,1.25,Simple_Avg
CP08,Longueuil,BQ,2026-03-29,3.25,Simple_Avg
CP08,Longueuil,BQ,2026-04-05,3.25,Simple_Avg
CP08,Longueuil,BQ,2026-04-12,3.25,Simple_Avg
CP08,Longueuil,BQ,2026-04-19,3.25,Simple_Avg
CP08,Longueuil,CH,2026-03-29,1.5,Simple_Avg
CP08,Longueuil,CH,2026-04-05,1.5,Simple_Avg
CP08,Longueuil,CH,2026-04-12,1.5,Simple_Avg
CP08,Longueuil,CH,2026-04-19,1.5,Simple_Avg
CP08,Longueuil,FI,2026-03-29,3.5,Simple_Avg
CP08,Longueuil,FI,2026-04-05,3.5,Simple_Avg
CP08,Longueuil,FI,2026-04-12,3.5,Simple_Avg
CP08,Longueuil,FI,2026-04-19,3.5,Simple_Avg
CP08,Longueuil,GA,2026-03-29,1.5,Simple_Avg
CP08,Longueuil,GA,2026-04-05,1.5,Simple_Avg
CP08,Longueuil,GA,2026-04-12,1.5,Simple_Avg
CP08,Longueuil,GA,2026-04-19,1.5,Simple_Avg
CP08,Longueuil,HT,2026-03-29,1.0,Simple_Avg
CP08,Longueuil,HT,2026-04-05,1.0,Simple_Avg
CP08,Longueuil,HT,2026-04-12,1.0,Simple_Avg
CP08,Longueuil,HT,2026-04-19,1.0,Simple_Avg
CP08,Longueuil,LO,2026-03-29,11.0,Simple_Avg
CP08,Longueuil,LO,2026-04-05,11.0,Simple_Avg
CP08,Longueuil,LO,2026-04-12,11.0,Simple_Avg
CP08,Longueuil,LO,2026-04-19,11.0,Simple_Avg
CP08,Longueuil,ME,2026-03-29,6.0,Simple_Avg
CP08,Longueuil,ME,2026-04-05,6.0,Simple_Avg
CP08,Longueuil,ME,2026-04-12,6.0,Simple_Avg
CP08,Longueuil,ME,2026-04-19,6.0,Simple_Avg
CP08,Longueuil,PA,2026-03-29,2.0,Simple_Avg
CP08,Longueuil,PA,2026-04-05,2.0,Simple_Avg
CP08,Longueuil,PA,2026-04-12,2.0,Simple_Avg
CP08,Longueuil,PA,2026-04-19,2.0,Simple_Avg
CP08,Longueuil,SP,2026-03-29,1.0,Simple_Avg
CP08,Longueuil,SP,2026-04-05,1.0,Simple_Avg
CP08,Longueuil,SP,2026-04-12,1.0,Simple_Avg
CP08,Longueuil,SP,2026-04-19,1.0,Simple_Avg
CP08,Longueuil,TO,2026-03-29,1.0,Simple_Avg
CP08,Longueuil,TO,2026-04-05,1.0,Simple_Avg
CP08,Longueuil,TO,2026-04-12,1.0,Simple_Avg
CP08,Longueuil,TO,2026-04-19,1.0,Simple_Avg
CP10,Saint-Jérôme,BQ,2026-03-29,2.0,Simple_Avg
CP10,Saint-Jérôme,BQ,2026-04-05,2.0,Simple_Avg
CP10,Saint-Jérôme,BQ,2026-04-12,2.0,Simple_Avg
CP10,Saint-Jérôme,BQ,2026-04-19,2.0,Simple_Avg
CP10,Saint-Jérôme,CH,2026-03-29,1.5,Simple_Avg
CP10,Saint-Jérôme,CH,2026-04-05,1.5,Simple_Avg
CP10,Saint-Jérôme,CH,2026-04-12,1.5,Simple_Avg
CP10,Saint-Jérôme,CH,2026-04-19,1.5,Simple_Avg
CP10,Saint-Jérôme,FI,2026-03-29,2.5,Simple_Avg
CP10,Saint-Jérôme,FI,2026-04-05,2.5,Simple_Avg
CP10,Saint-Jérôme,FI,2026-04-12,2.5,Simple_Avg
CP10,Saint-Jérôme,FI,2026-04-19,2.5,Simple_Avg
CP10,Saint-Jérôme,GA,2026-03-29,0.75,Simple_Avg
CP10,Saint-Jérôme,GA,2026-04-05,0.75,Simple_Avg
CP10,Saint-Jérôme,GA,2026-04-12,0.75,Simple_Avg
CP10,Saint-Jérôme,GA,2026-04-19,0.75,Simple_Avg
CP10,Saint-Jérôme,HT,2026-03-29,0.75,Simple_Avg
CP10,Saint-Jérôme,HT,2026-04-05,0.75,Simple_Avg
CP10,Saint-Jérôme,HT,2026-04-12,0.75,Simple_Avg
CP10,Saint-Jérôme,HT,2026-04-19,0.75,Simple_Avg
CP10,Saint-Jérôme,LO,2026-03-29,10.25,Simple_Avg
CP10,Saint-Jérôme,LO,2026-04-05,10.25,Simple_Avg
CP10,Saint-Jérôme,LO,2026-04-12,10.25,Simple_Avg
CP10,Saint-Jérôme,LO,2026-04-19,10.25,Simple_Avg
CP10,Saint-Jérôme,ME,2026-03-29,9.75,Simple_Avg
CP10,Saint-Jérôme,ME,2026-04-05,9.75,Simple_Avg
CP10,Saint-Jérôme,ME,2026-04-12,9.75,Simple_Avg
CP10,Saint-Jérôme,ME,2026-04-19,9.75,Simple_Avg
CP10,Saint-Jérôme,PA,2026-03-29,1.0,Simple_Avg
CP10,Saint-Jérôme,PA,2026-04-05,1.0,Simple_Avg
CP10,Saint-Jérôme,PA,2026-04-12,1.0,Simple_Avg
CP10,Saint-Jérôme,PA,2026-04-19,1.0,Simple_Avg
CP10,Saint-Jérôme,SP,2026-03-29,17.0,Simple_Avg
CP10,Saint-Jérôme,SP,2026-04-05,17.0,Simple_Avg
CP10,Saint-Jérôme,SP,2026-04-12,17.0,Simple_Avg
CP10,Saint-Jérôme,SP,2026-04-19,17.0,Simple_Avg
CP10,Saint-Jérôme,TO,2026-03-29,0.25,Simple_Avg
CP10,Saint-Jérôme,TO,2026-04-05,0.25,Simple_Avg
CP10,Saint-Jérôme,TO,2026-04-12,0.25,Simple_Avg
CP10,Saint-Jérôme,TO,2026-04-19,0.25,Simple_Avg
CP12,St-Georges-de-Beauce,BQ,2026-03-29,1.0,Simple_Avg
CP12,St-Georges-de-Beauce,BQ,2026-04-05,1.0,Simple_Avg
CP12,St-Georges-de-Beauce,BQ,2026-04-12,1.0,Simple_Avg
CP12,St-Georges-de-Beauce,BQ,2026-04-19,1.0,Simple_Avg
CP12,St-Georges-de-Beauce,CH,2026-03-29,1.25,Simple_Avg
CP12,St-Georges-de-Beauce,CH,2026-04-05,1.25,Simple_Avg
CP12,St-Georges-de-Beauce,CH,2026-04-12,1.25,Simple_Avg
CP12,St-Georges-de-Beauce,CH,2026-04-19,1.25,Simple_Avg
CP12,St-Georges-de-Beauce,FI,2026-03-29,3.25,Simple_Avg
CP12,St-Georges-de-Beauce,FI,2026-04-05,3.25,Simple_Avg
CP12,St-Georges-de-Beauce,FI,2026-04-12,3.25,Simple_Avg
CP12,St-Georges-de-Beauce,FI,2026-04-19,3.25,Simple_Avg
CP12,St-Georges-de-Beauce,GA,2026-03-29,1.0,Simple_Avg
CP12,St-Georges-de-Beauce,GA,2026-04-05,1.0,Simple_Avg
CP12,St-Georges-de-Beauce,GA,2026-04-12,1.0,Simple_Avg
CP12,St-Georges-de-Beauce,GA,2026-04-19,1.0,Simple_Avg
CP12,St-Georges-de-Beauce,HT,2026-03-29,1.25,Simple_Avg
CP12,St-Georges-de-Beauce,HT,2026-04-05,1.25,Simple_Avg
CP12,St-Georges-de-Beauce,HT,2026-04-12,1.25,Simple_Avg
CP12,St-Georges-de-Beauce,HT,2026-04-19,1.25,Simple_Avg
CP12,St-Georges-de-Beauce,LO,2026-03-29,2.5,Simple_Avg
CP12,St-Georges-de-Beauce,LO,2026-04-05,2.5,Simple_Avg
CP12,St-Georges-de-Beauce,LO,2026-04-12,2.5,Simple_Avg
CP12,St-Georges-de-Beauce,LO,2026-04-19,2.5,Simple_Avg
CP12,St-Georges-de-Beauce,ME,2026-03-29,21.0,Simple_Avg
CP12,St-Georges-de-Beauce,ME,2026-04-05,21.0,Simple_Avg
CP12,St-Georges-de-Beauce,ME,2026-04-12,21.0,Simple_Avg
CP12,St-Georges-de-Beauce,ME,2026-04-19,21.0,Simple_Avg
CP12,St-Georges-de-Beauce,PA,2026-03-29,0.25,Simple_Avg
CP12,St-Georges-de-Beauce,PA,2026-04-05,0.25,Simple_Avg
CP12,St-Georges-de-Beauce,PA,2026-04-12,0.25,Simple_Avg
CP12,St-Georges-de-Beauce,PA,2026-04-19,0.25,Simple_Avg
CP12,St-Georges-de-Beauce,PC,2026-03-29,32.25,Simple_Avg
CP12,St-Georges-de-Beauce,PC,2026-04-05,32.25,Simple_Avg
CP12,St-Georges-de-Beauce,PC,2026-04-12,32.25,Simple_Avg
CP12,St-Georges-de-Beauce,PC,2026-04-19,32.25,Simple_Avg
CP12,St-Georges-de-Beauce,SP,2026-03-29,1.0,Simple_Avg
CP12,St-Georges-de-Beauce,SP,2026-04-05,1.0,Simple_Avg
CP12,St-Georges-de-Beauce,SP,2026-04-12,1.0,Simple_Avg
CP12,St-Georges-de-Beauce,SP,2026-04-19,1.0,Simple_Avg
CP12,St-Georges-de-Beauce,TO,2026-03-29,1.0,Simple_Avg
CP12,St-Georges-de-Beauce,TO,2026-04-05,1.0,Simple_Avg
CP12,St-Georges-de-Beauce,TO,2026-04-12,1.0,Simple_Avg
CP12,St-Georges-de-Beauce,TO,2026-04-19,1.0,Simple_Avg
CP13,Victoriaville,BQ,2026-03-29,1.5,Simple_Avg
CP13,Victoriaville,BQ,2026-04-05,1.5,Simple_Avg
CP13,Victoriaville,BQ,2026-04-12,1.5,Simple_Avg
CP13,Victoriaville,BQ,2026-04-19,1.5,Simple_Avg
CP13,Victoriaville,CH,2026-03-29,1.5,Simple_Avg
CP13,Victoriaville,CH,2026-04-05,1.5,Simple_Avg
CP13,Victoriaville,CH,2026-04-12,1.5,Simple_Avg
CP13,Victoriaville,CH,2026-04-19,1.5,Simple_Avg
CP13,Victoriaville,FI,2026-03-29,3.5,Simple_Avg
CP13,Victoriaville,FI,2026-04-05,3.5,Simple_Avg
CP13,Victoriaville,FI,2026-04-12,3.5,Simple_Avg
CP13,Victoriaville,FI,2026-04-19,3.5,Simple_Avg
CP13,Victoriaville,GA,2026-03-29,1.75,Simple_Avg
CP13,Victoriaville,GA,2026-04-05,1.75,Simple_Avg
CP13,Victoriaville,GA,2026-04-12,1.75,Simple_Avg
CP13,Victoriaville,GA,2026-04-19,1.75,Simple_Avg
CP13,Victoriaville,HT,2026-03-29,1.5,Simple_Avg
CP13,Victoriaville,HT,2026-04-05,1.5,Simple_Avg
CP13,Victoriaville,HT,2026-04-12,1.5,Simple_Avg
CP13,Victoriaville,HT,2026-04-19,1.5,Simple_Avg
CP13,Victoriaville,LO,2026-03-29,5.5,Simple_Avg
CP13,Victoriaville,LO,2026-04-05,5.5,Simple_Avg
CP13,Victoriaville,LO,2026-04-12,5.5,Simple_Avg
CP13,Victoriaville,LO,2026-04-19,5.5,Simple_Avg
CP13,Victoriaville,ME,2026-03-29,5.75,Simple_Avg
CP13,Victoriaville,ME,2026-04-05,5.75,Simple_Avg
CP13,Victoriaville,ME,2026-04-12,5.75,Simple_Avg
CP13,Victoriaville,ME,2026-04-19,5.75,Simple_Avg
CP13,Victoriaville,PA,2026-03-29,1.75,Simple_Avg
CP13,Victoriaville,PA,2026-04-05,1.75,Simple_Avg
CP13,Victoriaville,PA,2026-04-12,1.75,Simple_Avg
CP13,Victoriaville,PA,2026-04-19,1.75,Simple_Avg
CP13,Victoriaville,PC,2026-03-29,70.5,Simple_Avg
CP13,Victoriaville,PC,2026-04-05,70.5,Simple_Avg
CP13,Victoriaville,PC,2026-04-12,70.5,Simple_Avg
CP13,Victoriaville,PC,2026-04-19,70.5,Simple_Avg
CP13,Victoriaville,SP,2026-03-29,1.0,Simple_Avg
CP13,Victoriaville,SP,2026-04-05,1.0,Simple_Avg
CP13,Victoriaville,SP,2026-04-12,1.0,Simple_Avg
CP13,Victoriaville,SP,2026-04-19,1.0,Simple_Avg
CP13,Victoriaville,TO,2026-03-29,0.75,Simple_Avg
CP13,Victoriaville,TO,2026-04-05,0.75,Simple_Avg
CP13,Victoriaville,TO,2026-04-12,0.75,Simple_Avg
CP13,Victoriaville,TO,2026-04-19,0.75,Simple_Avg
CP15,Repentigny,BQ,2026-03-29,0.75,Simple_Avg
CP15,Repentigny,BQ,2026-04-05,0.75,Simple_Avg
CP15,Repentigny,BQ,2026-04-12,0.75,Simple_Avg
CP15,Repentigny,BQ,2026-04-19,0.75,Simple_Avg
CP15,Repentigny,CH,2026-03-29,2.0,Simple_Avg
CP15,Repentigny,CH,2026-04-05,2.0,Simple_Avg
CP15,Repentigny,CH,2026-04-12,2.0,Simple_Avg
CP15,Repentigny,CH,2026-04-19,2.0,Simple_Avg
CP15,Repentigny,FI,2026-03-29,4.25,Simple_Avg
CP15,Repentigny,FI,2026-04-05,4.25,Simple_Avg
CP15,Repentigny,FI,2026-04-12,4.25,Simple_Avg
CP15,Repentigny,FI,2026-04-19,4.25,Simple_Avg
CP15,Repentigny,GA,2026-03-29,5.25,Simple_Avg
CP15,Repentigny,GA,2026-04-05,5.25,Simple_Avg
CP15,Repentigny,GA,2026-04-12,5.25,Simple_Avg
CP15,Repentigny,GA,2026-04-19,5.25,Simple_Avg
CP15,Repentigny,HT,2026-03-29,1.75,Simple_Avg
CP15,Repentigny,HT,2026-04-05,1.75,Simple_Avg
CP15,Repentigny,HT,2026-04-12,1.75,Simple_Avg
CP15,Repentigny,HT,2026-04-19,1.75,Simple_Avg
CP15,Repentigny,LO,2026-03-29,9.75,Simple_Avg
CP15,Repentigny,LO,2026-04-05,9.75,Simple_Avg
CP15,Repentigny,LO,2026-04-12,9.75,Simple_Avg
CP15,Repentigny,LO,2026-04-19,9.75,Simple_Avg
CP15,Repentigny,ME,2026-03-29,3.0,Simple_Avg
CP15,Repentigny,ME,2026-04-05,3.0,Simple_Avg
CP15,Repentigny,ME,2026-04-12,3.0,Simple_Avg
CP15,Repentigny,ME,2026-04-19,3.0,Simple_Avg
CP15,Repentigny,PA,2026-03-29,1.0,Simple_Avg
CP15,Repentigny,PA,2026-04-05,1.0,Simple_Avg
CP15,Repentigny,PA,2026-04-12,1.0,Simple_Avg
CP15,Repentigny,PA,2026-04-19,1.0,Simple_Avg
CP15,Repentigny,SP,2026-03-29,2.25,Simple_Avg
CP15,Repentigny,SP,2026-04-05,2.25,Simple_Avg
CP15,Repentigny,SP,2026-04-12,2.25,Simple_Avg
CP15,Repentigny,SP,2026-04-19,2.25,Simple_Avg
CP15,Repentigny,TO,2026-03-29,0.25,Simple_Avg
CP15,Repentigny,TO,2026-04-05,0.25,Simple_Avg
CP15,Repentigny,TO,2026-04-12,0.25,Simple_Avg
CP15,Repentigny,TO,2026-04-19,0.25,Simple_Avg
CP16,Chicoutimi,BQ,2026-03-29,6.75,Simple_Avg
CP16,Chicoutimi,BQ,2026-04-05,6.75,Simple_Avg
CP16,Chicoutimi,BQ,2026-04-12,6.75,Simple_Avg
CP16,Chicoutimi,BQ,2026-04-19,6.75,Simple_Avg
CP16,Chicoutimi,CH,2026-03-29,2.25,Simple_Avg
CP16,Chicoutimi,CH,2026-04-05,2.25,Simple_Avg
CP16,Chicoutimi,CH,2026-04-12,2.25,Simple_Avg
CP16,Chicoutimi,CH,2026-04-19,2.25,Simple_Avg
CP16,Chicoutimi,FI,2026-03-29,3.5,Simple_Avg
CP16,Chicoutimi,FI,2026-04-05,3.5,Simple_Avg
CP16,Chicoutimi,FI,2026-04-12,3.5,Simple_Avg
CP16,Chicoutimi,FI,2026-04-19,3.5,Simple_Avg
CP16,Chicoutimi,GA,2026-03-29,1.0,Simple_Avg
CP16,Chicoutimi,GA,2026-04-05,1.0,Simple_Avg
CP16,Chicoutimi,GA,2026-04-12,1.0,Simple_Avg
CP16,Chicoutimi,GA,2026-04-19,1.0,Simple_Avg
CP16,Chicoutimi,HT,2026-03-29,1.25,Simple_Avg
CP16,Chicoutimi,HT,2026-04-05,1.25,Simple_Avg
CP16,Chicoutimi,HT,2026-04-12,1.25,Simple_Avg
CP16,Chicoutimi,HT,2026-04-19,1.25,Simple_Avg
CP16,Chicoutimi,LO,2026-03-29,18.75,Simple_Avg
CP16,Chicoutimi,LO,2026-04-05,18.75,Simple_Avg
CP16,Chicoutimi,LO,2026-04-12,18.75,Simple_Avg
CP16,Chicoutimi,LO,2026-04-19,18.75,Simple_Avg
CP16,Chicoutimi,ME,2026-03-29,8.0,Simple_Avg
CP16,Chicoutimi,ME,2026-04-05,8.0,Simple_Avg
CP16,Chicoutimi,ME,2026-04-12,8.0,Simple_Avg
CP16,Chicoutimi,ME,2026-04-19,8.0,Simple_Avg
CP16,Chicoutimi,PA,2026-03-29,3.25,Simple_Avg
CP16,Chicoutimi,PA,2026-04-05,3.25,Simple_Avg
CP16,Chicoutimi,PA,2026-04-12,3.25,Simple_Avg
CP16,Chicoutimi,PA,2026-04-19,3.25,Simple_Avg
CP16,Chicoutimi,SP,2026-03-29,1.0,Simple_Avg
CP16,Chicoutimi,SP,2026-04-05,1.0,Simple_Avg
CP16,Chicoutimi,SP,2026-04-12,1.0,Simple_Avg
CP16,Chicoutimi,SP,2026-04-19,1.0,Simple_Avg
CP16,Chicoutimi,TO,2026-03-29,1.75,Simple_Avg
CP16,Chicoutimi,TO,2026-04-05,1.75,Simple_Avg
CP16,Chicoutimi,TO,2026-04-12,1.75,Simple_Avg
CP16,Chicoutimi,TO,2026-04-19,1.75,Simple_Avg
CP17,Trois-Rivières,BQ,2026-03-29,2.5,Simple_Avg
CP17,Trois-Rivières,BQ,2026-04-05,2.5,Simple_Avg
CP17,Trois-Rivières,BQ,2026-04-12,2.5,Simple_Avg
CP17,Trois-Rivières,BQ,2026-04-19,2.5,Simple_Avg
CP17,Trois-Rivières,CH,2026-03-29,0.75,Simple_Avg
CP17,Trois-Rivières,CH,2026-04-05,0.75,Simple_Avg
CP17,Trois-Rivières,CH,2026-04-12,0.75,Simple_Avg
CP17,Trois-Rivières,CH,2026-04-19,0.75,Simple_Avg
CP17,Trois-Rivières,FI,2026-03-29,3.5,Simple_Avg
CP17,Trois-Rivières,FI,2026-04-05,3.5,Simple_Avg
CP17,Trois-Rivières,FI,2026-04-12,3.5,Simple_Avg
CP17,Trois-Rivières,FI,2026-04-19,3.5,Simple_Avg
CP17,Trois-Rivières,GA,2026-03-29,3.0,Simple_Avg
CP17,Trois-Rivières,GA,2026-04-05,3.0,Simple_Avg
CP17,Trois-Rivières,GA,2026-04-12,3.0,Simple_Avg
CP17,Trois-Rivières,GA,2026-04-19,3.0,Simple_Avg
CP17,Trois-Rivières,HT,2026-03-29,3.25,Simple_Avg
CP17,Trois-Rivières,HT,2026-04-05,3.25,Simple_Avg
CP17,Trois-Rivières,HT,2026-04-12,3.25,Simple_Avg
CP17,Trois-Rivières,HT,2026-04-19,3.25,Simple_Avg
CP17,Trois-Rivières,LO,2026-03-29,4.75,Simple_Avg
CP17,Trois-Rivières,LO,2026-04-05,4.75,Simple_Avg
CP17,Trois-Rivières,LO,2026-04-12,4.75,Simple_Avg
CP17,Trois-Rivières,LO,2026-04-19,4.75,Simple_Avg
CP17,Trois-Rivières,ME,2026-03-29,8.0,Simple_Avg
CP17,Trois-Rivières,ME,2026-04-05,8.0,Simple_Avg
CP17,Trois-Rivières,ME,2026-04-12,8.0,Simple_Avg
CP17,Trois-Rivières,ME,2026-04-19,8.0,Simple_Avg
CP17,Trois-Rivières,PA,2026-03-29,0.75,Simple_Avg
CP17,Trois-Rivières,PA,2026-04-05,0.75,Simple_Avg
CP17,Trois-Rivières,PA,2026-04-12,0.75,Simple_Avg
CP17,Trois-Rivières,PA,2026-04-19,0.75,Simple_Avg
CP17,Trois-Rivières,SP,2026-03-29,1.0,Simple_Avg
CP17,Trois-Rivières,SP,2026-04-05,1.0,Simple_Avg
CP17,Trois-Rivières,SP,2026-04-12,1.0,Simple_Avg
CP17,Trois-Rivières,SP,2026-04-19,1.0,Simple_Avg
CP17,Trois-Rivières,TO,2026-03-29,1.0,Simple_Avg
CP17,Trois-Rivières,TO,2026-04-05,1.0,Simple_Avg
CP17,Trois-Rivières,TO,2026-04-12,1.0,Simple_Avg
CP17,Trois-Rivières,TO,2026-04-19,1.0,Simple_Avg
CP202,Nepean,BQ,2026-03-29,1.0,Simple_Avg
CP202,Nepean,BQ,2026-04-05,1.0,Simple_Avg
CP202,Nepean,BQ,2026-04-12,1.0,Simple_Avg
CP202,Nepean,BQ,2026-04-19,1.0,Simple_Avg
CP202,Nepean,CH,2026-03-29,1.25,Simple_Avg
CP202,Nepean,CH,2026-04-05,1.25,Simple_Avg
CP202,Nepean,CH,2026-04-12,1.25,Simple_Avg
CP202,Nepean,CH,2026-04-19,1.25,Simple_Avg
CP202,Nepean,FI,2026-03-29,1.75,Simple_Avg
CP202,Nepean,FI,2026-04-05,1.75,Simple_Avg
CP202,Nepean,FI,2026-04-12,1.75,Simple_Avg
CP202,Nepean,FI,2026-04-19,1.75,Simple_Avg
CP202,Nepean,GA,2026-03-29,1.0,Simple_Avg
CP202,Nepean,GA,2026-04-05,1.0,Simple_Avg
CP202,Nepean,GA,2026-04-12,1.0,Simple_Avg
CP202,Nepean,GA,2026-04-19,1.0,Simple_Avg
CP202,Nepean,LO,2026-03-29,6.5,Simple_Avg
CP202,Nepean,LO,2026-04-05,6.5,Simple_Avg
CP202,Nepean,LO,2026-04-12,6.5,Simple_Avg
CP202,Nepean,LO,2026-04-19,6.5,Simple_Avg
CP202,Nepean,ME,2026-03-29,2.25,Simple_Avg
CP202,Nepean,ME,2026-04-05,2.25,Simple_Avg
CP202,Nepean,ME,2026-04-12,2.25,Simple_Avg
CP202,Nepean,ME,2026-04-19,2.25,Simple_Avg
CP202,Nepean,PA,2026-03-29,2.5,Simple_Avg
CP202,Nepean,PA,2026-04-05,2.5,Simple_Avg
CP202,Nepean,PA,2026-04-12,2.5,Simple_Avg
CP202,Nepean,PA,2026-04-19,2.5,Simple_Avg
CP202,Nepean,SP,2026-03-29,2.75,Simple_Avg
CP202,Nepean,SP,2026-04-05,2.75,Simple_Avg
CP202,Nepean,SP,2026-04-12,2.75,Simple_Avg
CP202,Nepean,SP,2026-04-19,2.75,Simple_Avg
CP202,Nepean,TO,2026-03-29,2.0,Simple_Avg
CP202,Nepean,TO,2026-04-05,2.0,Simple_Avg
CP202,Nepean,TO,2026-04-12,2.0,Simple_Avg
CP202,Nepean,TO,2026-04-19,2.0,Simple_Avg
CP28,Pointe-aux-Trembles,BQ,2026-03-29,1.75,Simple_Avg
CP28,Pointe-aux-Trembles,BQ,2026-04-05,1.75,Simple_Avg
CP28,Pointe-aux-Trembles,BQ,2026-04-12,1.75,Simple_Avg
CP28,Pointe-aux-Trembles,BQ,2026-04-19,1.75,Simple_Avg
CP28,Pointe-aux-Trembles,CH,2026-03-29,1.5,Simple_Avg
CP28,Pointe-aux-Trembles,CH,2026-04-05,1.5,Simple_Avg
CP28,Pointe-aux-Trembles,CH,2026-04-12,1.5,Simple_Avg
CP28,Pointe-aux-Trembles,CH,2026-04-19,1.5,Simple_Avg
CP28,Pointe-aux-Trembles,FI,2026-03-29,1.5,Simple_Avg
CP28,Pointe-aux-Trembles,FI,2026-04-05,1.5,Simple_Avg
CP28,Pointe-aux-Trembles,FI,2026-04-12,1.5,Simple_Avg
CP28,Pointe-aux-Trembles,FI,2026-04-19,1.5,Simple_Avg
CP28,Pointe-aux-Trembles,GA,2026-03-29,1.25,Simple_Avg
CP28,Pointe-aux-Trembles,GA,2026-04-05,1.25,Simple_Avg
CP28,Pointe-aux-Trembles,GA,2026-04-12,1.25,Simple_Avg
CP28,Pointe-aux-Trembles,GA,2026-04-19,1.25,Simple_Avg
CP28,Pointe-aux-Trembles,HT,2026-03-29,0.5,Simple_Avg
CP28,Pointe-aux-Trembles,HT,2026-04-05,0.5,Simple_Avg
CP28,Pointe-aux-Trembles,HT,2026-04-12,0.5,Simple_Avg
CP28,Pointe-aux-Trembles,HT,2026-04-19,0.5,Simple_Avg
CP28,Pointe-aux-Trembles,LO,2026-03-29,4.0,Simple_Avg
CP28,Pointe-aux-Trembles,LO,2026-04-05,4.0,Simple_Avg
CP28,Pointe-aux-Trembles,LO,2026-04-12,4.0,Simple_Avg
CP28,Pointe-aux-Trembles,LO,2026-04-19,4.0,Simple_Avg
CP28,Pointe-aux-Trembles,ME,2026-03-29,1.25,Simple_Avg
CP28,Pointe-aux-Trembles,ME,2026-04-05,1.25,Simple_Avg
CP28,Pointe-aux-Trembles,ME,2026-04-12,1.25,Simple_Avg
CP28,Pointe-aux-Trembles,ME,2026-04-19,1.25,Simple_Avg
CP28,Pointe-aux-Trembles,PA,2026-03-29,2.0,Simple_Avg
CP28,Pointe-aux-Trembles,PA,2026-04-05,2.0,Simple_Avg
CP28,Pointe-aux-Trembles,PA,2026-04-12,2.0,Simple_Avg
CP28,Pointe-aux-Trembles,PA,2026-04-19,2.0,Simple_Avg
CP28,Pointe-aux-Trembles,SP,2026-03-29,1.0,Simple_Avg
CP28,Pointe-aux-Trembles,SP,2026-04-05,1.0,Simple_Avg
CP28,Pointe-aux-Trembles,SP,2026-04-12,1.0,Simple_Avg
CP28,Pointe-aux-Trembles,SP,2026-04-19,1.0,Simple_Avg
CP28,Pointe-aux-Trembles,TO,2026-03-29,112.0,Simple_Avg
CP28,Pointe-aux-Trembles,TO,2026-04-05,112.0,Simple_Avg
CP28,Pointe-aux-Trembles,TO,2026-04-12,112.0,Simple_Avg
CP28,Pointe-aux-Trembles,TO,2026-04-19,112.0,Simple_Avg
CP32,St-Hyacinthe,BQ,2026-03-29,1.25,Simple_Avg
CP32,St-Hyacinthe,BQ,2026-04-05,1.25,Simple_Avg
CP32,St-Hyacinthe,BQ,2026-04-12,1.25,Simple_Avg
CP32,St-Hyacinthe,BQ,2026-04-19,1.25,Simple_Avg
CP32,St-Hyacinthe,CH,2026-03-29,1.75,Simple_Avg
CP32,St-Hyacinthe,CH,2026-04-05,1.75,Simple_Avg
CP32,St-Hyacinthe,CH,2026-04-12,1.75,Simple_Avg
CP32,St-Hyacinthe,CH,2026-04-19,1.75,Simple_Avg
CP32,St-Hyacinthe,FI,2026-03-29,3.25,Simple_Avg
CP32,St-Hyacinthe,FI,2026-04-05,3.25,Simple_Avg
CP32,St-Hyacinthe,FI,2026-04-12,3.25,Simple_Avg
CP32,St-Hyacinthe,FI,2026-04-19,3.25,Simple_Avg
CP32,St-Hyacinthe,GA,2026-03-29,6.75,Simple_Avg
CP32,St-Hyacinthe,GA,2026-04-05,6.75,Simple_Avg
CP32,St-Hyacinthe,GA,2026-04-12,6.75,Simple_Avg
CP32,St-Hyacinthe,GA,2026-04-19,6.75,Simple_Avg
CP32,St-Hyacinthe,HT,2026-03-29,2.0,Simple_Avg
CP32,St-Hyacinthe,HT,2026-04-05,2.0,Simple_Avg
CP32,St-Hyacinthe,HT,2026-04-12,2.0,Simple_Avg
CP32,St-Hyacinthe,HT,2026-04-19,2.0,Simple_Avg
CP32,St-Hyacinthe,LO,2026-03-29,8.0,Simple_Avg
CP32,St-Hyacinthe,LO,2026-04-05,8.0,Simple_Avg
CP32,St-Hyacinthe,LO,2026-04-12,8.0,Simple_Avg
CP32,St-Hyacinthe,LO,2026-04-19,8.0,Simple_Avg
CP32,St-Hyacinthe,ME,2026-03-29,3.0,Simple_Avg
CP32,St-Hyacinthe,ME,2026-04-05,3.0,Simple_Avg
CP32,St-Hyacinthe,ME,2026-04-12,3.0,Simple_Avg
CP32,St-Hyacinthe,ME,2026-04-19,3.0,Simple_Avg
CP32,St-Hyacinthe,PA,2026-03-29,1.25,Simple_Avg
CP32,St-Hyacinthe,PA,2026-04-05,1.25,Simple_Avg
CP32,St-Hyacinthe,PA,2026-04-12,1.25,Simple_Avg
CP32,St-Hyacinthe,PA,2026-04-19,1.25,Simple_Avg
CP32,St-Hyacinthe,SP,2026-03-29,1.25,Simple_Avg
CP32,St-Hyacinthe,SP,2026-04-05,1.25,Simple_Avg
CP32,St-Hyacinthe,SP,2026-04-12,1.25,Simple_Avg
CP32,St-Hyacinthe,SP,2026-04-19,1.25,Simple_Avg
CP32,St-Hyacinthe,TO,2026-03-29,1.0,Simple_Avg
CP32,St-Hyacinthe,TO,2026-04-05,1.0,Simple_Avg
CP32,St-Hyacinthe,TO,2026-04-12,1.0,Simple_Avg
CP32,St-Hyacinthe,TO,2026-04-19,1.0,Simple_Avg
CP33,Sorel-Tracy,BQ,2026-03-29,0.75,Simple_Avg
CP33,Sorel-Tracy,BQ,2026-04-05,0.75,Simple_Avg
CP33,Sorel-Tracy,BQ,2026-04-12,0.75,Simple_Avg
CP33,Sorel-Tracy,BQ,2026-04-19,0.75,Simple_Avg
CP33,Sorel-Tracy,CH,2026-03-29,1.75,Simple_Avg
CP33,Sorel-Tracy,CH,2026-04-05,1.75,Simple_Avg
CP33,Sorel-Tracy,CH,2026-04-12,1.75,Simple_Avg
CP33,Sorel-Tracy,CH,2026-04-19,1.75,Simple_Avg
CP33,Sorel-Tracy,FI,2026-03-29,1.5,Simple_Avg
CP33,Sorel-Tracy,FI,2026-04-05,1.5,Simple_Avg
CP33,Sorel-Tracy,FI,2026-04-12,1.5,Simple_Avg
CP33,Sorel-Tracy,FI,2026-04-19,1.5,Simple_Avg
CP33,Sorel-Tracy,GA,2026-03-29,1.75,Simple_Avg
CP33,Sorel-Tracy,GA,2026-04-05,1.75,Simple_Avg
CP33,Sorel-Tracy,GA,2026-04-12,1.75,Simple_Avg
CP33,Sorel-Tracy,GA,2026-04-19,1.75,Simple_Avg
CP33,Sorel-Tracy,HT,2026-03-29,1.5,Simple_Avg
CP33,Sorel-Tracy,HT,2026-04-05,1.5,Simple_Avg
CP33,Sorel-Tracy,HT,2026-04-12,1.5,Simple_Avg
CP33,Sorel-Tracy,HT,2026-04-19,1.5,Simple_Avg
CP33,Sorel-Tracy,LO,2026-03-29,1.75,Simple_Avg
CP33,Sorel-Tracy,LO,2026-04-05,1.75,Simple_Avg
CP33,Sorel-Tracy,LO,2026-04-12,1.75,Simple_Avg
CP33,Sorel-Tracy,LO,2026-04-19,1.75,Simple_Avg
CP33,Sorel-Tracy,ME,2026-03-29,3.25,Simple_Avg
CP33,Sorel-Tracy,ME,2026-04-05,3.25,Simple_Avg
CP33,Sorel-Tracy,ME,2026-04-12,3.25,Simple_Avg
CP33,Sorel-Tracy,ME,2026-04-19,3.25,Simple_Avg
CP33,Sorel-Tracy,PA,2026-03-29,2.75,Simple_Avg
CP33,Sorel-Tracy,PA,2026-04-05,2.75,Simple_Avg
CP33,Sorel-Tracy,PA,2026-04-12,2.75,Simple_Avg
CP33,Sorel-Tracy,PA,2026-04-19,2.75,Simple_Avg
CP33,Sorel-Tracy,PC,2026-03-29,25.25,Simple_Avg
CP33,Sorel-Tracy,PC,2026-04-05,25.25,Simple_Avg
CP33,Sorel-Tracy,PC,2026-04-12,25.25,Simple_Avg
CP33,Sorel-Tracy,PC,2026-04-19,25.25,Simple_Avg
CP33,Sorel-Tracy,SP,2026-03-29,1.25,Simple_Avg
CP33,Sorel-Tracy,SP,2026-04-05,1.25,Simple_Avg
CP33,Sorel-Tracy,SP,2026-04-12,1.25,Simple_Avg
CP33,Sorel-Tracy,SP,2026-04-19,1.25,Simple_Avg
CP33,Sorel-Tracy,TO,2026-03-29,1.25,Simple_Avg
CP33,Sorel-Tracy,TO,2026-04-05,1.25,Simple_Avg
CP33,Sorel-Tracy,TO,2026-04-12,1.25,Simple_Avg
CP33,Sorel-Tracy,TO,2026-04-19,1.25,Simple_Avg
CP35,Saint-Jean-sur-Richelieu,BQ,2026-03-29,1.75,Simple_Avg
CP35,Saint-Jean-sur-Richelieu,BQ,2026-04-05,1.75,Simple_Avg
CP35,Saint-Jean-sur-Richelieu,BQ,2026-04-12,1.75,Simple_Avg
CP35,Saint-Jean-sur-Richelieu,BQ,2026-04-19,1.75,Simple_Avg
CP35,Saint-Jean-sur-Richelieu,CH,2026-03-29,1.0,Simple_Avg
CP35,Saint-Jean-sur-Richelieu,CH,2026-04-05,1.0,Simple_Avg
CP35,Saint-Jean-sur-Richelieu,CH,2026-04-12,1.0,Simple_Avg
CP35,Saint-Jean-sur-Richelieu,CH,2026-04-19,1.0,Simple_Avg
CP35,Saint-Jean-sur-Richelieu,FI,2026-03-29,1.0,Simple_Avg
CP35,Saint-Jean-sur-Richelieu,FI,2026-04-05,1.0,Simple_Avg
CP35,Saint-Jean-sur-Richelieu,FI,2026-04-12,1.0,Simple_Avg
CP35,Saint-Jean-sur-Richelieu,FI,2026-04-19,1.0,Simple_Avg
CP35,Saint-Jean-sur-Richelieu,GA,2026-03-29,0.75,Simple_Avg
CP35,Saint-Jean-sur-Richelieu,GA,2026-04-05,0.75,Simple_Avg
CP35,Saint-Jean-sur-Richelieu,GA,2026-04-12,0.75,Simple_Avg
CP35,Saint-Jean-sur-Richelieu,GA,2026-04-19,0.75,Simple_Avg
CP35,Saint-Jean-sur-Richelieu,HT,2026-03-29,5.75,Simple_Avg
CP35,Saint-Jean-sur-Richelieu,HT,2026-04-05,5.75,Simple_Avg
CP35,Saint-Jean-sur-Richelieu,HT,2026-04-12,5.75,Simple_Avg
CP35,Saint-Jean-sur-Richelieu,HT,2026-04-19,5.75,Simple_Avg
CP35,Saint-Jean-sur-Richelieu,LO,2026-03-29,20.75,Simple_Avg
CP35,Saint-Jean-sur-Richelieu,LO,2026-04-05,20.75,Simple_Avg
CP35,Saint-Jean-sur-Richelieu,LO,2026-04-12,20.75,Simple_Avg
CP35,Saint-Jean-sur-Richelieu,LO,2026-04-19,20.75,Simple_Avg
CP35,Saint-Jean-sur-Richelieu,ME,2026-03-29,4.25,Simple_Avg
CP35,Saint-Jean-sur-Richelieu,ME,2026-04-05,4.25,Simple_Avg
CP35,Saint-Jean-sur-Richelieu,ME,2026-04-12,4.25,Simple_Avg
CP35,Saint-Jean-sur-Richelieu,ME,2026-04-19,4.25,Simple_Avg
CP35,Saint-Jean-sur-Richelieu,PA,2026-03-29,1.75,Simple_Avg
CP35,Saint-Jean-sur-Richelieu,PA,2026-04-05,1.75,Simple_Avg
CP35,Saint-Jean-sur-Richelieu,PA,2026-04-12,1.75,Simple_Avg
CP35,Saint-Jean-sur-Richelieu,PA,2026-04-19,1.75,Simple_Avg
CP35,Saint-Jean-sur-Richelieu,SP,2026-03-29,1.0,Simple_Avg
CP35,Saint-Jean-sur-Richelieu,SP,2026-04-05,1.0,Simple_Avg
CP35,Saint-Jean-sur-Richelieu,SP,2026-04-12,1.0,Simple_Avg
CP35,Saint-Jean-sur-Richelieu,SP,2026-04-19,1.0,Simple_Avg
CP35,Saint-Jean-sur-Richelieu,TO,2026-03-29,3.25,Simple_Avg
CP35,Saint-Jean-sur-Richelieu,TO,2026-04-05,3.25,Simple_Avg
CP35,Saint-Jean-sur-Richelieu,TO,2026-04-12,3.25,Simple_Avg
CP35,Saint-Jean-sur-Richelieu,TO,2026-04-19,3.25,Simple_Avg
CP36,Saint-Eustache,BQ,2026-03-29,4.5,Simple_Avg
CP36,Saint-Eustache,BQ,2026-04-05,4.5,Simple_Avg
CP36,Saint-Eustache,BQ,2026-04-12,4.5,Simple_Avg
CP36,Saint-Eustache,BQ,2026-04-19,4.5,Simple_Avg
CP36,Saint-Eustache,CH,2026-03-29,11.25,Simple_Avg
CP36,Saint-Eustache,CH,2026-04-05,11.25,Simple_Avg
CP36,Saint-Eustache,CH,2026-04-12,11.25,Simple_Avg
CP36,Saint-Eustache,CH,2026-04-19,11.25,Simple_Avg
CP36,Saint-Eustache,FI,2026-03-29,1.75,Simple_Avg
CP36,Saint-Eustache,FI,2026-04-05,1.75,Simple_Avg
CP36,Saint-Eustache,FI,2026-04-12,1.75,Simple_Avg
CP36,Saint-Eustache,FI,2026-04-19,1.75,Simple_Avg
CP36,Saint-Eustache,GA,2026-03-29,4.0,Simple_Avg
CP36,Saint-Eustache,GA,2026-04-05,4.0,Simple_Avg
CP36,Saint-Eustache,GA,2026-04-12,4.0,Simple_Avg
CP36,Saint-Eustache,GA,2026-04-19,4.0,Simple_Avg
CP36,Saint-Eustache,HT,2026-03-29,1.0,Simple_Avg
CP36,Saint-Eustache,HT,2026-04-05,1.0,Simple_Avg
CP36,Saint-Eustache,HT,2026-04-12,1.0,Simple_Avg
CP36,Saint-Eustache,HT,2026-04-19,1.0,Simple_Avg
CP36,Saint-Eustache,LO,2026-03-29,10.5,Simple_Avg
CP36,Saint-Eustache,LO,2026-04-05,10.5,Simple_Avg
CP36,Saint-Eustache,LO,2026-04-12,10.5,Simple_Avg
CP36,Saint-Eustache,LO,2026-04-19,10.5,Simple_Avg
CP36,Saint-Eustache,ME,2026-03-29,157.75,Simple_Avg
CP36,Saint-Eustache,ME,2026-04-05,157.75,Simple_Avg
CP36,Saint-Eustache,ME,2026-04-12,157.75,Simple_Avg
CP36,Saint-Eustache,ME,2026-04-19,157.75,Simple_Avg
CP36,Saint-Eustache,PA,2026-03-29,8.25,Simple_Avg
CP36,Saint-Eustache,PA,2026-04-05,8.25,Simple_Avg
CP36,Saint-Eustache,PA,2026-04-12,8.25,Simple_Avg
CP36,Saint-Eustache,PA,2026-04-19,8.25,Simple_Avg
CP36,Saint-Eustache,SP,2026-03-29,3.75,Simple_Avg
CP36,Saint-Eustache,SP,2026-04-05,3.75,Simple_Avg
CP36,Saint-Eustache,SP,2026-04-12,3.75,Simple_Avg
CP36,Saint-Eustache,SP,2026-04-19,3.75,Simple_Avg
CP36,Saint-Eustache,TO,2026-03-29,1.5,Simple_Avg
CP36,Saint-Eustache,TO,2026-04-05,1.5,Simple_Avg
CP36,Saint-Eustache,TO,2026-04-12,1.5,Simple_Avg
CP36,Saint-Eustache,TO,2026-04-19,1.5,Simple_Avg
CP37,Gatineau,BQ,2026-03-29,1.5,Simple_Avg
CP37,Gatineau,BQ,2026-04-05,1.5,Simple_Avg
CP37,Gatineau,BQ,2026-04-12,1.5,Simple_Avg
CP37,Gatineau,BQ,2026-04-19,1.5,Simple_Avg
CP37,Gatineau,CH,2026-03-29,1.5,Simple_Avg
CP37,Gatineau,CH,2026-04-05,1.5,Simple_Avg
CP37,Gatineau,CH,2026-04-12,1.5,Simple_Avg
CP37,Gatineau,CH,2026-04-19,1.5,Simple_Avg
CP37,Gatineau,FI,2026-03-29,2.0,Simple_Avg
CP37,Gatineau,FI,2026-04-05,2.0,Simple_Avg
CP37,Gatineau,FI,2026-04-12,2.0,Simple_Avg
CP37,Gatineau,FI,2026-04-19,2.0,Simple_Avg
CP37,Gatineau,GA,2026-03-29,1.25,Simple_Avg
CP37,Gatineau,GA,2026-04-05,1.25,Simple_Avg
CP37,Gatineau,GA,2026-04-12,1.25,Simple_Avg
CP37,Gatineau,GA,2026-04-19,1.25,Simple_Avg
CP37,Gatineau,HT,2026-03-29,2.0,Simple_Avg
CP37,Gatineau,HT,2026-04-05,2.0,Simple_Avg
CP37,Gatineau,HT,2026-04-12,2.0,Simple_Avg
CP37,Gatineau,HT,2026-04-19,2.0,Simple_Avg
CP37,Gatineau,LO,2026-03-29,14.0,Simple_Avg
CP37,Gatineau,LO,2026-04-05,14.0,Simple_Avg
CP37,Gatineau,LO,2026-04-12,14.0,Simple_Avg
CP37,Gatineau,LO,2026-04-19,14.0,Simple_Avg
CP37,Gatineau,ME,2026-03-29,19.0,Simple_Avg
CP37,Gatineau,ME,2026-04-05,19.0,Simple_Avg
CP37,Gatineau,ME,2026-04-12,19.0,Simple_Avg
CP37,Gatineau,ME,2026-04-19,19.0,Simple_Avg
CP37,Gatineau,PA,2026-03-29,7.0,Simple_Avg
CP37,Gatineau,PA,2026-04-05,7.0,Simple_Avg
CP37,Gatineau,PA,2026-04-12,7.0,Simple_Avg
CP37,Gatineau,PA,2026-04-19,7.0,Simple_Avg
CP37,Gatineau,SP,2026-03-29,0.75,Simple_Avg
CP37,Gatineau,SP,2026-04-05,0.75,Simple_Avg
CP37,Gatineau,SP,2026-04-12,0.75,Simple_Avg
CP37,Gatineau,SP,2026-04-19,0.75,Simple_Avg
CP37,Gatineau,TO,2026-03-29,1.0,Simple_Avg
CP37,Gatineau,TO,2026-04-05,1.0,Simple_Avg
CP37,Gatineau,TO,2026-04-12,1.0,Simple_Avg
CP37,Gatineau,TO,2026-04-19,1.0,Simple_Avg
CP39,Joliette,BQ,2026-03-29,1.25,Simple_Avg
CP39,Joliette,BQ,2026-04-05,1.25,Simple_Avg
CP39,Joliette,BQ,2026-04-12,1.25,Simple_Avg
CP39,Joliette,BQ,2026-04-19,1.25,Simple_Avg
CP39,Joliette,CH,2026-03-29,2.25,Simple_Avg
CP39,Joliette,CH,2026-04-05,2.25,Simple_Avg
CP39,Joliette,CH,2026-04-12,2.25,Simple_Avg
CP39,Joliette,CH,2026-04-19,2.25,Simple_Avg
CP39,Joliette,FI,2026-03-29,3.0,Simple_Avg
CP39,Joliette,FI,2026-04-05,3.0,Simple_Avg
CP39,Joliette,FI,2026-04-12,3.0,Simple_Avg
CP39,Joliette,FI,2026-04-19,3.0,Simple_Avg
CP39,Joliette,GA,2026-03-29,1.0,Simple_Avg
CP39,Joliette,GA,2026-04-05,1.0,Simple_Avg
CP39,Joliette,GA,2026-04-12,1.0,Simple_Avg
CP39,Joliette,GA,2026-04-19,1.0,Simple_Avg
CP39,Joliette,HT,2026-03-29,0.5,Simple_Avg
CP39,Joliette,HT,2026-04-05,0.5,Simple_Avg
CP39,Joliette,HT,2026-04-12,0.5,Simple_Avg
CP39,Joliette,HT,2026-04-19,0.5,Simple_Avg
CP39,Joliette,LO,2026-03-29,3.25,Simple_Avg
CP39,Joliette,LO,2026-04-05,3.25,Simple_Avg
CP39,Joliette,LO,2026-04-12,3.25,Simple_Avg
CP39,Joliette,LO,2026-04-19,3.25,Simple_Avg
CP39,Joliette,ME,2026-03-29,4.75,Simple_Avg
CP39,Joliette,ME,2026-04-05,4.75,Simple_Avg
CP39,Joliette,ME,2026-04-12,4.75,Simple_Avg
CP39,Joliette,ME,2026-04-19,4.75,Simple_Avg
CP39,Joliette,PA,2026-03-29,3.0,Simple_Avg
CP39,Joliette,PA,2026-04-05,3.0,Simple_Avg
CP39,Joliette,PA,2026-04-12,3.0,Simple_Avg
CP39,Joliette,PA,2026-04-19,3.0,Simple_Avg
CP39,Joliette,PC,2026-03-29,42.25,Simple_Avg
CP39,Joliette,PC,2026-04-05,42.25,Simple_Avg
CP39,Joliette,PC,2026-04-12,42.25,Simple_Avg
CP39,Joliette,PC,2026-04-19,42.25,Simple_Avg
CP39,Joliette,SP,2026-03-29,0.75,Simple_Avg
CP39,Joliette,SP,2026-04-05,0.75,Simple_Avg
CP39,Joliette,SP,2026-04-12,0.75,Simple_Avg
CP39,Joliette,SP,2026-04-19,0.75,Simple_Avg
CP39,Joliette,TO,2026-03-29,0.75,Simple_Avg
CP39,Joliette,TO,2026-04-05,0.75,Simple_Avg
CP39,Joliette,TO,2026-04-12,0.75,Simple_Avg
CP39,Joliette,TO,2026-04-19,0.75,Simple_Avg
CP40,Thetford Mines,BQ,2026-03-29,1.0,Simple_Avg
CP40,Thetford Mines,BQ,2026-04-05,1.0,Simple_Avg
CP40,Thetford Mines,BQ,2026-04-12,1.0,Simple_Avg
CP40,Thetford Mines,BQ,2026-04-19,1.0,Simple_Avg
CP40,Thetford Mines,CH,2026-03-29,2.75,Simple_Avg
CP40,Thetford Mines,CH,2026-04-05,2.75,Simple_Avg
CP40,Thetford Mines,CH,2026-04-12,2.75,Simple_Avg
CP40,Thetford Mines,CH,2026-04-19,2.75,Simple_Avg
CP40,Thetford Mines,GA,2026-03-29,1.25,Simple_Avg
CP40,Thetford Mines,GA,2026-04-05,1.25,Simple_Avg
CP40,Thetford Mines,GA,2026-04-12,1.25,Simple_Avg
CP40,Thetford Mines,GA,2026-04-19,1.25,Simple_Avg
CP40,Thetford Mines,HT,2026-03-29,1.25,Simple_Avg
CP40,Thetford Mines,HT,2026-04-05,1.25,Simple_Avg
CP40,Thetford Mines,HT,2026-04-12,1.25,Simple_Avg
CP40,Thetford Mines,HT,2026-04-19,1.25,Simple_Avg
CP40,Thetford Mines,LO,2026-03-29,2.0,Simple_Avg
CP40,Thetford Mines,LO,2026-04-05,2.0,Simple_Avg
CP40,Thetford Mines,LO,2026-04-12,2.0,Simple_Avg
CP40,Thetford Mines,LO,2026-04-19,2.0,Simple_Avg
CP40,Thetford Mines,ME,2026-03-29,4.5,Simple_Avg
CP40,Thetford Mines,ME,2026-04-05,4.5,Simple_Avg
CP40,Thetford Mines,ME,2026-04-12,4.5,Simple_Avg
CP40,Thetford Mines,ME,2026-04-19,4.5,Simple_Avg
CP40,Thetford Mines,PA,2026-03-29,1.25,Simple_Avg
CP40,Thetford Mines,PA,2026-04-05,1.25,Simple_Avg
CP40,Thetford Mines,PA,2026-04-12,1.25,Simple_Avg
CP40,Thetford Mines,PA,2026-04-19,1.25,Simple_Avg
CP40,Thetford Mines,PC,2026-03-29,42.75,Simple_Avg
CP40,Thetford Mines,PC,2026-04-05,42.75,Simple_Avg
CP40,Thetford Mines,PC,2026-04-12,42.75,Simple_Avg
CP40,Thetford Mines,PC,2026-04-19,42.75,Simple_Avg
CP40,Thetford Mines,SP,2026-03-29,2.0,Simple_Avg
CP40,Thetford Mines,SP,2026-04-05,2.0,Simple_Avg
CP40,Thetford Mines,SP,2026-04-12,2.0,Simple_Avg
CP40,Thetford Mines,SP,2026-04-19,2.0,Simple_Avg
CP40,Thetford Mines,TO,2026-03-29,2.0,Simple_Avg
CP40,Thetford Mines,TO,2026-04-05,2.0,Simple_Avg
CP40,Thetford Mines,TO,2026-04-12,2.0,Simple_Avg
CP40,Thetford Mines,TO,2026-04-19,2.0,Simple_Avg
CP44,St-Constant,BQ,2026-03-29,1.75,Simple_Avg
CP44,St-Constant,BQ,2026-04-05,1.75,Simple_Avg
CP44,St-Constant,BQ,2026-04-12,1.75,Simple_Avg
CP44,St-Constant,BQ,2026-04-19,1.75,Simple_Avg
CP44,St-Constant,CH,2026-03-29,1.5,Simple_Avg
CP44,St-Constant,CH,2026-04-05,1.5,Simple_Avg
CP44,St-Constant,CH,2026-04-12,1.5,Simple_Avg
CP44,St-Constant,CH,2026-04-19,1.5,Simple_Avg
CP44,St-Constant,FI,2026-03-29,2.25,Simple_Avg
CP44,St-Constant,FI,2026-04-05,2.25,Simple_Avg
CP44,St-Constant,FI,2026-04-12,2.25,Simple_Avg
CP44,St-Constant,FI,2026-04-19,2.25,Simple_Avg
CP44,St-Constant,GA,2026-03-29,8.25,Simple_Avg
CP44,St-Constant,GA,2026-04-05,8.25,Simple_Avg
CP44,St-Constant,GA,2026-04-12,8.25,Simple_Avg
CP44,St-Constant,GA,2026-04-19,8.25,Simple_Avg
CP44,St-Constant,HT,2026-03-29,1.25,Simple_Avg
CP44,St-Constant,HT,2026-04-05,1.25,Simple_Avg
CP44,St-Constant,HT,2026-04-12,1.25,Simple_Avg
CP44,St-Constant,HT,2026-04-19,1.25,Simple_Avg
CP44,St-Constant,LO,2026-03-29,12.25,Simple_Avg
CP44,St-Constant,LO,2026-04-05,12.25,Simple_Avg
CP44,St-Constant,LO,2026-04-12,12.25,Simple_Avg
CP44,St-Constant,LO,2026-04-19,12.25,Simple_Avg
CP44,St-Constant,ME,2026-03-29,2.25,Simple_Avg
CP44,St-Constant,ME,2026-04-05,2.25,Simple_Avg
CP44,St-Constant,ME,2026-04-12,2.25,Simple_Avg
CP44,St-Constant,ME,2026-04-19,2.25,Simple_Avg
CP44,St-Constant,PA,2026-03-29,1.75,Simple_Avg
CP44,St-Constant,PA,2026-04-05,1.75,Simple_Avg
CP44,St-Constant,PA,2026-04-12,1.75,Simple_Avg
CP44,St-Constant,PA,2026-04-19,1.75,Simple_Avg
CP44,St-Constant,PC,2026-03-29,31.25,Simple_Avg
CP44,St-Constant,PC,2026-04-05,31.25,Simple_Avg
CP44,St-Constant,PC,2026-04-12,31.25,Simple_Avg
CP44,St-Constant,PC,2026-04-19,31.25,Simple_Avg
CP44,St-Constant,SP,2026-03-29,1.25,Simple_Avg
CP44,St-Constant,SP,2026-04-05,1.25,Simple_Avg
CP44,St-Constant,SP,2026-04-12,1.25,Simple_Avg
CP44,St-Constant,SP,2026-04-19,1.25,Simple_Avg
CP44,St-Constant,TO,2026-03-29,1.25,Simple_Avg
CP44,St-Constant,TO,2026-04-05,1.25,Simple_Avg
CP44,St-Constant,TO,2026-04-12,1.25,Simple_Avg
CP44,St-Constant,TO,2026-04-19,1.25,Simple_Avg
CP45,Cowansville,BQ,2026-03-29,1.75,Simple_Avg
CP45,Cowansville,BQ,2026-04-05,1.75,Simple_Avg
CP45,Cowansville,BQ,2026-04-12,1.75,Simple_Avg
CP45,Cowansville,BQ,2026-04-19,1.75,Simple_Avg
CP45,Cowansville,CH,2026-03-29,1.75,Simple_Avg
CP45,Cowansville,CH,2026-04-05,1.75,Simple_Avg
CP45,Cowansville,CH,2026-04-12,1.75,Simple_Avg
CP45,Cowansville,CH,2026-04-19,1.75,Simple_Avg
CP45,Cowansville,FI,2026-03-29,1.5,Simple_Avg
CP45,Cowansville,FI,2026-04-05,1.5,Simple_Avg
CP45,Cowansville,FI,2026-04-12,1.5,Simple_Avg
CP45,Cowansville,FI,2026-04-19,1.5,Simple_Avg
CP45,Cowansville,GA,2026-03-29,1.5,Simple_Avg
CP45,Cowansville,GA,2026-04-05,1.5,Simple_Avg
CP45,Cowansville,GA,2026-04-12,1.5,Simple_Avg
CP45,Cowansville,GA,2026-04-19,1.5,Simple_Avg
CP45,Cowansville,HT,2026-03-29,1.75,Simple_Avg
CP45,Cowansville,HT,2026-04-05,1.75,Simple_Avg
CP45,Cowansville,HT,2026-04-12,1.75,Simple_Avg
CP45,Cowansville,HT,2026-04-19,1.75,Simple_Avg
CP45,Cowansville,LO,2026-03-29,4.75,Simple_Avg
CP45,Cowansville,LO,2026-04-05,4.75,Simple_Avg
CP45,Cowansville,LO,2026-04-12,4.75,Simple_Avg
CP45,Cowansville,LO,2026-04-19,4.75,Simple_Avg
CP45,Cowansville,ME,2026-03-29,3.0,Simple_Avg
CP45,Cowansville,ME,2026-04-05,3.0,Simple_Avg
CP45,Cowansville,ME,2026-04-12,3.0,Simple_Avg
CP45,Cowansville,ME,2026-04-19,3.0,Simple_Avg
CP45,Cowansville,PA,2026-03-29,1.0,Simple_Avg
CP45,Cowansville,PA,2026-04-05,1.0,Simple_Avg
CP45,Cowansville,PA,2026-04-12,1.0,Simple_Avg
CP45,Cowansville,PA,2026-04-19,1.0,Simple_Avg
CP45,Cowansville,PC,2026-03-29,62.0,Simple_Avg
CP45,Cowansville,PC,2026-04-05,62.0,Simple_Avg
CP45,Cowansville,PC,2026-04-12,62.0,Simple_Avg
CP45,Cowansville,PC,2026-04-19,62.0,Simple_Avg
CP45,Cowansville,SP,2026-03-29,1.25,Simple_Avg
CP45,Cowansville,SP,2026-04-05,1.25,Simple_Avg
CP45,Cowansville,SP,2026-04-12,1.25,Simple_Avg
CP45,Cowansville,SP,2026-04-19,1.25,Simple_Avg
CP45,Cowansville,TO,2026-03-29,0.75,Simple_Avg
CP45,Cowansville,TO,2026-04-05,0.75,Simple_Avg
CP45,Cowansville,TO,2026-04-12,0.75,Simple_Avg
CP45,Cowansville,TO,2026-04-19,0.75,Simple_Avg
CP46,Sainte-Agathe-des-Monts,BQ,2026-03-29,2.0,Simple_Avg
CP46,Sainte-Agathe-des-Monts,BQ,2026-04-05,2.0,Simple_Avg
CP46,Sainte-Agathe-des-Monts,BQ,2026-04-12,2.0,Simple_Avg
CP46,Sainte-Agathe-des-Monts,BQ,2026-04-19,2.0,Simple_Avg
CP46,Sainte-Agathe-des-Monts,CH,2026-03-29,1.5,Simple_Avg
CP46,Sainte-Agathe-des-Monts,CH,2026-04-05,1.5,Simple_Avg
CP46,Sainte-Agathe-des-Monts,CH,2026-04-12,1.5,Simple_Avg
CP46,Sainte-Agathe-des-Monts,CH,2026-04-19,1.5,Simple_Avg
CP46,Sainte-Agathe-des-Monts,FI,2026-03-29,3.0,Simple_Avg
CP46,Sainte-Agathe-des-Monts,FI,2026-04-05,3.0,Simple_Avg
CP46,Sainte-Agathe-des-Monts,FI,2026-04-12,3.0,Simple_Avg
CP46,Sainte-Agathe-des-Monts,FI,2026-04-19,3.0,Simple_Avg
CP46,Sainte-Agathe-des-Monts,GA,2026-03-29,1.0,Simple_Avg
CP46,Sainte-Agathe-des-Monts,GA,2026-04-05,1.0,Simple_Avg
CP46,Sainte-Agathe-des-Monts,GA,2026-04-12,1.0,Simple_Avg
CP46,Sainte-Agathe-des-Monts,GA,2026-04-19,1.0,Simple_Avg
CP46,Sainte-Agathe-des-Monts,HT,2026-03-29,2.0,Simple_Avg
CP46,Sainte-Agathe-des-Monts,HT,2026-04-05,2.0,Simple_Avg
CP46,Sainte-Agathe-des-Monts,HT,2026-04-12,2.0,Simple_Avg
CP46,Sainte-Agathe-des-Monts,HT,2026-04-19,2.0,Simple_Avg
CP46,Sainte-Agathe-des-Monts,LO,2026-03-29,4.0,Simple_Avg
CP46,Sainte-Agathe-des-Monts,LO,2026-04-05,4.0,Simple_Avg
CP46,Sainte-Agathe-des-Monts,LO,2026-04-12,4.0,Simple_Avg
CP46,Sainte-Agathe-des-Monts,LO,2026-04-19,4.0,Simple_Avg
CP46,Sainte-Agathe-des-Monts,ME,2026-03-29,3.5,Simple_Avg
CP46,Sainte-Agathe-des-Monts,ME,2026-04-05,3.5,Simple_Avg
CP46,Sainte-Agathe-des-Monts,ME,2026-04-12,3.5,Simple_Avg
CP46,Sainte-Agathe-des-Monts,ME,2026-04-19,3.5,Simple_Avg
CP46,Sainte-Agathe-des-Monts,PA,2026-03-29,1.25,Simple_Avg
CP46,Sainte-Agathe-des-Monts,PA,2026-04-05,1.25,Simple_Avg
CP46,Sainte-Agathe-des-Monts,PA,2026-04-12,1.25,Simple_Avg
CP46,Sainte-Agathe-des-Monts,PA,2026-04-19,1.25,Simple_Avg
CP46,Sainte-Agathe-des-Monts,PC,2026-03-29,63.0,Simple_Avg
CP46,Sainte-Agathe-des-Monts,PC,2026-04-05,63.0,Simple_Avg
CP46,Sainte-Agathe-des-Monts,PC,2026-04-12,63.0,Simple_Avg
CP46,Sainte-Agathe-des-Monts,PC,2026-04-19,63.0,Simple_Avg
CP46,Sainte-Agathe-des-Monts,SP,2026-03-29,1.0,Simple_Avg
CP46,Sainte-Agathe-des-Monts,SP,2026-04-05,1.0,Simple_Avg
CP46,Sainte-Agathe-des-Monts,SP,2026-04-12,1.0,Simple_Avg
CP46,Sainte-Agathe-des-Monts,SP,2026-04-19,1.0,Simple_Avg
CP46,Sainte-Agathe-des-Monts,TO,2026-03-29,1.5,Simple_Avg
CP46,Sainte-Agathe-des-Monts,TO,2026-04-05,1.5,Simple_Avg
CP46,Sainte-Agathe-des-Monts,TO,2026-04-12,1.5,Simple_Avg
CP46,Sainte-Agathe-des-Monts,TO,2026-04-19,1.5,Simple_Avg
CP47,Riviere-du-Loup,BQ,2026-03-29,2.25,Simple_Avg
CP47,Riviere-du-Loup,BQ,2026-04-05,2.25,Simple_Avg
CP47,Riviere-du-Loup,BQ,2026-04-12,2.25,Simple_Avg
CP47,Riviere-du-Loup,BQ,2026-04-19,2.25,Simple_Avg
CP47,Riviere-du-Loup,CH,2026-03-29,1.0,Simple_Avg
CP47,Riviere-du-Loup,CH,2026-04-05,1.0,Simple_Avg
CP47,Riviere-du-Loup,CH,2026-04-12,1.0,Simple_Avg
CP47,Riviere-du-Loup,CH,2026-04-19,1.0,Simple_Avg
CP47,Riviere-du-Loup,FI,2026-03-29,2.25,Simple_Avg
CP47,Riviere-du-Loup,FI,2026-04-05,2.25,Simple_Avg
CP47,Riviere-du-Loup,FI,2026-04-12,2.25,Simple_Avg
CP47,Riviere-du-Loup,FI,2026-04-19,2.25,Simple_Avg
CP47,Riviere-du-Loup,GA,2026-03-29,4.0,Simple_Avg
CP47,Riviere-du-Loup,GA,2026-04-05,4.0,Simple_Avg
CP47,Riviere-du-Loup,GA,2026-04-12,4.0,Simple_Avg
CP47,Riviere-du-Loup,GA,2026-04-19,4.0,Simple_Avg
CP47,Riviere-du-Loup,HT,2026-03-29,0.25,Simple_Avg
CP47,Riviere-du-Loup,HT,2026-04-05,0.25,Simple_Avg
CP47,Riviere-du-Loup,HT,2026-04-12,0.25,Simple_Avg
CP47,Riviere-du-Loup,HT,2026-04-19,0.25,Simple_Avg
CP47,Riviere-du-Loup,LO,2026-03-29,2.25,Simple_Avg
CP47,Riviere-du-Loup,LO,2026-04-05,2.25,Simple_Avg
CP47,Riviere-du-Loup,LO,2026-04-12,2.25,Simple_Avg
CP47,Riviere-du-Loup,LO,2026-04-19,2.25,Simple_Avg
CP47,Riviere-du-Loup,ME,2026-03-29,4.25,Simple_Avg
CP47,Riviere-du-Loup,ME,2026-04-05,4.25,Simple_Avg
CP47,Riviere-du-Loup,ME,2026-04-12,4.25,Simple_Avg
CP47,Riviere-du-Loup,ME,2026-04-19,4.25,Simple_Avg
CP47,Riviere-du-Loup,PA,2026-03-29,1.25,Simple_Avg
CP47,Riviere-du-Loup,PA,2026-04-05,1.25,Simple_Avg
CP47,Riviere-du-Loup,PA,2026-04-12,1.25,Simple_Avg
CP47,Riviere-du-Loup,PA,2026-04-19,1.25,Simple_Avg
CP47,Riviere-du-Loup,PC,2026-03-29,46.25,Simple_Avg
CP47,Riviere-du-Loup,PC,2026-04-05,46.25,Simple_Avg
CP47,Riviere-du-Loup,PC,2026-04-12,46.25,Simple_Avg
CP47,Riviere-du-Loup,PC,2026-04-19,46.25,Simple_Avg
CP47,Riviere-du-Loup,SP,2026-03-29,1.0,Simple_Avg
CP47,Riviere-du-Loup,SP,2026-04-05,1.0,Simple_Avg
CP47,Riviere-du-Loup,SP,2026-04-12,1.0,Simple_Avg
CP47,Riviere-du-Loup,SP,2026-04-19,1.0,Simple_Avg
CP47,Riviere-du-Loup,TO,2026-03-29,0.5,Simple_Avg
CP47,Riviere-du-Loup,TO,2026-04-05,0.5,Simple_Avg
CP47,Riviere-du-Loup,TO,2026-04-12,0.5,Simple_Avg
CP47,Riviere-du-Loup,TO,2026-04-19,0.5,Simple_Avg
CP48,Beloeil,BQ,2026-03-29,1.0,Simple_Avg
CP48,Beloeil,BQ,2026-04-05,1.0,Simple_Avg
CP48,Beloeil,BQ,2026-04-12,1.0,Simple_Avg
CP48,Beloeil,BQ,2026-04-19,1.0,Simple_Avg
CP48,Beloeil,CH,2026-03-29,1.5,Simple_Avg
CP48,Beloeil,CH,2026-04-05,1.5,Simple_Avg
CP48,Beloeil,CH,2026-04-12,1.5,Simple_Avg
CP48,Beloeil,CH,2026-04-19,1.5,Simple_Avg
CP48,Beloeil,FI,2026-03-29,1.0,Simple_Avg
CP48,Beloeil,FI,2026-04-05,1.0,Simple_Avg
CP48,Beloeil,FI,2026-04-12,1.0,Simple_Avg
CP48,Beloeil,FI,2026-04-19,1.0,Simple_Avg
CP48,Beloeil,GA,2026-03-29,0.75,Simple_Avg
CP48,Beloeil,GA,2026-04-05,0.75,Simple_Avg
CP48,Beloeil,GA,2026-04-12,0.75,Simple_Avg
CP48,Beloeil,GA,2026-04-19,0.75,Simple_Avg
CP48,Beloeil,HT,2026-03-29,2.5,Simple_Avg
CP48,Beloeil,HT,2026-04-05,2.5,Simple_Avg
CP48,Beloeil,HT,2026-04-12,2.5,Simple_Avg
CP48,Beloeil,HT,2026-04-19,2.5,Simple_Avg
CP48,Beloeil,LO,2026-03-29,14.25,Simple_Avg
CP48,Beloeil,LO,2026-04-05,14.25,Simple_Avg
CP48,Beloeil,LO,2026-04-12,14.25,Simple_Avg
CP48,Beloeil,LO,2026-04-19,14.25,Simple_Avg
CP48,Beloeil,ME,2026-03-29,5.75,Simple_Avg
CP48,Beloeil,ME,2026-04-05,5.75,Simple_Avg
CP48,Beloeil,ME,2026-04-12,5.75,Simple_Avg
CP48,Beloeil,ME,2026-04-19,5.75,Simple_Avg
CP48,Beloeil,PA,2026-03-29,1.5,Simple_Avg
CP48,Beloeil,PA,2026-04-05,1.5,Simple_Avg
CP48,Beloeil,PA,2026-04-12,1.5,Simple_Avg
CP48,Beloeil,PA,2026-04-19,1.5,Simple_Avg
CP48,Beloeil,SP,2026-03-29,1.5,Simple_Avg
CP48,Beloeil,SP,2026-04-05,1.5,Simple_Avg
CP48,Beloeil,SP,2026-04-12,1.5,Simple_Avg
CP48,Beloeil,SP,2026-04-19,1.5,Simple_Avg
CP48,Beloeil,TO,2026-03-29,1.75,Simple_Avg
CP48,Beloeil,TO,2026-04-05,1.75,Simple_Avg
CP48,Beloeil,TO,2026-04-12,1.75,Simple_Avg
CP48,Beloeil,TO,2026-04-19,1.75,Simple_Avg
