store_code,city,division_code,Week,Forecast_Units,model,ASP,Forecast_Revenue
CP02,Blainville,ME,2026-03-29,15.479999542236328,XGBoost_Stratified,245.58464078306483,3801.65
CP02,Blainville,ME,2026-04-05,15.479999542236328,XGBoost_Stratified,246.68005241935487,3818.61
CP02,Blainville,ME,2026-04-12,29.309999465942383,XGBoost_Stratified,246.68005241935487,7230.19
CP02,Blainville,ME,2026-04-19,30.959999084472656,XGBoost_Stratified,246.68005241935487,7637.21
CP02,Blainville,PC,2026-03-29,43.900001525878906,XGBoost_Stratified,24.21684452094091,1063.12
CP02,Blainville,PC,2026-04-05,38.869998931884766,XGBoost_Stratified,27.961865048032635,1086.88
CP02,Blainville,PC,2026-04-12,48.38999938964844,XGBoost_Stratified,27.961865048032635,1353.07
CP02,Blainville,PC,2026-04-19,44.2599983215332,XGBoost_Stratified,27.961865048032635,1237.59
CP04,Drummondville,LO,2026-03-29,15.0600004196167,XGBoost_Stratified,8.386192810457516,126.3
CP04,Drummondville,LO,2026-04-05,15.0600004196167,XGBoost_Stratified,10.42592803030303,157.01
CP04,Drummondville,LO,2026-04-12,15.0600004196167,XGBoost_Stratified,10.42592803030303,157.01
CP04,Drummondville,LO,2026-04-19,22.200000762939453,XGBoost_Stratified,10.42592803030303,231.46
CP04,Drummondville,PC,2026-03-29,62.220001220703125,XGBoost_Stratified,20.968154425612052,1304.64
CP04,Drummondville,PC,2026-04-05,80.4000015258789,XGBoost_Stratified,22.518183712436922,1810.46
CP04,Drummondville,PC,2026-04-12,93.08999633789062,XGBoost_Stratified,22.518183712436922,2096.22
CP04,Drummondville,PC,2026-04-19,114.80000305175781,XGBoost_Stratified,22.518183712436922,2585.09
CP05,Sherbrooke,ME,2026-03-29,34.220001220703125,XGBoost_Stratified,253.3388868065967,8669.26
CP05,Sherbrooke,ME,2026-04-05,39.47999954223633,XGBoost_Stratified,346.1865854480126,13667.45
CP05,Sherbrooke,ME,2026-04-12,47.2599983215332,XGBoost_Stratified,346.1865854480126,16360.78
CP05,Sherbrooke,ME,2026-04-19,77.23999786376953,XGBoost_Stratified,346.1865854480126,26739.45
CP05,Sherbrooke,PC,2026-03-29,168.07000732421875,XGBoost_Stratified,21.02873949579832,3534.3
CP05,Sherbrooke,PC,2026-04-05,230.75,XGBoost_Stratified,18.629183874139628,4298.68
CP05,Sherbrooke,PC,2026-04-12,313.4200134277344,XGBoost_Stratified,18.629183874139628,5838.76
CP05,Sherbrooke,PC,2026-04-19,623.5700073242188,XGBoost_Stratified,18.629183874139628,11616.6
CP06,Granby,ME,2026-03-29,97.66000366210938,XGBoost_Stratified,238.37053278688524,23279.27
CP06,Granby,ME,2026-04-05,79.33000183105469,XGBoost_Stratified,255.4413442921028,20264.16
CP06,Granby,ME,2026-04-12,65.08000183105469,XGBoost_Stratified,255.4413442921028,16624.12
CP06,Granby,ME,2026-04-19,66.22000122070312,XGBoost_Stratified,255.4413442921028,16915.33
CP06,Granby,PC,2026-03-29,71.55000305175781,XGBoost_Stratified,25.105565311701433,1796.3
CP06,Granby,PC,2026-04-05,98.8499984741211,XGBoost_Stratified,24.951449514675154,2466.45
CP06,Granby,PC,2026-04-12,159.67999267578125,XGBoost_Stratified,24.951449514675154,3984.25
CP06,Granby,PC,2026-04-19,268.3699951171875,XGBoost_Stratified,24.951449514675154,6696.22
CP07,Laval,LO,2026-03-29,10.859999656677246,XGBoost_Stratified,8.111212121212121,88.09
CP07,Laval,LO,2026-04-05,6.420000076293945,XGBoost_Stratified,11.376346153846153,73.04
CP07,Laval,LO,2026-04-12,13.3100004196167,XGBoost_Stratified,11.376346153846153,151.42
CP07,Laval,LO,2026-04-19,16.239999771118164,XGBoost_Stratified,11.376346153846153,184.75
CP07,Laval,ME,2026-03-29,68.80999755859375,XGBoost_Stratified,260.93674614677604,17955.06
CP07,Laval,ME,2026-04-05,74.06999969482422,XGBoost_Stratified,219.58289474298454,16264.5
CP07,Laval,ME,2026-04-12,87.62000274658203,XGBoost_Stratified,219.58289474298454,19239.85
CP07,Laval,ME,2026-04-19,84.94999694824219,XGBoost_Stratified,219.58289474298454,18653.57
CP07,Laval,PC,2026-03-29,75.18000030517578,XGBoost_Stratified,23.53657894736842,1769.48
CP07,Laval,PC,2026-04-05,82.08999633789062,XGBoost_Stratified,27.612301102666606,2266.69
CP07,Laval,PC,2026-04-12,92.02999877929688,XGBoost_Stratified,27.612301102666606,2541.16
CP07,Laval,PC,2026-04-19,155.2100067138672,XGBoost_Stratified,27.612301102666606,4285.71
CP07,Liquidation,LO,2026-03-29,10.130000114440918,XGBoost_Stratified,8.111212121212121,82.17
CP07,Liquidation,LO,2026-04-05,4.730000019073486,XGBoost_Stratified,11.376346153846153,53.81
CP07,Liquidation,LO,2026-04-12,4.730000019073486,XGBoost_Stratified,11.376346153846153,53.81
CP07,Liquidation,LO,2026-04-19,11.859999656677246,XGBoost_Stratified,11.376346153846153,134.92
CP07,Liquidation,ME,2026-03-29,10.199999809265137,XGBoost_Stratified,260.93674614677604,2661.55
CP07,Liquidation,ME,2026-04-05,9.279999732971191,XGBoost_Stratified,219.58289474298454,2037.73
CP07,Liquidation,ME,2026-04-12,7.550000190734863,XGBoost_Stratified,219.58289474298454,1657.85
CP07,Liquidation,ME,2026-04-19,2.140000104904175,XGBoost_Stratified,219.58289474298454,469.91
CP07,Liquidation,PC,2026-03-29,95.04000091552734,XGBoost_Stratified,23.53657894736842,2236.92
CP07,Liquidation,PC,2026-04-05,93.26000213623047,XGBoost_Stratified,27.612301102666606,2575.12
CP07,Liquidation,PC,2026-04-12,83.23999786376953,XGBoost_Stratified,27.612301102666606,2298.45
CP07,Liquidation,PC,2026-04-19,69.88999938964844,XGBoost_Stratified,27.612301102666606,1929.82
CP08,Longueuil,ME,2026-03-29,9.630000114440918,XGBoost_Stratified,254.23476284584981,2448.28
CP08,Longueuil,ME,2026-04-05,4.550000190734863,XGBoost_Stratified,294.2319231467199,1338.76
CP08,Longueuil,ME,2026-04-12,4.550000190734863,XGBoost_Stratified,294.2319231467199,1338.76
CP08,Longueuil,ME,2026-04-19,14.5,XGBoost_Stratified,294.2319231467199,4266.36
CP08,Longueuil,PC,2026-03-29,56.040000915527344,XGBoost_Stratified,22.350462569467147,1252.52
CP08,Longueuil,PC,2026-04-05,38.5099983215332,XGBoost_Stratified,24.611582950240496,947.79
CP08,Longueuil,PC,2026-04-12,58.09000015258789,XGBoost_Stratified,24.611582950240496,1429.69
CP08,Longueuil,PC,2026-04-19,67.54000091552734,XGBoost_Stratified,24.611582950240496,1662.27
CP10,Saint-Jérôme,LO,2026-03-29,10.960000038146973,XGBoost_Stratified,10.219017857142857,112.0
CP10,Saint-Jérôme,LO,2026-04-05,10.960000038146973,XGBoost_Stratified,13.88262237762238,152.15
CP10,Saint-Jérôme,LO,2026-04-12,14.140000343322754,XGBoost_Stratified,13.88262237762238,196.3
CP10,Saint-Jérôme,LO,2026-04-19,15.75,XGBoost_Stratified,13.88262237762238,218.65
CP10,Saint-Jérôme,ME,2026-03-29,0.6499999761581421,XGBoost_Stratified,275.92967885399776,179.35
CP10,Saint-Jérôme,ME,2026-04-05,0.6499999761581421,XGBoost_Stratified,242.227750400641,157.45
CP10,Saint-Jérôme,ME,2026-04-12,11.199999809265137,XGBoost_Stratified,242.227750400641,2712.95
CP10,Saint-Jérôme,ME,2026-04-19,37.150001525878906,XGBoost_Stratified,242.227750400641,8998.76
CP10,Saint-Jérôme,PC,2026-03-29,86.7699966430664,XGBoost_Stratified,24.23346636509558,2102.74
CP10,Saint-Jérôme,PC,2026-04-05,84.91000366210938,XGBoost_Stratified,25.30096870725034,2148.31
CP10,Saint-Jérôme,PC,2026-04-12,96.08999633789062,XGBoost_Stratified,25.30096870725034,2431.17
CP10,Saint-Jérôme,PC,2026-04-19,104.88999938964844,XGBoost_Stratified,25.30096870725034,2653.82
CP12,St-Georges-de-Beauce,PC,2026-03-29,39.349998474121094,XGBoost_Stratified,26.490000000000002,1042.38
CP12,St-Georges-de-Beauce,PC,2026-04-05,52.709999084472656,XGBoost_Stratified,28.79501231348689,1517.79
CP12,St-Georges-de-Beauce,PC,2026-04-12,56.63999938964844,XGBoost_Stratified,28.79501231348689,1630.95
CP12,St-Georges-de-Beauce,PC,2026-04-19,65.48999786376953,XGBoost_Stratified,28.79501231348689,1885.79
CP13,Victoriaville,PC,2026-03-29,61.9900016784668,XGBoost_Stratified,22.664712490479815,1404.99
CP13,Victoriaville,PC,2026-04-05,90.69000244140625,XGBoost_Stratified,25.0354813227951,2270.47
CP13,Victoriaville,PC,2026-04-12,93.86000061035156,XGBoost_Stratified,25.0354813227951,2349.83
CP13,Victoriaville,PC,2026-04-19,107.19999694824219,XGBoost_Stratified,25.0354813227951,2683.8
CP15,Repentigny,ME,2026-03-29,27.34000015258789,XGBoost_Stratified,277.44865567765567,7585.45
CP15,Repentigny,ME,2026-04-05,34.66999816894531,XGBoost_Stratified,244.6609097127223,8482.39
CP15,Repentigny,ME,2026-04-12,31.100000381469727,XGBoost_Stratified,244.6609097127223,7608.95
CP15,Repentigny,ME,2026-04-19,31.350000381469727,XGBoost_Stratified,244.6609097127223,7670.12
CP15,Repentigny,PC,2026-03-29,50.599998474121094,XGBoost_Stratified,18.719681122448982,947.22
CP15,Repentigny,PC,2026-04-05,51.779998779296875,XGBoost_Stratified,26.86725631633324,1391.19
CP15,Repentigny,PC,2026-04-12,77.9800033569336,XGBoost_Stratified,26.86725631633324,2095.11
CP15,Repentigny,PC,2026-04-19,109.30999755859375,XGBoost_Stratified,26.86725631633324,2936.86
CP16,Chicoutimi,LO,2026-03-29,9.75,XGBoost_Stratified,11.48598979013046,111.99
CP16,Chicoutimi,LO,2026-04-05,9.75,XGBoost_Stratified,7.638701456310679,74.48
CP16,Chicoutimi,LO,2026-04-12,18.489999771118164,XGBoost_Stratified,7.638701456310679,141.24
CP16,Chicoutimi,LO,2026-04-19,17.170000076293945,XGBoost_Stratified,7.638701456310679,131.16
CP16,Chicoutimi,ME,2026-03-29,17.700000762939453,XGBoost_Stratified,388.178801369863,6870.77
CP16,Chicoutimi,ME,2026-04-05,15.210000038146973,XGBoost_Stratified,430.5586688073395,6548.8
CP16,Chicoutimi,ME,2026-04-12,17.700000762939453,XGBoost_Stratified,430.5586688073395,7620.89
CP16,Chicoutimi,ME,2026-04-19,34.529998779296875,XGBoost_Stratified,430.5586688073395,14867.19
CP16,Chicoutimi,PC,2026-03-29,69.41000366210938,XGBoost_Stratified,21.391048387096774,1484.75
CP16,Chicoutimi,PC,2026-04-05,68.30999755859375,XGBoost_Stratified,20.657442151581822,1411.11
CP16,Chicoutimi,PC,2026-04-12,68.61000061035156,XGBoost_Stratified,20.657442151581822,1417.31
CP16,Chicoutimi,PC,2026-04-19,92.58999633789062,XGBoost_Stratified,20.657442151581822,1912.67
CP17,Trois-Rivières,PC,2026-03-29,104.44999694824219,XGBoost_Stratified,35.42375626539801,3700.01
CP17,Trois-Rivières,PC,2026-04-05,100.79000091552734,XGBoost_Stratified,33.05369562457349,3331.48
CP17,Trois-Rivières,PC,2026-04-12,108.72000122070312,XGBoost_Stratified,33.05369562457349,3593.6
CP17,Trois-Rivières,PC,2026-04-19,157.3300018310547,XGBoost_Stratified,33.05369562457349,5200.34
CP202,Nepean,PC,2026-03-29,67.97000122070312,XGBoost_Stratified,21.46562123493976,1459.02
CP202,Nepean,PC,2026-04-05,78.2699966430664,XGBoost_Stratified,21.28071208944794,1665.64
CP202,Nepean,PC,2026-04-12,79.66999816894531,XGBoost_Stratified,21.28071208944794,1695.43
CP202,Nepean,PC,2026-04-19,90.2300033569336,XGBoost_Stratified,21.28071208944794,1920.16
CP28,Pointe-aux-Trembles,PC,2026-03-29,34.72999954223633,XGBoost_Stratified,21.75638888888889,755.6
CP28,Pointe-aux-Trembles,PC,2026-04-05,52.34000015258789,XGBoost_Stratified,24.663980332880435,1290.91
CP28,Pointe-aux-Trembles,PC,2026-04-12,59.70000076293945,XGBoost_Stratified,24.663980332880435,1472.44
CP28,Pointe-aux-Trembles,PC,2026-04-19,86.8499984741211,XGBoost_Stratified,24.663980332880435,2142.07
CP32,St-Hyacinthe,PC,2026-03-29,51.959999084472656,XGBoost_Stratified,23.888975535168196,1241.27
CP32,St-Hyacinthe,PC,2026-04-05,69.97000122070312,XGBoost_Stratified,26.6131904892136,1862.12
CP32,St-Hyacinthe,PC,2026-04-12,91.01000213623047,XGBoost_Stratified,26.6131904892136,2422.07
CP32,St-Hyacinthe,PC,2026-04-19,114.38999938964844,XGBoost_Stratified,26.6131904892136,3044.28
CP33,Sorel-Tracy,PC,2026-03-29,15.489999771118164,XGBoost_Stratified,20.55373015873016,318.38
CP33,Sorel-Tracy,PC,2026-04-05,25.549999237060547,XGBoost_Stratified,23.573046906465905,602.29
CP33,Sorel-Tracy,PC,2026-04-12,31.0,XGBoost_Stratified,23.573046906465905,730.76
CP33,Sorel-Tracy,PC,2026-04-19,69.08999633789062,XGBoost_Stratified,23.573046906465905,1628.66
CP35,Saint-Jean-sur-Richelieu,LO,2026-03-29,4.25,XGBoost_Stratified,10.850902777777778,46.12
CP35,Saint-Jean-sur-Richelieu,LO,2026-04-05,6.369999885559082,XGBoost_Stratified,14.894200854049107,94.88
CP35,Saint-Jean-sur-Richelieu,LO,2026-04-12,12.039999961853027,XGBoost_Stratified,14.894200854049107,179.33
CP35,Saint-Jean-sur-Richelieu,LO,2026-04-19,16.440000534057617,XGBoost_Stratified,14.894200854049107,244.86
CP35,Saint-Jean-sur-Richelieu,PC,2026-03-29,73.33000183105469,XGBoost_Stratified,19.97647304867893,1464.87
CP35,Saint-Jean-sur-Richelieu,PC,2026-04-05,82.83999633789062,XGBoost_Stratified,26.512108438223976,2196.26
CP35,Saint-Jean-sur-Richelieu,PC,2026-04-12,92.97000122070312,XGBoost_Stratified,26.512108438223976,2464.83
CP35,Saint-Jean-sur-Richelieu,PC,2026-04-19,97.94999694824219,XGBoost_Stratified,26.512108438223976,2596.86
CP36,Saint-Eustache,LO,2026-03-29,15.479999542236328,XGBoost_Stratified,9.258583333333332,143.32
CP36,Saint-Eustache,LO,2026-04-05,10.079999923706055,XGBoost_Stratified,12.42246212121212,125.22
CP36,Saint-Eustache,LO,2026-04-12,10.079999923706055,XGBoost_Stratified,12.42246212121212,125.22
CP36,Saint-Eustache,LO,2026-04-19,13.260000228881836,XGBoost_Stratified,12.42246212121212,164.72
CP36,Saint-Eustache,ME,2026-03-29,372.6400146484375,XGBoost_Stratified,231.16154150197627,86140.04
CP36,Saint-Eustache,ME,2026-04-05,237.35000610351562,XGBoost_Stratified,173.65161921844972,41216.21
CP36,Saint-Eustache,ME,2026-04-12,237.14999389648438,XGBoost_Stratified,173.65161921844972,41181.48
CP36,Saint-Eustache,ME,2026-04-19,232.82000732421875,XGBoost_Stratified,173.65161921844972,40429.57
CP36,Saint-Eustache,PC,2026-03-29,45.369998931884766,XGBoost_Stratified,22.973571428571425,1042.31
CP36,Saint-Eustache,PC,2026-04-05,54.38999938964844,XGBoost_Stratified,26.194824748926948,1424.74
CP36,Saint-Eustache,PC,2026-04-12,73.91999816894531,XGBoost_Stratified,26.194824748926948,1936.32
CP36,Saint-Eustache,PC,2026-04-19,95.4000015258789,XGBoost_Stratified,26.194824748926948,2498.99
CP37,Gatineau,ME,2026-03-29,64.73999786376953,XGBoost_Stratified,314.85371794871793,20383.63
CP37,Gatineau,ME,2026-04-05,121.79000091552734,XGBoost_Stratified,294.1269629435984,35821.72
CP37,Gatineau,ME,2026-04-12,135.38999938964844,XGBoost_Stratified,294.1269629435984,39821.85
CP37,Gatineau,ME,2026-04-19,167.02999877929688,XGBoost_Stratified,294.1269629435984,49128.03
CP37,Gatineau,PC,2026-03-29,129.19000244140625,XGBoost_Stratified,23.373441139183193,3019.61
CP37,Gatineau,PC,2026-04-05,129.7100067138672,XGBoost_Stratified,24.18931503857137,3137.6
CP37,Gatineau,PC,2026-04-12,135.0,XGBoost_Stratified,24.18931503857137,3265.56
CP37,Gatineau,PC,2026-04-19,183.57000732421875,XGBoost_Stratified,24.18931503857137,4440.43
CP39,Joliette,PC,2026-03-29,62.58000183105469,XGBoost_Stratified,16.976002024291496,1062.36
CP39,Joliette,PC,2026-04-05,47.75,XGBoost_Stratified,22.69996326707001,1083.92
CP39,Joliette,PC,2026-04-12,43.810001373291016,XGBoost_Stratified,22.69996326707001,994.49
CP39,Joliette,PC,2026-04-19,60.86000061035156,XGBoost_Stratified,22.69996326707001,1381.52
CP40,Thetford Mines,PC,2026-03-29,24.06999969482422,XGBoost_Stratified,25.599756097560974,616.19
CP40,Thetford Mines,PC,2026-04-05,33.59000015258789,XGBoost_Stratified,25.623793427909668,860.7
CP40,Thetford Mines,PC,2026-04-12,32.15999984741211,XGBoost_Stratified,25.623793427909668,824.06
CP40,Thetford Mines,PC,2026-04-19,32.15999984741211,XGBoost_Stratified,25.623793427909668,824.06
CP44,St-Constant,PC,2026-03-29,24.93000030517578,XGBoost_Stratified,23.754705882352944,592.2
CP44,St-Constant,PC,2026-04-05,23.420000076293945,XGBoost_Stratified,23.781271568627453,556.96
CP44,St-Constant,PC,2026-04-12,26.360000610351562,XGBoost_Stratified,23.781271568627453,626.87
CP44,St-Constant,PC,2026-04-19,69.94999694824219,XGBoost_Stratified,23.781271568627453,1663.5
CP45,Cowansville,PC,2026-03-29,39.25,XGBoost_Stratified,24.5525,963.69
CP45,Cowansville,PC,2026-04-05,49.72999954223633,XGBoost_Stratified,26.161125202374528,1300.99
CP45,Cowansville,PC,2026-04-12,70.33000183105469,XGBoost_Stratified,26.161125202374528,1839.91
CP45,Cowansville,PC,2026-04-19,92.20999908447266,XGBoost_Stratified,26.161125202374528,2412.32
CP46,Sainte-Agathe-des-Monts,PC,2026-03-29,32.0,XGBoost_Stratified,24.278858974358975,776.92
CP46,Sainte-Agathe-des-Monts,PC,2026-04-05,27.790000915527344,XGBoost_Stratified,28.203377742946707,783.77
CP46,Sainte-Agathe-des-Monts,PC,2026-04-12,28.649999618530273,XGBoost_Stratified,28.203377742946707,808.03
CP46,Sainte-Agathe-des-Monts,PC,2026-04-19,70.30000305175781,XGBoost_Stratified,28.203377742946707,1982.7
CP47,Riviere-du-Loup,PC,2026-03-29,73.12999725341797,XGBoost_Stratified,18.55777777777778,1357.13
CP47,Riviere-du-Loup,PC,2026-04-05,84.43000030517578,XGBoost_Stratified,11.321899603295698,955.91
CP47,Riviere-du-Loup,PC,2026-04-12,88.68000030517578,XGBoost_Stratified,11.321899603295698,1004.03
CP47,Riviere-du-Loup,PC,2026-04-19,94.04000091552734,XGBoost_Stratified,11.321899603295698,1064.71
CP48,Beloeil,PC,2026-03-29,52.2400016784668,XGBoost_Stratified,22.36627123938031,1168.41
CP48,Beloeil,PC,2026-04-05,48.65999984741211,XGBoost_Stratified,24.101596712416217,1172.78
CP48,Beloeil,PC,2026-04-12,64.8499984741211,XGBoost_Stratified,24.101596712416217,1562.99
CP48,Beloeil,PC,2026-04-19,82.0199966430664,XGBoost_Stratified,24.101596712416217,1976.81
CP02,Blainville,BQ,2026-03-29,2.5,Naive_Stratified,612.49125,1531.23
CP02,Blainville,BQ,2026-04-05,2.5,Naive_Stratified,274.99,687.48
CP02,Blainville,BQ,2026-04-12,2.5,Naive_Stratified,274.99,687.48
CP02,Blainville,BQ,2026-04-19,2.5,Naive_Stratified,274.99,687.48
CP02,Blainville,CH,2026-03-29,2.25,Naive_Stratified,1899.9900000000002,4274.98
CP02,Blainville,CH,2026-04-05,2.25,Naive_Stratified,1781.6683333333333,4008.75
CP02,Blainville,CH,2026-04-12,2.25,Naive_Stratified,1781.6683333333333,4008.75
CP02,Blainville,CH,2026-04-19,2.25,Naive_Stratified,1781.6683333333333,4008.75
CP02,Blainville,FI,2026-03-29,1.5,Naive_Stratified,380.7996153846153,571.2
CP02,Blainville,FI,2026-04-05,1.5,Naive_Stratified,399.99,599.98
CP02,Blainville,FI,2026-04-12,1.5,Naive_Stratified,399.99,599.98
CP02,Blainville,FI,2026-04-19,1.5,Naive_Stratified,399.99,599.98
CP02,Blainville,GA,2026-03-29,0.75,Naive_Stratified,1314.7757142857145,986.08
CP02,Blainville,GA,2026-04-05,0.75,Naive_Stratified,1022.5843199233716,766.94
CP02,Blainville,GA,2026-04-12,0.75,Naive_Stratified,1022.5843199233716,766.94
CP02,Blainville,GA,2026-04-19,0.75,Naive_Stratified,1022.5843199233716,766.94
CP02,Blainville,HT,2026-03-29,2.25,Naive_Stratified,3047.2888571428575,6856.4
CP02,Blainville,HT,2026-04-05,2.25,Naive_Stratified,2869.296696969697,6455.92
CP02,Blainville,HT,2026-04-12,2.25,Naive_Stratified,2869.296696969697,6455.92
CP02,Blainville,HT,2026-04-19,2.25,Naive_Stratified,2869.296696969697,6455.92
CP02,Blainville,LO,2026-03-29,5.25,Naive_Stratified,15.13893665158371,79.48
CP02,Blainville,LO,2026-04-05,5.25,Naive_Stratified,13.695059523809524,71.9
CP02,Blainville,LO,2026-04-12,5.25,Naive_Stratified,13.695059523809524,71.9
CP02,Blainville,LO,2026-04-19,5.25,Naive_Stratified,13.695059523809524,71.9
CP02,Blainville,PA,2026-03-29,0.5,Naive_Stratified,329.047380952381,164.52
CP02,Blainville,PA,2026-04-05,0.5,Naive_Stratified,348.63750000000005,174.32
CP02,Blainville,PA,2026-04-12,0.5,Naive_Stratified,348.63750000000005,174.32
CP02,Blainville,PA,2026-04-19,0.5,Naive_Stratified,348.63750000000005,174.32
CP02,Blainville,SP,2026-03-29,0.5,Naive_Stratified,9815.915,4907.96
CP02,Blainville,SP,2026-04-05,0.5,Naive_Stratified,10269.56,5134.78
CP02,Blainville,SP,2026-04-12,0.5,Naive_Stratified,10269.56,5134.78
CP02,Blainville,SP,2026-04-19,0.5,Naive_Stratified,10269.56,5134.78
CP02,Blainville,TO,2026-03-29,1.5,Naive_Stratified,633.1399411764706,949.71
CP02,Blainville,TO,2026-04-05,1.5,Naive_Stratified,752.885294117647,1129.33
CP02,Blainville,TO,2026-04-12,1.5,Naive_Stratified,752.885294117647,1129.33
CP02,Blainville,TO,2026-04-19,1.5,Naive_Stratified,752.885294117647,1129.33
CP04,Drummondville,BQ,2026-03-29,1.0,Naive_Stratified,232.495,232.5
CP04,Drummondville,BQ,2026-04-05,1.0,Naive_Stratified,263.59000000000003,263.59
CP04,Drummondville,BQ,2026-04-12,1.0,Naive_Stratified,263.59000000000003,263.59
CP04,Drummondville,BQ,2026-04-19,1.0,Naive_Stratified,263.59000000000003,263.59
CP04,Drummondville,CH,2026-03-29,1.0,Naive_Stratified,1933.323333333333,1933.32
CP04,Drummondville,CH,2026-04-05,1.0,Naive_Stratified,1631.24,1631.24
CP04,Drummondville,CH,2026-04-12,1.0,Naive_Stratified,1631.24,1631.24
CP04,Drummondville,CH,2026-04-19,1.0,Naive_Stratified,1631.24,1631.24
CP04,Drummondville,FI,2026-03-29,4.75,Naive_Stratified,146.45423076923078,695.66
CP04,Drummondville,FI,2026-04-05,4.75,Naive_Stratified,157.04833333333335,745.98
CP04,Drummondville,FI,2026-04-12,4.75,Naive_Stratified,157.04833333333335,745.98
CP04,Drummondville,FI,2026-04-19,4.75,Naive_Stratified,157.04833333333335,745.98
CP04,Drummondville,GA,2026-03-29,12.5,Naive_Stratified,1530.8241666666668,19135.3
CP04,Drummondville,GA,2026-04-05,12.5,Naive_Stratified,1615.664642857143,20195.81
CP04,Drummondville,GA,2026-04-12,12.5,Naive_Stratified,1615.664642857143,20195.81
CP04,Drummondville,GA,2026-04-19,12.5,Naive_Stratified,1615.664642857143,20195.81
CP04,Drummondville,HT,2026-03-29,4.25,Naive_Stratified,2177.625,9254.91
CP04,Drummondville,HT,2026-04-05,4.25,Naive_Stratified,1818.992819548872,7730.72
CP04,Drummondville,HT,2026-04-12,4.25,Naive_Stratified,1818.992819548872,7730.72
CP04,Drummondville,HT,2026-04-19,4.25,Naive_Stratified,1818.992819548872,7730.72
CP04,Drummondville,ME,2026-03-29,5.75,Naive_Stratified,220.5192857142857,1267.99
CP04,Drummondville,ME,2026-04-05,5.75,Naive_Stratified,286.47951553170583,1647.26
CP04,Drummondville,ME,2026-04-12,5.75,Naive_Stratified,286.47951553170583,1647.26
CP04,Drummondville,ME,2026-04-19,5.75,Naive_Stratified,286.47951553170583,1647.26
CP04,Drummondville,PA,2026-03-29,1.25,Naive_Stratified,54.99,68.74
CP04,Drummondville,PA,2026-04-05,1.25,Naive_Stratified,88.91677083333333,111.15
CP04,Drummondville,PA,2026-04-12,1.25,Naive_Stratified,88.91677083333333,111.15
CP04,Drummondville,PA,2026-04-19,1.25,Naive_Stratified,88.91677083333333,111.15
CP04,Drummondville,SP,2026-03-29,1.0,Naive_Stratified,9319.0,9319.0
CP04,Drummondville,SP,2026-04-05,1.0,Naive_Stratified,8337.191507936508,8337.19
CP04,Drummondville,SP,2026-04-12,1.0,Naive_Stratified,8337.191507936508,8337.19
CP04,Drummondville,SP,2026-04-19,1.0,Naive_Stratified,8337.191507936508,8337.19
CP04,Drummondville,TO,2026-03-29,0.75,Naive_Stratified,193.66333333333336,145.25
CP04,Drummondville,TO,2026-04-05,0.75,Naive_Stratified,154.66357142857143,116.0
CP04,Drummondville,TO,2026-04-12,0.75,Naive_Stratified,154.66357142857143,116.0
CP04,Drummondville,TO,2026-04-19,0.75,Naive_Stratified,154.66357142857143,116.0
CP05,Sherbrooke,BQ,2026-03-29,2.0,Naive_Stratified,399.57333333333327,799.15
CP05,Sherbrooke,BQ,2026-04-05,2.0,Naive_Stratified,382.00880952380953,764.02
CP05,Sherbrooke,BQ,2026-04-12,2.0,Naive_Stratified,382.00880952380953,764.02
CP05,Sherbrooke,BQ,2026-04-19,2.0,Naive_Stratified,382.00880952380953,764.02
CP05,Sherbrooke,CH,2026-03-29,0.75,Naive_Stratified,1482.993333333333,1112.24
CP05,Sherbrooke,CH,2026-04-05,0.75,Naive_Stratified,1637.2043055555555,1227.9
CP05,Sherbrooke,CH,2026-04-12,0.75,Naive_Stratified,1637.2043055555555,1227.9
CP05,Sherbrooke,CH,2026-04-19,0.75,Naive_Stratified,1637.2043055555555,1227.9
CP05,Sherbrooke,FI,2026-03-29,4.75,Naive_Stratified,865.6940000000001,4112.05
CP05,Sherbrooke,FI,2026-04-05,4.75,Naive_Stratified,357.69,1699.03
CP05,Sherbrooke,FI,2026-04-12,4.75,Naive_Stratified,357.69,1699.03
CP05,Sherbrooke,FI,2026-04-19,4.75,Naive_Stratified,357.69,1699.03
CP05,Sherbrooke,GA,2026-03-29,0.75,Naive_Stratified,344.99,258.74
CP05,Sherbrooke,GA,2026-04-05,0.75,Naive_Stratified,1171.0966025641026,878.32
CP05,Sherbrooke,GA,2026-04-12,0.75,Naive_Stratified,1171.0966025641026,878.32
CP05,Sherbrooke,GA,2026-04-19,0.75,Naive_Stratified,1171.0966025641026,878.32
CP05,Sherbrooke,HT,2026-03-29,1.25,Naive_Stratified,2643.1457142857143,3303.93
CP05,Sherbrooke,HT,2026-04-05,1.25,Naive_Stratified,12057.0,15071.25
CP05,Sherbrooke,HT,2026-04-12,1.25,Naive_Stratified,12057.0,15071.25
CP05,Sherbrooke,HT,2026-04-19,1.25,Naive_Stratified,12057.0,15071.25
CP05,Sherbrooke,LO,2026-03-29,13.75,Naive_Stratified,20.37095238095238,280.1
CP05,Sherbrooke,LO,2026-04-05,13.75,Naive_Stratified,15.836652644230767,217.75
CP05,Sherbrooke,LO,2026-04-12,13.75,Naive_Stratified,15.836652644230767,217.75
CP05,Sherbrooke,LO,2026-04-19,13.75,Naive_Stratified,15.836652644230767,217.75
CP05,Sherbrooke,PA,2026-03-29,1.75,Naive_Stratified,339.99,594.98
CP05,Sherbrooke,PA,2026-04-05,1.75,Naive_Stratified,341.8233333333334,598.19
CP05,Sherbrooke,PA,2026-04-12,1.75,Naive_Stratified,341.8233333333334,598.19
CP05,Sherbrooke,PA,2026-04-19,1.75,Naive_Stratified,341.8233333333334,598.19
CP05,Sherbrooke,SP,2026-03-29,1.0,Naive_Stratified,8199.0,8199.0
CP05,Sherbrooke,SP,2026-04-05,1.0,Naive_Stratified,9468.042,9468.04
CP05,Sherbrooke,SP,2026-04-12,1.0,Naive_Stratified,9468.042,9468.04
CP05,Sherbrooke,SP,2026-04-19,1.0,Naive_Stratified,9468.042,9468.04
CP05,Sherbrooke,TO,2026-03-29,0.75,Naive_Stratified,587.49,440.62
CP05,Sherbrooke,TO,2026-04-05,0.75,Naive_Stratified,297.495,223.12
CP05,Sherbrooke,TO,2026-04-12,0.75,Naive_Stratified,297.495,223.12
CP05,Sherbrooke,TO,2026-04-19,0.75,Naive_Stratified,297.495,223.12
CP06,Granby,BQ,2026-03-29,1.25,Naive_Stratified,109.136875,136.42
CP06,Granby,BQ,2026-04-05,1.25,Naive_Stratified,326.37926007326007,407.97
CP06,Granby,BQ,2026-04-12,1.25,Naive_Stratified,326.37926007326007,407.97
CP06,Granby,BQ,2026-04-19,1.25,Naive_Stratified,326.37926007326007,407.97
CP06,Granby,CH,2026-03-29,1.25,Naive_Stratified,2099.495,2624.37
CP06,Granby,CH,2026-04-05,1.25,Naive_Stratified,2506.310125,3132.89
CP06,Granby,CH,2026-04-12,1.25,Naive_Stratified,2506.310125,3132.89
CP06,Granby,CH,2026-04-19,1.25,Naive_Stratified,2506.310125,3132.89
CP06,Granby,FI,2026-03-29,3.5,Naive_Stratified,211.6772077922078,740.87
CP06,Granby,FI,2026-04-05,3.5,Naive_Stratified,207.94400000000002,727.8
CP06,Granby,FI,2026-04-12,3.5,Naive_Stratified,207.94400000000002,727.8
CP06,Granby,FI,2026-04-19,3.5,Naive_Stratified,207.94400000000002,727.8
CP06,Granby,GA,2026-03-29,37.5,Naive_Stratified,730.242,27384.07
CP06,Granby,GA,2026-04-05,37.5,Naive_Stratified,1925.6496,72211.86
CP06,Granby,GA,2026-04-12,37.5,Naive_Stratified,1925.6496,72211.86
CP06,Granby,GA,2026-04-19,37.5,Naive_Stratified,1925.6496,72211.86
CP06,Granby,HT,2026-03-29,2.0,Naive_Stratified,2548.4390476190474,5096.88
CP06,Granby,HT,2026-04-05,2.0,Naive_Stratified,2456.658333333333,4913.32
CP06,Granby,HT,2026-04-12,2.0,Naive_Stratified,2456.658333333333,4913.32
CP06,Granby,HT,2026-04-19,2.0,Naive_Stratified,2456.658333333333,4913.32
CP06,Granby,LO,2026-03-29,13.0,Naive_Stratified,13.338125,173.4
CP06,Granby,LO,2026-04-05,13.0,Naive_Stratified,18.296072463768116,237.85
CP06,Granby,LO,2026-04-12,13.0,Naive_Stratified,18.296072463768116,237.85
CP06,Granby,LO,2026-04-19,13.0,Naive_Stratified,18.296072463768116,237.85
CP06,Granby,PA,2026-03-29,1.0,Naive_Stratified,287.99,287.99
CP06,Granby,PA,2026-04-05,1.0,Naive_Stratified,362.2516428571429,362.25
CP06,Granby,PA,2026-04-12,1.0,Naive_Stratified,362.2516428571429,362.25
CP06,Granby,PA,2026-04-19,1.0,Naive_Stratified,362.2516428571429,362.25
CP06,Granby,SP,2026-03-29,0.75,Naive_Stratified,9428.7475,7071.56
CP06,Granby,SP,2026-04-05,0.75,Naive_Stratified,9339.928,7004.95
CP06,Granby,SP,2026-04-12,0.75,Naive_Stratified,9339.928,7004.95
CP06,Granby,SP,2026-04-19,0.75,Naive_Stratified,9339.928,7004.95
CP06,Granby,TO,2026-03-29,1.75,Naive_Stratified,1289.9185,2257.36
CP06,Granby,TO,2026-04-05,1.75,Naive_Stratified,779.1102006688963,1363.44
CP06,Granby,TO,2026-04-12,1.75,Naive_Stratified,779.1102006688963,1363.44
CP06,Granby,TO,2026-04-19,1.75,Naive_Stratified,779.1102006688963,1363.44
CP07,Laval,BQ,2026-03-29,2.25,Naive_Stratified,260.92,587.07
CP07,Laval,BQ,2026-04-05,2.25,Naive_Stratified,206.8968918918919,465.52
CP07,Laval,BQ,2026-04-12,2.25,Naive_Stratified,206.8968918918919,465.52
CP07,Laval,BQ,2026-04-19,2.25,Naive_Stratified,206.8968918918919,465.52
CP07,Laval,CH,2026-03-29,1.25,Naive_Stratified,1784.9727777777778,2231.22
CP07,Laval,CH,2026-04-05,1.25,Naive_Stratified,1972.1875,2465.23
CP07,Laval,CH,2026-04-12,1.25,Naive_Stratified,1972.1875,2465.23
CP07,Laval,CH,2026-04-19,1.25,Naive_Stratified,1972.1875,2465.23
CP07,Laval,FI,2026-03-29,5.5,Naive_Stratified,574.2629166666666,3158.45
CP07,Laval,FI,2026-04-05,5.5,Naive_Stratified,340.28414772727274,1871.56
CP07,Laval,FI,2026-04-12,5.5,Naive_Stratified,340.28414772727274,1871.56
CP07,Laval,FI,2026-04-19,5.5,Naive_Stratified,340.28414772727274,1871.56
CP07,Laval,GA,2026-03-29,1.75,Naive_Stratified,961.904498069498,1683.33
CP07,Laval,GA,2026-04-05,1.75,Naive_Stratified,1209.5153571428568,2116.65
CP07,Laval,GA,2026-04-12,1.75,Naive_Stratified,1209.5153571428568,2116.65
CP07,Laval,GA,2026-04-19,1.75,Naive_Stratified,1209.5153571428568,2116.65
CP07,Laval,HT,2026-03-29,3.75,Naive_Stratified,2743.973875,10289.9
CP07,Laval,HT,2026-04-05,3.75,Naive_Stratified,2895.652266666667,10858.7
CP07,Laval,HT,2026-04-12,3.75,Naive_Stratified,2895.652266666667,10858.7
CP07,Laval,HT,2026-04-19,3.75,Naive_Stratified,2895.652266666667,10858.7
CP07,Laval,PA,2026-03-29,21.25,Naive_Stratified,271.73055555555555,5774.27
CP07,Laval,PA,2026-04-05,21.25,Naive_Stratified,244.42622605363985,5194.06
CP07,Laval,PA,2026-04-12,21.25,Naive_Stratified,244.42622605363985,5194.06
CP07,Laval,PA,2026-04-19,21.25,Naive_Stratified,244.42622605363985,5194.06
CP07,Laval,SP,2026-03-29,1.0,Naive_Stratified,9659.436666666666,9659.44
CP07,Laval,SP,2026-04-05,1.0,Naive_Stratified,8547.18,8547.18
CP07,Laval,SP,2026-04-12,1.0,Naive_Stratified,8547.18,8547.18
CP07,Laval,SP,2026-04-19,1.0,Naive_Stratified,8547.18,8547.18
CP07,Laval,TO,2026-03-29,1.5,Naive_Stratified,790.6385833333334,1185.96
CP07,Laval,TO,2026-04-05,1.5,Naive_Stratified,964.143586800574,1446.22
CP07,Laval,TO,2026-04-12,1.5,Naive_Stratified,964.143586800574,1446.22
CP07,Laval,TO,2026-04-19,1.5,Naive_Stratified,964.143586800574,1446.22
CP07,Liquidation,BQ,2026-03-29,1.5,Naive_Stratified,260.92,391.38
CP07,Liquidation,BQ,2026-04-05,1.5,Naive_Stratified,206.8968918918919,310.35
CP07,Liquidation,BQ,2026-04-12,1.5,Naive_Stratified,206.8968918918919,310.35
CP07,Liquidation,BQ,2026-04-19,1.5,Naive_Stratified,206.8968918918919,310.35
CP07,Liquidation,CH,2026-03-29,0.75,Naive_Stratified,1784.9727777777778,1338.73
CP07,Liquidation,CH,2026-04-05,0.75,Naive_Stratified,1972.1875,1479.14
CP07,Liquidation,CH,2026-04-12,0.75,Naive_Stratified,1972.1875,1479.14
CP07,Liquidation,CH,2026-04-19,0.75,Naive_Stratified,1972.1875,1479.14
CP07,Liquidation,FI,2026-03-29,1.0,Naive_Stratified,574.2629166666666,574.26
CP07,Liquidation,FI,2026-04-05,1.0,Naive_Stratified,340.28414772727274,340.28
CP07,Liquidation,FI,2026-04-12,1.0,Naive_Stratified,340.28414772727274,340.28
CP07,Liquidation,FI,2026-04-19,1.0,Naive_Stratified,340.28414772727274,340.28
CP07,Liquidation,GA,2026-03-29,2.25,Naive_Stratified,961.904498069498,2164.29
CP07,Liquidation,GA,2026-04-05,2.25,Naive_Stratified,1209.5153571428568,2721.41
CP07,Liquidation,GA,2026-04-12,2.25,Naive_Stratified,1209.5153571428568,2721.41
CP07,Liquidation,GA,2026-04-19,2.25,Naive_Stratified,1209.5153571428568,2721.41
CP07,Liquidation,PA,2026-03-29,1.75,Naive_Stratified,271.73055555555555,475.53
CP07,Liquidation,PA,2026-04-05,1.75,Naive_Stratified,244.42622605363985,427.75
CP07,Liquidation,PA,2026-04-12,1.75,Naive_Stratified,244.42622605363985,427.75
CP07,Liquidation,PA,2026-04-19,1.75,Naive_Stratified,244.42622605363985,427.75
CP07,Liquidation,SP,2026-03-29,1.25,Naive_Stratified,9659.436666666666,12074.3
CP07,Liquidation,SP,2026-04-05,1.25,Naive_Stratified,8547.18,10683.98
CP07,Liquidation,SP,2026-04-12,1.25,Naive_Stratified,8547.18,10683.98
CP07,Liquidation,SP,2026-04-19,1.25,Naive_Stratified,8547.18,10683.98
CP08,Longueuil,BQ,2026-03-29,3.25,Naive_Stratified,379.394,1233.03
CP08,Longueuil,BQ,2026-04-05,3.25,Naive_Stratified,359.20111363636363,1167.4
CP08,Longueuil,BQ,2026-04-12,3.25,Naive_Stratified,359.20111363636363,1167.4
CP08,Longueuil,BQ,2026-04-19,3.25,Naive_Stratified,359.20111363636363,1167.4
CP08,Longueuil,CH,2026-03-29,1.5,Naive_Stratified,1787.325,2680.99
CP08,Longueuil,CH,2026-04-05,1.5,Naive_Stratified,1859.8415,2789.76
CP08,Longueuil,CH,2026-04-12,1.5,Naive_Stratified,1859.8415,2789.76
CP08,Longueuil,CH,2026-04-19,1.5,Naive_Stratified,1859.8415,2789.76
CP08,Longueuil,FI,2026-03-29,3.5,Naive_Stratified,187.495,656.23
CP08,Longueuil,FI,2026-04-05,3.5,Naive_Stratified,235.36866666666666,823.79
CP08,Longueuil,FI,2026-04-12,3.5,Naive_Stratified,235.36866666666666,823.79
CP08,Longueuil,FI,2026-04-19,3.5,Naive_Stratified,235.36866666666666,823.79
CP08,Longueuil,GA,2026-03-29,1.5,Naive_Stratified,1886.865625,2830.3
CP08,Longueuil,GA,2026-04-05,1.5,Naive_Stratified,1391.2871666666665,2086.93
CP08,Longueuil,GA,2026-04-12,1.5,Naive_Stratified,1391.2871666666665,2086.93
CP08,Longueuil,GA,2026-04-19,1.5,Naive_Stratified,1391.2871666666665,2086.93
CP08,Longueuil,HT,2026-03-29,1.0,Naive_Stratified,1618.8255681818182,1618.83
CP08,Longueuil,HT,2026-04-05,1.0,Naive_Stratified,1956.468611111111,1956.47
CP08,Longueuil,HT,2026-04-12,1.0,Naive_Stratified,1956.468611111111,1956.47
CP08,Longueuil,HT,2026-04-19,1.0,Naive_Stratified,1956.468611111111,1956.47
CP08,Longueuil,LO,2026-03-29,11.0,Naive_Stratified,7.14960960960961,78.65
CP08,Longueuil,LO,2026-04-05,11.0,Naive_Stratified,11.531379310344828,126.85
CP08,Longueuil,LO,2026-04-12,11.0,Naive_Stratified,11.531379310344828,126.85
CP08,Longueuil,LO,2026-04-19,11.0,Naive_Stratified,11.531379310344828,126.85
CP08,Longueuil,PA,2026-03-29,2.0,Naive_Stratified,257.49,514.98
CP08,Longueuil,PA,2026-04-05,2.0,Naive_Stratified,404.0014285714286,808.0
CP08,Longueuil,PA,2026-04-12,2.0,Naive_Stratified,404.0014285714286,808.0
CP08,Longueuil,PA,2026-04-19,2.0,Naive_Stratified,404.0014285714286,808.0
CP08,Longueuil,SP,2026-03-29,1.0,Naive_Stratified,9499.247500000001,9499.25
CP08,Longueuil,SP,2026-04-05,1.0,Naive_Stratified,10249.0,10249.0
CP08,Longueuil,SP,2026-04-12,1.0,Naive_Stratified,10249.0,10249.0
CP08,Longueuil,SP,2026-04-19,1.0,Naive_Stratified,10249.0,10249.0
CP08,Longueuil,TO,2026-03-29,1.0,Naive_Stratified,355.6954761904762,355.7
CP08,Longueuil,TO,2026-04-05,1.0,Naive_Stratified,674.2391883116883,674.24
CP08,Longueuil,TO,2026-04-12,1.0,Naive_Stratified,674.2391883116883,674.24
CP08,Longueuil,TO,2026-04-19,1.0,Naive_Stratified,674.2391883116883,674.24
CP10,Saint-Jérôme,BQ,2026-03-29,2.0,Naive_Stratified,315.4105681818182,630.82
CP10,Saint-Jérôme,BQ,2026-04-05,2.0,Naive_Stratified,335.2363626373626,670.47
CP10,Saint-Jérôme,BQ,2026-04-12,2.0,Naive_Stratified,335.2363626373626,670.47
CP10,Saint-Jérôme,BQ,2026-04-19,2.0,Naive_Stratified,335.2363626373626,670.47
CP10,Saint-Jérôme,CH,2026-03-29,1.5,Naive_Stratified,1612.12,2418.18
CP10,Saint-Jérôme,CH,2026-04-05,1.5,Naive_Stratified,1873.5949494949493,2810.39
CP10,Saint-Jérôme,CH,2026-04-12,1.5,Naive_Stratified,1873.5949494949493,2810.39
CP10,Saint-Jérôme,CH,2026-04-19,1.5,Naive_Stratified,1873.5949494949493,2810.39
CP10,Saint-Jérôme,FI,2026-03-29,2.5,Naive_Stratified,268.48,671.2
CP10,Saint-Jérôme,FI,2026-04-05,2.5,Naive_Stratified,117.37916666666666,293.45
CP10,Saint-Jérôme,FI,2026-04-12,2.5,Naive_Stratified,117.37916666666666,293.45
CP10,Saint-Jérôme,FI,2026-04-19,2.5,Naive_Stratified,117.37916666666666,293.45
CP10,Saint-Jérôme,GA,2026-03-29,0.75,Naive_Stratified,1922.2206060606059,1441.67
CP10,Saint-Jérôme,GA,2026-04-05,0.75,Naive_Stratified,2110.2172727272728,1582.66
CP10,Saint-Jérôme,GA,2026-04-12,0.75,Naive_Stratified,2110.2172727272728,1582.66
CP10,Saint-Jérôme,GA,2026-04-19,0.75,Naive_Stratified,2110.2172727272728,1582.66
CP10,Saint-Jérôme,HT,2026-03-29,0.75,Naive_Stratified,4213.073409090909,3159.81
CP10,Saint-Jérôme,HT,2026-04-05,0.75,Naive_Stratified,3796.631666666667,2847.47
CP10,Saint-Jérôme,HT,2026-04-12,0.75,Naive_Stratified,3796.631666666667,2847.47
CP10,Saint-Jérôme,HT,2026-04-19,0.75,Naive_Stratified,3796.631666666667,2847.47
CP10,Saint-Jérôme,PA,2026-03-29,1.0,Naive_Stratified,272.89933333333335,272.9
CP10,Saint-Jérôme,PA,2026-04-05,1.0,Naive_Stratified,234.70479166666667,234.7
CP10,Saint-Jérôme,PA,2026-04-12,1.0,Naive_Stratified,234.70479166666667,234.7
CP10,Saint-Jérôme,PA,2026-04-19,1.0,Naive_Stratified,234.70479166666667,234.7
CP10,Saint-Jérôme,SP,2026-03-29,17.0,Naive_Stratified,1161.7470659722221,19749.7
CP10,Saint-Jérôme,SP,2026-04-05,17.0,Naive_Stratified,899.5143925233644,15291.74
CP10,Saint-Jérôme,SP,2026-04-12,17.0,Naive_Stratified,899.5143925233644,15291.74
CP10,Saint-Jérôme,SP,2026-04-19,17.0,Naive_Stratified,899.5143925233644,15291.74
CP10,Saint-Jérôme,TO,2026-03-29,0.25,Naive_Stratified,102.18695238095239,25.55
CP10,Saint-Jérôme,TO,2026-04-05,0.25,Naive_Stratified,153.44375000000002,38.36
CP10,Saint-Jérôme,TO,2026-04-12,0.25,Naive_Stratified,153.44375000000002,38.36
CP10,Saint-Jérôme,TO,2026-04-19,0.25,Naive_Stratified,153.44375000000002,38.36
CP12,St-Georges-de-Beauce,BQ,2026-03-29,1.0,Naive_Stratified,24.99,24.99
CP12,St-Georges-de-Beauce,BQ,2026-04-05,1.0,Naive_Stratified,308.1325543478261,308.13
CP12,St-Georges-de-Beauce,BQ,2026-04-12,1.0,Naive_Stratified,308.1325543478261,308.13
CP12,St-Georges-de-Beauce,BQ,2026-04-19,1.0,Naive_Stratified,308.1325543478261,308.13
CP12,St-Georges-de-Beauce,CH,2026-03-29,1.25,Naive_Stratified,1785.0060606060606,2231.26
CP12,St-Georges-de-Beauce,CH,2026-04-05,1.25,Naive_Stratified,3249.0,4061.25
CP12,St-Georges-de-Beauce,CH,2026-04-12,1.25,Naive_Stratified,3249.0,4061.25
CP12,St-Georges-de-Beauce,CH,2026-04-19,1.25,Naive_Stratified,3249.0,4061.25
CP12,St-Georges-de-Beauce,FI,2026-03-29,3.25,Naive_Stratified,395.82388888888886,1286.43
CP12,St-Georges-de-Beauce,FI,2026-04-05,3.25,Naive_Stratified,320.99666666666667,1043.24
CP12,St-Georges-de-Beauce,FI,2026-04-12,3.25,Naive_Stratified,320.99666666666667,1043.24
CP12,St-Georges-de-Beauce,FI,2026-04-19,3.25,Naive_Stratified,320.99666666666667,1043.24
CP12,St-Georges-de-Beauce,GA,2026-03-29,1.0,Naive_Stratified,369.99,369.99
CP12,St-Georges-de-Beauce,GA,2026-04-05,1.0,Naive_Stratified,736.4153571428571,736.42
CP12,St-Georges-de-Beauce,GA,2026-04-12,1.0,Naive_Stratified,736.4153571428571,736.42
CP12,St-Georges-de-Beauce,GA,2026-04-19,1.0,Naive_Stratified,736.4153571428571,736.42
CP12,St-Georges-de-Beauce,HT,2026-03-29,1.25,Naive_Stratified,0.0,0.0
CP12,St-Georges-de-Beauce,HT,2026-04-05,1.25,Naive_Stratified,0.0,0.0
CP12,St-Georges-de-Beauce,HT,2026-04-12,1.25,Naive_Stratified,0.0,0.0
CP12,St-Georges-de-Beauce,HT,2026-04-19,1.25,Naive_Stratified,0.0,0.0
CP12,St-Georges-de-Beauce,LO,2026-03-29,2.5,Naive_Stratified,9.99,24.98
CP12,St-Georges-de-Beauce,LO,2026-04-05,2.5,Naive_Stratified,12.904285714285715,32.26
CP12,St-Georges-de-Beauce,LO,2026-04-12,2.5,Naive_Stratified,12.904285714285715,32.26
CP12,St-Georges-de-Beauce,LO,2026-04-19,2.5,Naive_Stratified,12.904285714285715,32.26
CP12,St-Georges-de-Beauce,ME,2026-03-29,21.0,Naive_Stratified,208.135,4370.84
CP12,St-Georges-de-Beauce,ME,2026-04-05,21.0,Naive_Stratified,438.25624338624334,9203.38
CP12,St-Georges-de-Beauce,ME,2026-04-12,21.0,Naive_Stratified,438.25624338624334,9203.38
CP12,St-Georges-de-Beauce,ME,2026-04-19,21.0,Naive_Stratified,438.25624338624334,9203.38
CP12,St-Georges-de-Beauce,PA,2026-03-29,0.25,Naive_Stratified,16.49,4.12
CP12,St-Georges-de-Beauce,PA,2026-04-05,0.25,Naive_Stratified,44.656666666666666,11.16
CP12,St-Georges-de-Beauce,PA,2026-04-12,0.25,Naive_Stratified,44.656666666666666,11.16
CP12,St-Georges-de-Beauce,PA,2026-04-19,0.25,Naive_Stratified,44.656666666666666,11.16
CP12,St-Georges-de-Beauce,SP,2026-03-29,1.0,Naive_Stratified,7919.135,7919.14
CP12,St-Georges-de-Beauce,SP,2026-04-05,1.0,Naive_Stratified,7582.910833333333,7582.91
CP12,St-Georges-de-Beauce,SP,2026-04-12,1.0,Naive_Stratified,7582.910833333333,7582.91
CP12,St-Georges-de-Beauce,SP,2026-04-19,1.0,Naive_Stratified,7582.910833333333,7582.91
CP12,St-Georges-de-Beauce,TO,2026-03-29,1.0,Naive_Stratified,0.0,0.0
CP12,St-Georges-de-Beauce,TO,2026-04-05,1.0,Naive_Stratified,374.995,375.0
CP12,St-Georges-de-Beauce,TO,2026-04-12,1.0,Naive_Stratified,374.995,375.0
CP12,St-Georges-de-Beauce,TO,2026-04-19,1.0,Naive_Stratified,374.995,375.0
CP13,Victoriaville,BQ,2026-03-29,1.5,Naive_Stratified,27.74,41.61
CP13,Victoriaville,BQ,2026-04-05,1.5,Naive_Stratified,453.7937280701754,680.69
CP13,Victoriaville,BQ,2026-04-12,1.5,Naive_Stratified,453.7937280701754,680.69
CP13,Victoriaville,BQ,2026-04-19,1.5,Naive_Stratified,453.7937280701754,680.69
CP13,Victoriaville,CH,2026-03-29,1.5,Naive_Stratified,1829.596,2744.39
CP13,Victoriaville,CH,2026-04-05,1.5,Naive_Stratified,1526.8079326923075,2290.21
CP13,Victoriaville,CH,2026-04-12,1.5,Naive_Stratified,1526.8079326923075,2290.21
CP13,Victoriaville,CH,2026-04-19,1.5,Naive_Stratified,1526.8079326923075,2290.21
CP13,Victoriaville,FI,2026-03-29,3.5,Naive_Stratified,504.04857142857145,1764.17
CP13,Victoriaville,FI,2026-04-05,3.5,Naive_Stratified,403.832,1413.41
CP13,Victoriaville,FI,2026-04-12,3.5,Naive_Stratified,403.832,1413.41
CP13,Victoriaville,FI,2026-04-19,3.5,Naive_Stratified,403.832,1413.41
CP13,Victoriaville,GA,2026-03-29,1.75,Naive_Stratified,1135.7042857142858,1987.48
CP13,Victoriaville,GA,2026-04-05,1.75,Naive_Stratified,1262.948619047619,2210.16
CP13,Victoriaville,GA,2026-04-12,1.75,Naive_Stratified,1262.948619047619,2210.16
CP13,Victoriaville,GA,2026-04-19,1.75,Naive_Stratified,1262.948619047619,2210.16
CP13,Victoriaville,HT,2026-03-29,1.5,Naive_Stratified,2483.542,3725.31
CP13,Victoriaville,HT,2026-04-05,1.5,Naive_Stratified,2489.2277243589742,3733.84
CP13,Victoriaville,HT,2026-04-12,1.5,Naive_Stratified,2489.2277243589742,3733.84
CP13,Victoriaville,HT,2026-04-19,1.5,Naive_Stratified,2489.2277243589742,3733.84
CP13,Victoriaville,LO,2026-03-29,5.5,Naive_Stratified,8.731397058823529,48.02
CP13,Victoriaville,LO,2026-04-05,5.5,Naive_Stratified,12.593658536585366,69.27
CP13,Victoriaville,LO,2026-04-12,5.5,Naive_Stratified,12.593658536585366,69.27
CP13,Victoriaville,LO,2026-04-19,5.5,Naive_Stratified,12.593658536585366,69.27
CP13,Victoriaville,ME,2026-03-29,5.75,Naive_Stratified,255.4894117647059,1469.06
CP13,Victoriaville,ME,2026-04-05,5.75,Naive_Stratified,316.75913466097677,1821.37
CP13,Victoriaville,ME,2026-04-12,5.75,Naive_Stratified,316.75913466097677,1821.37
CP13,Victoriaville,ME,2026-04-19,5.75,Naive_Stratified,316.75913466097677,1821.37
CP13,Victoriaville,PA,2026-03-29,1.75,Naive_Stratified,539.49,944.11
CP13,Victoriaville,PA,2026-04-05,1.75,Naive_Stratified,76.046,133.08
CP13,Victoriaville,PA,2026-04-12,1.75,Naive_Stratified,76.046,133.08
CP13,Victoriaville,PA,2026-04-19,1.75,Naive_Stratified,76.046,133.08
CP13,Victoriaville,SP,2026-03-29,1.0,Naive_Stratified,9249.0,9249.0
CP13,Victoriaville,SP,2026-04-05,1.0,Naive_Stratified,11374.5,11374.5
CP13,Victoriaville,SP,2026-04-12,1.0,Naive_Stratified,11374.5,11374.5
CP13,Victoriaville,SP,2026-04-19,1.0,Naive_Stratified,11374.5,11374.5
CP13,Victoriaville,TO,2026-03-29,0.75,Naive_Stratified,234.61076923076922,175.96
CP13,Victoriaville,TO,2026-04-05,0.75,Naive_Stratified,139.58083333333335,104.69
CP13,Victoriaville,TO,2026-04-12,0.75,Naive_Stratified,139.58083333333335,104.69
CP13,Victoriaville,TO,2026-04-19,0.75,Naive_Stratified,139.58083333333335,104.69
CP15,Repentigny,BQ,2026-03-29,0.75,Naive_Stratified,309.0241666666667,231.77
CP15,Repentigny,BQ,2026-04-05,0.75,Naive_Stratified,263.74875,197.81
CP15,Repentigny,BQ,2026-04-12,0.75,Naive_Stratified,263.74875,197.81
CP15,Repentigny,BQ,2026-04-19,0.75,Naive_Stratified,263.74875,197.81
CP15,Repentigny,CH,2026-03-29,2.0,Naive_Stratified,1849.99,3699.98
CP15,Repentigny,CH,2026-04-05,2.0,Naive_Stratified,2021.7631818181821,4043.53
CP15,Repentigny,CH,2026-04-12,2.0,Naive_Stratified,2021.7631818181821,4043.53
CP15,Repentigny,CH,2026-04-19,2.0,Naive_Stratified,2021.7631818181821,4043.53
CP15,Repentigny,FI,2026-03-29,4.25,Naive_Stratified,464.5225,1974.22
CP15,Repentigny,FI,2026-04-05,4.25,Naive_Stratified,148.76645833333333,632.26
CP15,Repentigny,FI,2026-04-12,4.25,Naive_Stratified,148.76645833333333,632.26
CP15,Repentigny,FI,2026-04-19,4.25,Naive_Stratified,148.76645833333333,632.26
CP15,Repentigny,GA,2026-03-29,5.25,Naive_Stratified,1222.1328571428571,6416.2
CP15,Repentigny,GA,2026-04-05,5.25,Naive_Stratified,1313.9289583333334,6898.13
CP15,Repentigny,GA,2026-04-12,5.25,Naive_Stratified,1313.9289583333334,6898.13
CP15,Repentigny,GA,2026-04-19,5.25,Naive_Stratified,1313.9289583333334,6898.13
CP15,Repentigny,HT,2026-03-29,1.75,Naive_Stratified,1658.469,2902.32
CP15,Repentigny,HT,2026-04-05,1.75,Naive_Stratified,1865.8999130434781,3265.32
CP15,Repentigny,HT,2026-04-12,1.75,Naive_Stratified,1865.8999130434781,3265.32
CP15,Repentigny,HT,2026-04-19,1.75,Naive_Stratified,1865.8999130434781,3265.32
CP15,Repentigny,LO,2026-03-29,9.75,Naive_Stratified,7.717272727272728,75.24
CP15,Repentigny,LO,2026-04-05,9.75,Naive_Stratified,9.316210826210828,90.83
CP15,Repentigny,LO,2026-04-12,9.75,Naive_Stratified,9.316210826210828,90.83
CP15,Repentigny,LO,2026-04-19,9.75,Naive_Stratified,9.316210826210828,90.83
CP15,Repentigny,PA,2026-03-29,1.0,Naive_Stratified,54.99,54.99
CP15,Repentigny,PA,2026-04-05,1.0,Naive_Stratified,103.36954545454546,103.37
CP15,Repentigny,PA,2026-04-12,1.0,Naive_Stratified,103.36954545454546,103.37
CP15,Repentigny,PA,2026-04-19,1.0,Naive_Stratified,103.36954545454546,103.37
CP15,Repentigny,SP,2026-03-29,2.25,Naive_Stratified,9787.466666666667,22021.8
CP15,Repentigny,SP,2026-04-05,2.25,Naive_Stratified,11499.0,25872.75
CP15,Repentigny,SP,2026-04-12,2.25,Naive_Stratified,11499.0,25872.75
CP15,Repentigny,SP,2026-04-19,2.25,Naive_Stratified,11499.0,25872.75
CP15,Repentigny,TO,2026-03-29,0.25,Naive_Stratified,717.703125,179.43
CP15,Repentigny,TO,2026-04-05,0.25,Naive_Stratified,610.0232589285714,152.51
CP15,Repentigny,TO,2026-04-12,0.25,Naive_Stratified,610.0232589285714,152.51
CP15,Repentigny,TO,2026-04-19,0.25,Naive_Stratified,610.0232589285714,152.51
CP16,Chicoutimi,BQ,2026-03-29,6.75,Naive_Stratified,249.54777777777775,1684.45
CP16,Chicoutimi,BQ,2026-04-05,6.75,Naive_Stratified,321.14134487734486,2167.7
CP16,Chicoutimi,BQ,2026-04-12,6.75,Naive_Stratified,321.14134487734486,2167.7
CP16,Chicoutimi,BQ,2026-04-19,6.75,Naive_Stratified,321.14134487734486,2167.7
CP16,Chicoutimi,CH,2026-03-29,2.25,Naive_Stratified,1649.8415,3712.14
CP16,Chicoutimi,CH,2026-04-05,2.25,Naive_Stratified,1848.6404017857142,4159.44
CP16,Chicoutimi,CH,2026-04-12,2.25,Naive_Stratified,1848.6404017857142,4159.44
CP16,Chicoutimi,CH,2026-04-19,2.25,Naive_Stratified,1848.6404017857142,4159.44
CP16,Chicoutimi,FI,2026-03-29,3.5,Naive_Stratified,67.64200000000001,236.75
CP16,Chicoutimi,FI,2026-04-05,3.5,Naive_Stratified,26.656666666666666,93.3
CP16,Chicoutimi,FI,2026-04-12,3.5,Naive_Stratified,26.656666666666666,93.3
CP16,Chicoutimi,FI,2026-04-19,3.5,Naive_Stratified,26.656666666666666,93.3
CP16,Chicoutimi,GA,2026-03-29,1.0,Naive_Stratified,2502.6577777777775,2502.66
CP16,Chicoutimi,GA,2026-04-05,1.0,Naive_Stratified,2280.180201612903,2280.18
CP16,Chicoutimi,GA,2026-04-12,1.0,Naive_Stratified,2280.180201612903,2280.18
CP16,Chicoutimi,GA,2026-04-19,1.0,Naive_Stratified,2280.180201612903,2280.18
CP16,Chicoutimi,HT,2026-03-29,1.25,Naive_Stratified,3061.5,3826.88
CP16,Chicoutimi,HT,2026-04-05,1.25,Naive_Stratified,2001.5530555555556,2501.94
CP16,Chicoutimi,HT,2026-04-12,1.25,Naive_Stratified,2001.5530555555556,2501.94
CP16,Chicoutimi,HT,2026-04-19,1.25,Naive_Stratified,2001.5530555555556,2501.94
CP16,Chicoutimi,PA,2026-03-29,3.25,Naive_Stratified,319.714,1039.07
CP16,Chicoutimi,PA,2026-04-05,3.25,Naive_Stratified,44.99,146.22
CP16,Chicoutimi,PA,2026-04-12,3.25,Naive_Stratified,44.99,146.22
CP16,Chicoutimi,PA,2026-04-19,3.25,Naive_Stratified,44.99,146.22
CP16,Chicoutimi,SP,2026-03-29,1.0,Naive_Stratified,10749.0,10749.0
CP16,Chicoutimi,SP,2026-04-05,1.0,Naive_Stratified,10481.630089285714,10481.63
CP16,Chicoutimi,SP,2026-04-12,1.0,Naive_Stratified,10481.630089285714,10481.63
CP16,Chicoutimi,SP,2026-04-19,1.0,Naive_Stratified,10481.630089285714,10481.63
CP16,Chicoutimi,TO,2026-03-29,1.75,Naive_Stratified,137.49625,240.62
CP16,Chicoutimi,TO,2026-04-05,1.75,Naive_Stratified,203.728,356.52
CP16,Chicoutimi,TO,2026-04-12,1.75,Naive_Stratified,203.728,356.52
CP16,Chicoutimi,TO,2026-04-19,1.75,Naive_Stratified,203.728,356.52
CP17,Trois-Rivières,BQ,2026-03-29,2.5,Naive_Stratified,248.7425,621.86
CP17,Trois-Rivières,BQ,2026-04-05,2.5,Naive_Stratified,200.71875,501.8
CP17,Trois-Rivières,BQ,2026-04-12,2.5,Naive_Stratified,200.71875,501.8
CP17,Trois-Rivières,BQ,2026-04-19,2.5,Naive_Stratified,200.71875,501.8
CP17,Trois-Rivières,CH,2026-03-29,0.75,Naive_Stratified,899.995,675.0
CP17,Trois-Rivières,CH,2026-04-05,0.75,Naive_Stratified,1006.3013694638694,754.73
CP17,Trois-Rivières,CH,2026-04-12,0.75,Naive_Stratified,1006.3013694638694,754.73
CP17,Trois-Rivières,CH,2026-04-19,0.75,Naive_Stratified,1006.3013694638694,754.73
CP17,Trois-Rivières,FI,2026-03-29,3.5,Naive_Stratified,256.2302525252526,896.81
CP17,Trois-Rivières,FI,2026-04-05,3.5,Naive_Stratified,182.85125,639.98
CP17,Trois-Rivières,FI,2026-04-12,3.5,Naive_Stratified,182.85125,639.98
CP17,Trois-Rivières,FI,2026-04-19,3.5,Naive_Stratified,182.85125,639.98
CP17,Trois-Rivières,GA,2026-03-29,3.0,Naive_Stratified,1261.1153125,3783.35
CP17,Trois-Rivières,GA,2026-04-05,3.0,Naive_Stratified,1271.28107879159,3813.84
CP17,Trois-Rivières,GA,2026-04-12,3.0,Naive_Stratified,1271.28107879159,3813.84
CP17,Trois-Rivières,GA,2026-04-19,3.0,Naive_Stratified,1271.28107879159,3813.84
CP17,Trois-Rivières,HT,2026-03-29,3.25,Naive_Stratified,2048.2215340909092,6656.72
CP17,Trois-Rivières,HT,2026-04-05,3.25,Naive_Stratified,1693.2903861788618,5503.19
CP17,Trois-Rivières,HT,2026-04-12,3.25,Naive_Stratified,1693.2903861788618,5503.19
CP17,Trois-Rivières,HT,2026-04-19,3.25,Naive_Stratified,1693.2903861788618,5503.19
CP17,Trois-Rivières,LO,2026-03-29,4.75,Naive_Stratified,8.519110576923076,40.47
CP17,Trois-Rivières,LO,2026-04-05,4.75,Naive_Stratified,8.189785879629628,38.9
CP17,Trois-Rivières,LO,2026-04-12,4.75,Naive_Stratified,8.189785879629628,38.9
CP17,Trois-Rivières,LO,2026-04-19,4.75,Naive_Stratified,8.189785879629628,38.9
CP17,Trois-Rivières,ME,2026-03-29,8.0,Naive_Stratified,355.08852941176474,2840.71
CP17,Trois-Rivières,ME,2026-04-05,8.0,Naive_Stratified,266.88381484794274,2135.07
CP17,Trois-Rivières,ME,2026-04-12,8.0,Naive_Stratified,266.88381484794274,2135.07
CP17,Trois-Rivières,ME,2026-04-19,8.0,Naive_Stratified,266.88381484794274,2135.07
CP17,Trois-Rivières,PA,2026-03-29,0.75,Naive_Stratified,68.80250000000001,51.6
CP17,Trois-Rivières,PA,2026-04-05,0.75,Naive_Stratified,169.15208333333334,126.86
CP17,Trois-Rivières,PA,2026-04-12,0.75,Naive_Stratified,169.15208333333334,126.86
CP17,Trois-Rivières,PA,2026-04-19,0.75,Naive_Stratified,169.15208333333334,126.86
CP17,Trois-Rivières,SP,2026-03-29,1.0,Naive_Stratified,7819.0,7819.0
CP17,Trois-Rivières,SP,2026-04-05,1.0,Naive_Stratified,7848.440833333333,7848.44
CP17,Trois-Rivières,SP,2026-04-12,1.0,Naive_Stratified,7848.440833333333,7848.44
CP17,Trois-Rivières,SP,2026-04-19,1.0,Naive_Stratified,7848.440833333333,7848.44
CP17,Trois-Rivières,TO,2026-03-29,1.0,Naive_Stratified,391.64029411764704,391.64
CP17,Trois-Rivières,TO,2026-04-05,1.0,Naive_Stratified,440.82721726190476,440.83
CP17,Trois-Rivières,TO,2026-04-12,1.0,Naive_Stratified,440.82721726190476,440.83
CP17,Trois-Rivières,TO,2026-04-19,1.0,Naive_Stratified,440.82721726190476,440.83
CP202,Nepean,BQ,2026-03-29,1.0,Naive_Stratified,299.99,299.99
CP202,Nepean,BQ,2026-04-05,1.0,Naive_Stratified,278.27714285714285,278.28
CP202,Nepean,BQ,2026-04-12,1.0,Naive_Stratified,278.27714285714285,278.28
CP202,Nepean,BQ,2026-04-19,1.0,Naive_Stratified,278.27714285714285,278.28
CP202,Nepean,CH,2026-03-29,1.25,Naive_Stratified,2799.99,3499.99
CP202,Nepean,CH,2026-04-05,1.25,Naive_Stratified,2797.49,3496.86
CP202,Nepean,CH,2026-04-12,1.25,Naive_Stratified,2797.49,3496.86
CP202,Nepean,CH,2026-04-19,1.25,Naive_Stratified,2797.49,3496.86
CP202,Nepean,FI,2026-03-29,1.75,Naive_Stratified,74.20750000000001,129.86
CP202,Nepean,FI,2026-04-05,1.75,Naive_Stratified,1249.99,2187.48
CP202,Nepean,FI,2026-04-12,1.75,Naive_Stratified,1249.99,2187.48
CP202,Nepean,FI,2026-04-19,1.75,Naive_Stratified,1249.99,2187.48
CP202,Nepean,GA,2026-03-29,1.0,Naive_Stratified,2445.5787037037035,2445.58
CP202,Nepean,GA,2026-04-05,1.0,Naive_Stratified,2879.86625,2879.87
CP202,Nepean,GA,2026-04-12,1.0,Naive_Stratified,2879.86625,2879.87
CP202,Nepean,GA,2026-04-19,1.0,Naive_Stratified,2879.86625,2879.87
CP202,Nepean,LO,2026-03-29,6.5,Naive_Stratified,9.99,64.94
CP202,Nepean,LO,2026-04-05,6.5,Naive_Stratified,15.369761904761905,99.9
CP202,Nepean,LO,2026-04-12,6.5,Naive_Stratified,15.369761904761905,99.9
CP202,Nepean,LO,2026-04-19,6.5,Naive_Stratified,15.369761904761905,99.9
CP202,Nepean,ME,2026-03-29,2.25,Naive_Stratified,327.85371428571426,737.67
CP202,Nepean,ME,2026-04-05,2.25,Naive_Stratified,384.23587163330865,864.53
CP202,Nepean,ME,2026-04-12,2.25,Naive_Stratified,384.23587163330865,864.53
CP202,Nepean,ME,2026-04-19,2.25,Naive_Stratified,384.23587163330865,864.53
CP202,Nepean,PA,2026-03-29,2.5,Naive_Stratified,313.3619047619048,783.4
CP202,Nepean,PA,2026-04-05,2.5,Naive_Stratified,353.54625,883.87
CP202,Nepean,PA,2026-04-12,2.5,Naive_Stratified,353.54625,883.87
CP202,Nepean,PA,2026-04-19,2.5,Naive_Stratified,353.54625,883.87
CP202,Nepean,SP,2026-03-29,2.75,Naive_Stratified,9749.0,26809.75
CP202,Nepean,SP,2026-04-05,2.75,Naive_Stratified,11011.5,30281.62
CP202,Nepean,SP,2026-04-12,2.75,Naive_Stratified,11011.5,30281.62
CP202,Nepean,SP,2026-04-19,2.75,Naive_Stratified,11011.5,30281.62
CP202,Nepean,TO,2026-03-29,2.0,Naive_Stratified,669.99,1339.98
CP202,Nepean,TO,2026-04-05,2.0,Naive_Stratified,529.99,1059.98
CP202,Nepean,TO,2026-04-12,2.0,Naive_Stratified,529.99,1059.98
CP202,Nepean,TO,2026-04-19,2.0,Naive_Stratified,529.99,1059.98
CP28,Pointe-aux-Trembles,BQ,2026-03-29,1.75,Naive_Stratified,17.49,30.61
CP28,Pointe-aux-Trembles,BQ,2026-04-05,1.75,Naive_Stratified,524.99,918.73
CP28,Pointe-aux-Trembles,BQ,2026-04-12,1.75,Naive_Stratified,524.99,918.73
CP28,Pointe-aux-Trembles,BQ,2026-04-19,1.75,Naive_Stratified,524.99,918.73
CP28,Pointe-aux-Trembles,CH,2026-03-29,1.5,Naive_Stratified,1774.99,2662.48
CP28,Pointe-aux-Trembles,CH,2026-04-05,1.5,Naive_Stratified,2019.9900000000002,3029.99
CP28,Pointe-aux-Trembles,CH,2026-04-12,1.5,Naive_Stratified,2019.9900000000002,3029.99
CP28,Pointe-aux-Trembles,CH,2026-04-19,1.5,Naive_Stratified,2019.9900000000002,3029.99
CP28,Pointe-aux-Trembles,FI,2026-03-29,1.5,Naive_Stratified,195.8225,293.73
CP28,Pointe-aux-Trembles,FI,2026-04-05,1.5,Naive_Stratified,749.99,1124.99
CP28,Pointe-aux-Trembles,FI,2026-04-12,1.5,Naive_Stratified,749.99,1124.99
CP28,Pointe-aux-Trembles,FI,2026-04-19,1.5,Naive_Stratified,749.99,1124.99
CP28,Pointe-aux-Trembles,GA,2026-03-29,1.25,Naive_Stratified,1008.3233333333334,1260.4
CP28,Pointe-aux-Trembles,GA,2026-04-05,1.25,Naive_Stratified,1156.24,1445.3
CP28,Pointe-aux-Trembles,GA,2026-04-12,1.25,Naive_Stratified,1156.24,1445.3
CP28,Pointe-aux-Trembles,GA,2026-04-19,1.25,Naive_Stratified,1156.24,1445.3
CP28,Pointe-aux-Trembles,HT,2026-03-29,0.5,Naive_Stratified,1541.8816666666667,770.94
CP28,Pointe-aux-Trembles,HT,2026-04-05,0.5,Naive_Stratified,1840.91475,920.46
CP28,Pointe-aux-Trembles,HT,2026-04-12,0.5,Naive_Stratified,1840.91475,920.46
CP28,Pointe-aux-Trembles,HT,2026-04-19,0.5,Naive_Stratified,1840.91475,920.46
CP28,Pointe-aux-Trembles,LO,2026-03-29,4.0,Naive_Stratified,5.667272727272728,22.67
CP28,Pointe-aux-Trembles,LO,2026-04-05,4.0,Naive_Stratified,9.204139393939393,36.82
CP28,Pointe-aux-Trembles,LO,2026-04-12,4.0,Naive_Stratified,9.204139393939393,36.82
CP28,Pointe-aux-Trembles,LO,2026-04-19,4.0,Naive_Stratified,9.204139393939393,36.82
CP28,Pointe-aux-Trembles,ME,2026-03-29,1.25,Naive_Stratified,131.94180555555553,164.93
CP28,Pointe-aux-Trembles,ME,2026-04-05,1.25,Naive_Stratified,232.43780645161291,290.55
CP28,Pointe-aux-Trembles,ME,2026-04-12,1.25,Naive_Stratified,232.43780645161291,290.55
CP28,Pointe-aux-Trembles,ME,2026-04-19,1.25,Naive_Stratified,232.43780645161291,290.55
CP28,Pointe-aux-Trembles,PA,2026-03-29,2.0,Naive_Stratified,191.77849137931034,383.56
CP28,Pointe-aux-Trembles,PA,2026-04-05,2.0,Naive_Stratified,67.49,134.98
CP28,Pointe-aux-Trembles,PA,2026-04-12,2.0,Naive_Stratified,67.49,134.98
CP28,Pointe-aux-Trembles,PA,2026-04-19,2.0,Naive_Stratified,67.49,134.98
CP28,Pointe-aux-Trembles,SP,2026-03-29,1.0,Naive_Stratified,10250.0,10250.0
CP28,Pointe-aux-Trembles,SP,2026-04-05,1.0,Naive_Stratified,4999.0,4999.0
CP28,Pointe-aux-Trembles,SP,2026-04-12,1.0,Naive_Stratified,4999.0,4999.0
CP28,Pointe-aux-Trembles,SP,2026-04-19,1.0,Naive_Stratified,4999.0,4999.0
CP28,Pointe-aux-Trembles,TO,2026-03-29,112.0,Naive_Stratified,499.25301587301584,55916.34
CP28,Pointe-aux-Trembles,TO,2026-04-05,112.0,Naive_Stratified,296.4374675324675,33201.0
CP28,Pointe-aux-Trembles,TO,2026-04-12,112.0,Naive_Stratified,296.4374675324675,33201.0
CP28,Pointe-aux-Trembles,TO,2026-04-19,112.0,Naive_Stratified,296.4374675324675,33201.0
CP32,St-Hyacinthe,BQ,2026-03-29,1.25,Naive_Stratified,345.13428571428574,431.42
CP32,St-Hyacinthe,BQ,2026-04-05,1.25,Naive_Stratified,216.49852380952382,270.62
CP32,St-Hyacinthe,BQ,2026-04-12,1.25,Naive_Stratified,216.49852380952382,270.62
CP32,St-Hyacinthe,BQ,2026-04-19,1.25,Naive_Stratified,216.49852380952382,270.62
CP32,St-Hyacinthe,CH,2026-03-29,1.75,Naive_Stratified,1999.9899999999998,3499.98
CP32,St-Hyacinthe,CH,2026-04-05,1.75,Naive_Stratified,2004.495,3507.87
CP32,St-Hyacinthe,CH,2026-04-12,1.75,Naive_Stratified,2004.495,3507.87
CP32,St-Hyacinthe,CH,2026-04-19,1.75,Naive_Stratified,2004.495,3507.87
CP32,St-Hyacinthe,FI,2026-03-29,3.25,Naive_Stratified,180.45119047619048,586.47
CP32,St-Hyacinthe,FI,2026-04-05,3.25,Naive_Stratified,109.09166666666668,354.55
CP32,St-Hyacinthe,FI,2026-04-12,3.25,Naive_Stratified,109.09166666666668,354.55
CP32,St-Hyacinthe,FI,2026-04-19,3.25,Naive_Stratified,109.09166666666668,354.55
CP32,St-Hyacinthe,GA,2026-03-29,6.75,Naive_Stratified,1433.0741666666668,9673.25
CP32,St-Hyacinthe,GA,2026-04-05,6.75,Naive_Stratified,1943.42,13118.08
CP32,St-Hyacinthe,GA,2026-04-12,6.75,Naive_Stratified,1943.42,13118.08
CP32,St-Hyacinthe,GA,2026-04-19,6.75,Naive_Stratified,1943.42,13118.08
CP32,St-Hyacinthe,HT,2026-03-29,2.0,Naive_Stratified,2500.75,5001.5
CP32,St-Hyacinthe,HT,2026-04-05,2.0,Naive_Stratified,2573.1697435897436,5146.34
CP32,St-Hyacinthe,HT,2026-04-12,2.0,Naive_Stratified,2573.1697435897436,5146.34
CP32,St-Hyacinthe,HT,2026-04-19,2.0,Naive_Stratified,2573.1697435897436,5146.34
CP32,St-Hyacinthe,LO,2026-03-29,8.0,Naive_Stratified,12.218181818181819,97.75
CP32,St-Hyacinthe,LO,2026-04-05,8.0,Naive_Stratified,14.92125,119.37
CP32,St-Hyacinthe,LO,2026-04-12,8.0,Naive_Stratified,14.92125,119.37
CP32,St-Hyacinthe,LO,2026-04-19,8.0,Naive_Stratified,14.92125,119.37
CP32,St-Hyacinthe,ME,2026-03-29,3.0,Naive_Stratified,259.7893921232877,779.37
CP32,St-Hyacinthe,ME,2026-04-05,3.0,Naive_Stratified,300.63882367149756,901.92
CP32,St-Hyacinthe,ME,2026-04-12,3.0,Naive_Stratified,300.63882367149756,901.92
CP32,St-Hyacinthe,ME,2026-04-19,3.0,Naive_Stratified,300.63882367149756,901.92
CP32,St-Hyacinthe,PA,2026-03-29,1.25,Naive_Stratified,273.25374999999997,341.57
CP32,St-Hyacinthe,PA,2026-04-05,1.25,Naive_Stratified,504.4033333333333,630.5
CP32,St-Hyacinthe,PA,2026-04-12,1.25,Naive_Stratified,504.4033333333333,630.5
CP32,St-Hyacinthe,PA,2026-04-19,1.25,Naive_Stratified,504.4033333333333,630.5
CP32,St-Hyacinthe,SP,2026-03-29,1.25,Naive_Stratified,10249.5,12811.88
CP32,St-Hyacinthe,SP,2026-04-05,1.25,Naive_Stratified,11687.17,14608.96
CP32,St-Hyacinthe,SP,2026-04-12,1.25,Naive_Stratified,11687.17,14608.96
CP32,St-Hyacinthe,SP,2026-04-19,1.25,Naive_Stratified,11687.17,14608.96
CP32,St-Hyacinthe,TO,2026-03-29,1.0,Naive_Stratified,485.4116666666667,485.41
CP32,St-Hyacinthe,TO,2026-04-05,1.0,Naive_Stratified,378.99333333333334,378.99
CP32,St-Hyacinthe,TO,2026-04-12,1.0,Naive_Stratified,378.99333333333334,378.99
CP32,St-Hyacinthe,TO,2026-04-19,1.0,Naive_Stratified,378.99333333333334,378.99
CP33,Sorel-Tracy,BQ,2026-03-29,0.75,Naive_Stratified,724.99,543.74
CP33,Sorel-Tracy,BQ,2026-04-05,0.75,Naive_Stratified,272.49,204.37
CP33,Sorel-Tracy,BQ,2026-04-12,0.75,Naive_Stratified,272.49,204.37
CP33,Sorel-Tracy,BQ,2026-04-19,0.75,Naive_Stratified,272.49,204.37
CP33,Sorel-Tracy,CH,2026-03-29,1.75,Naive_Stratified,1649.99,2887.48
CP33,Sorel-Tracy,CH,2026-04-05,1.75,Naive_Stratified,2146.6566666666663,3756.65
CP33,Sorel-Tracy,CH,2026-04-12,1.75,Naive_Stratified,2146.6566666666663,3756.65
CP33,Sorel-Tracy,CH,2026-04-19,1.75,Naive_Stratified,2146.6566666666663,3756.65
CP33,Sorel-Tracy,FI,2026-03-29,1.5,Naive_Stratified,21.49,32.24
CP33,Sorel-Tracy,FI,2026-04-05,1.5,Naive_Stratified,699.99,1049.99
CP33,Sorel-Tracy,FI,2026-04-12,1.5,Naive_Stratified,699.99,1049.99
CP33,Sorel-Tracy,FI,2026-04-19,1.5,Naive_Stratified,699.99,1049.99
CP33,Sorel-Tracy,GA,2026-03-29,1.75,Naive_Stratified,1443.74,2526.54
CP33,Sorel-Tracy,GA,2026-04-05,1.75,Naive_Stratified,1433.3233333333335,2508.32
CP33,Sorel-Tracy,GA,2026-04-12,1.75,Naive_Stratified,1433.3233333333335,2508.32
CP33,Sorel-Tracy,GA,2026-04-19,1.75,Naive_Stratified,1433.3233333333335,2508.32
CP33,Sorel-Tracy,HT,2026-03-29,1.5,Naive_Stratified,1878.1338461538462,2817.2
CP33,Sorel-Tracy,HT,2026-04-05,1.5,Naive_Stratified,2100.4035,3150.61
CP33,Sorel-Tracy,HT,2026-04-12,1.5,Naive_Stratified,2100.4035,3150.61
CP33,Sorel-Tracy,HT,2026-04-19,1.5,Naive_Stratified,2100.4035,3150.61
CP33,Sorel-Tracy,LO,2026-03-29,1.75,Naive_Stratified,7.5525,13.22
CP33,Sorel-Tracy,LO,2026-04-05,1.75,Naive_Stratified,9.34,16.34
CP33,Sorel-Tracy,LO,2026-04-12,1.75,Naive_Stratified,9.34,16.34
CP33,Sorel-Tracy,LO,2026-04-19,1.75,Naive_Stratified,9.34,16.34
CP33,Sorel-Tracy,ME,2026-03-29,3.25,Naive_Stratified,167.42488095238093,544.13
CP33,Sorel-Tracy,ME,2026-04-05,3.25,Naive_Stratified,242.75922832980973,788.97
CP33,Sorel-Tracy,ME,2026-04-12,3.25,Naive_Stratified,242.75922832980973,788.97
CP33,Sorel-Tracy,ME,2026-04-19,3.25,Naive_Stratified,242.75922832980973,788.97
CP33,Sorel-Tracy,PA,2026-03-29,2.75,Naive_Stratified,96.67333333333333,265.85
CP33,Sorel-Tracy,PA,2026-04-05,2.75,Naive_Stratified,82.08,225.72
CP33,Sorel-Tracy,PA,2026-04-12,2.75,Naive_Stratified,82.08,225.72
CP33,Sorel-Tracy,PA,2026-04-19,2.75,Naive_Stratified,82.08,225.72
CP33,Sorel-Tracy,SP,2026-03-29,1.25,Naive_Stratified,7436.5,9295.62
CP33,Sorel-Tracy,SP,2026-04-05,1.25,Naive_Stratified,6686.5,8358.12
CP33,Sorel-Tracy,SP,2026-04-12,1.25,Naive_Stratified,6686.5,8358.12
CP33,Sorel-Tracy,SP,2026-04-19,1.25,Naive_Stratified,6686.5,8358.12
CP33,Sorel-Tracy,TO,2026-03-29,1.25,Naive_Stratified,389.1325,486.42
CP33,Sorel-Tracy,TO,2026-04-05,1.25,Naive_Stratified,209.73435714285716,262.17
CP33,Sorel-Tracy,TO,2026-04-12,1.25,Naive_Stratified,209.73435714285716,262.17
CP33,Sorel-Tracy,TO,2026-04-19,1.25,Naive_Stratified,209.73435714285716,262.17
CP35,Saint-Jean-sur-Richelieu,BQ,2026-03-29,1.75,Naive_Stratified,46.49,81.36
CP35,Saint-Jean-sur-Richelieu,BQ,2026-04-05,1.75,Naive_Stratified,274.99241666666666,481.24
CP35,Saint-Jean-sur-Richelieu,BQ,2026-04-12,1.75,Naive_Stratified,274.99241666666666,481.24
CP35,Saint-Jean-sur-Richelieu,BQ,2026-04-19,1.75,Naive_Stratified,274.99241666666666,481.24
CP35,Saint-Jean-sur-Richelieu,CH,2026-03-29,1.0,Naive_Stratified,1613.836153846154,1613.84
CP35,Saint-Jean-sur-Richelieu,CH,2026-04-05,1.0,Naive_Stratified,1989.98225,1989.98
CP35,Saint-Jean-sur-Richelieu,CH,2026-04-12,1.0,Naive_Stratified,1989.98225,1989.98
CP35,Saint-Jean-sur-Richelieu,CH,2026-04-19,1.0,Naive_Stratified,1989.98225,1989.98
CP35,Saint-Jean-sur-Richelieu,FI,2026-03-29,1.0,Naive_Stratified,345.995,346.0
CP35,Saint-Jean-sur-Richelieu,FI,2026-04-05,1.0,Naive_Stratified,26.155,26.16
CP35,Saint-Jean-sur-Richelieu,FI,2026-04-12,1.0,Naive_Stratified,26.155,26.16
CP35,Saint-Jean-sur-Richelieu,FI,2026-04-19,1.0,Naive_Stratified,26.155,26.16
CP35,Saint-Jean-sur-Richelieu,GA,2026-03-29,0.75,Naive_Stratified,1165.74,874.3
CP35,Saint-Jean-sur-Richelieu,GA,2026-04-05,0.75,Naive_Stratified,1598.4816666666666,1198.86
CP35,Saint-Jean-sur-Richelieu,GA,2026-04-12,0.75,Naive_Stratified,1598.4816666666666,1198.86
CP35,Saint-Jean-sur-Richelieu,GA,2026-04-19,0.75,Naive_Stratified,1598.4816666666666,1198.86
CP35,Saint-Jean-sur-Richelieu,HT,2026-03-29,5.75,Naive_Stratified,2721.8079166666666,15650.4
CP35,Saint-Jean-sur-Richelieu,HT,2026-04-05,5.75,Naive_Stratified,2388.79985645933,13735.6
CP35,Saint-Jean-sur-Richelieu,HT,2026-04-12,5.75,Naive_Stratified,2388.79985645933,13735.6
CP35,Saint-Jean-sur-Richelieu,HT,2026-04-19,5.75,Naive_Stratified,2388.79985645933,13735.6
CP35,Saint-Jean-sur-Richelieu,ME,2026-03-29,4.25,Naive_Stratified,333.204,1416.12
CP35,Saint-Jean-sur-Richelieu,ME,2026-04-05,4.25,Naive_Stratified,305.37664288949276,1297.85
CP35,Saint-Jean-sur-Richelieu,ME,2026-04-12,4.25,Naive_Stratified,305.37664288949276,1297.85
CP35,Saint-Jean-sur-Richelieu,ME,2026-04-19,4.25,Naive_Stratified,305.37664288949276,1297.85
CP35,Saint-Jean-sur-Richelieu,PA,2026-03-29,1.75,Naive_Stratified,184.3,322.53
CP35,Saint-Jean-sur-Richelieu,PA,2026-04-05,1.75,Naive_Stratified,79.99,139.98
CP35,Saint-Jean-sur-Richelieu,PA,2026-04-12,1.75,Naive_Stratified,79.99,139.98
CP35,Saint-Jean-sur-Richelieu,PA,2026-04-19,1.75,Naive_Stratified,79.99,139.98
CP35,Saint-Jean-sur-Richelieu,SP,2026-03-29,1.0,Naive_Stratified,8749.0,8749.0
CP35,Saint-Jean-sur-Richelieu,SP,2026-04-05,1.0,Naive_Stratified,8791.166666666666,8791.17
CP35,Saint-Jean-sur-Richelieu,SP,2026-04-12,1.0,Naive_Stratified,8791.166666666666,8791.17
CP35,Saint-Jean-sur-Richelieu,SP,2026-04-19,1.0,Naive_Stratified,8791.166666666666,8791.17
CP35,Saint-Jean-sur-Richelieu,TO,2026-03-29,3.25,Naive_Stratified,314.1272348484848,1020.91
CP35,Saint-Jean-sur-Richelieu,TO,2026-04-05,3.25,Naive_Stratified,285.00484674329505,926.27
CP35,Saint-Jean-sur-Richelieu,TO,2026-04-12,3.25,Naive_Stratified,285.00484674329505,926.27
CP35,Saint-Jean-sur-Richelieu,TO,2026-04-19,3.25,Naive_Stratified,285.00484674329505,926.27
CP36,Saint-Eustache,BQ,2026-03-29,4.5,Naive_Stratified,281.3511111111111,1266.08
CP36,Saint-Eustache,BQ,2026-04-05,4.5,Naive_Stratified,237.27949999999998,1067.76
CP36,Saint-Eustache,BQ,2026-04-12,4.5,Naive_Stratified,237.27949999999998,1067.76
CP36,Saint-Eustache,BQ,2026-04-19,4.5,Naive_Stratified,237.27949999999998,1067.76
CP36,Saint-Eustache,CH,2026-03-29,11.25,Naive_Stratified,1633.3266666666666,18374.92
CP36,Saint-Eustache,CH,2026-04-05,11.25,Naive_Stratified,1020.1746256038648,11476.96
CP36,Saint-Eustache,CH,2026-04-12,11.25,Naive_Stratified,1020.1746256038648,11476.96
CP36,Saint-Eustache,CH,2026-04-19,11.25,Naive_Stratified,1020.1746256038648,11476.96
CP36,Saint-Eustache,FI,2026-03-29,1.75,Naive_Stratified,32.01228571428571,56.02
CP36,Saint-Eustache,FI,2026-04-05,1.75,Naive_Stratified,102.97943609022556,180.21
CP36,Saint-Eustache,FI,2026-04-12,1.75,Naive_Stratified,102.97943609022556,180.21
CP36,Saint-Eustache,FI,2026-04-19,1.75,Naive_Stratified,102.97943609022556,180.21
CP36,Saint-Eustache,GA,2026-03-29,4.0,Naive_Stratified,1203.658,4814.63
CP36,Saint-Eustache,GA,2026-04-05,4.0,Naive_Stratified,1137.8164596273293,4551.27
CP36,Saint-Eustache,GA,2026-04-12,4.0,Naive_Stratified,1137.8164596273293,4551.27
CP36,Saint-Eustache,GA,2026-04-19,4.0,Naive_Stratified,1137.8164596273293,4551.27
CP36,Saint-Eustache,HT,2026-03-29,1.0,Naive_Stratified,2753.4557142857143,2753.46
CP36,Saint-Eustache,HT,2026-04-05,1.0,Naive_Stratified,2866.7465811965812,2866.75
CP36,Saint-Eustache,HT,2026-04-12,1.0,Naive_Stratified,2866.7465811965812,2866.75
CP36,Saint-Eustache,HT,2026-04-19,1.0,Naive_Stratified,2866.7465811965812,2866.75
CP36,Saint-Eustache,PA,2026-03-29,8.25,Naive_Stratified,79.99,659.92
CP36,Saint-Eustache,PA,2026-04-05,8.25,Naive_Stratified,127.75287499999999,1053.96
CP36,Saint-Eustache,PA,2026-04-12,8.25,Naive_Stratified,127.75287499999999,1053.96
CP36,Saint-Eustache,PA,2026-04-19,8.25,Naive_Stratified,127.75287499999999,1053.96
CP36,Saint-Eustache,SP,2026-03-29,3.75,Naive_Stratified,7762.3741666666665,29108.9
CP36,Saint-Eustache,SP,2026-04-05,3.75,Naive_Stratified,7287.245,27327.17
CP36,Saint-Eustache,SP,2026-04-12,3.75,Naive_Stratified,7287.245,27327.17
CP36,Saint-Eustache,SP,2026-04-19,3.75,Naive_Stratified,7287.245,27327.17
CP36,Saint-Eustache,TO,2026-03-29,1.5,Naive_Stratified,548.84,823.26
CP36,Saint-Eustache,TO,2026-04-05,1.5,Naive_Stratified,644.6279201680672,966.94
CP36,Saint-Eustache,TO,2026-04-12,1.5,Naive_Stratified,644.6279201680672,966.94
CP36,Saint-Eustache,TO,2026-04-19,1.5,Naive_Stratified,644.6279201680672,966.94
CP37,Gatineau,BQ,2026-03-29,1.5,Naive_Stratified,499.99,749.98
CP37,Gatineau,BQ,2026-04-05,1.5,Naive_Stratified,395.99,593.98
CP37,Gatineau,BQ,2026-04-12,1.5,Naive_Stratified,395.99,593.98
CP37,Gatineau,BQ,2026-04-19,1.5,Naive_Stratified,395.99,593.98
CP37,Gatineau,CH,2026-03-29,1.5,Naive_Stratified,2060.325,3090.49
CP37,Gatineau,CH,2026-04-05,1.5,Naive_Stratified,2106.269444444444,3159.4
CP37,Gatineau,CH,2026-04-12,1.5,Naive_Stratified,2106.269444444444,3159.4
CP37,Gatineau,CH,2026-04-19,1.5,Naive_Stratified,2106.269444444444,3159.4
CP37,Gatineau,FI,2026-03-29,2.0,Naive_Stratified,388.74,777.48
CP37,Gatineau,FI,2026-04-05,2.0,Naive_Stratified,87.49000000000001,174.98
CP37,Gatineau,FI,2026-04-12,2.0,Naive_Stratified,87.49000000000001,174.98
CP37,Gatineau,FI,2026-04-19,2.0,Naive_Stratified,87.49000000000001,174.98
CP37,Gatineau,GA,2026-03-29,1.25,Naive_Stratified,1919.99,2399.99
CP37,Gatineau,GA,2026-04-05,1.25,Naive_Stratified,2173.7125,2717.14
CP37,Gatineau,GA,2026-04-12,1.25,Naive_Stratified,2173.7125,2717.14
CP37,Gatineau,GA,2026-04-19,1.25,Naive_Stratified,2173.7125,2717.14
CP37,Gatineau,HT,2026-03-29,2.0,Naive_Stratified,4229.281333333333,8458.56
CP37,Gatineau,HT,2026-04-05,2.0,Naive_Stratified,3733.7125974025976,7467.43
CP37,Gatineau,HT,2026-04-12,2.0,Naive_Stratified,3733.7125974025976,7467.43
CP37,Gatineau,HT,2026-04-19,2.0,Naive_Stratified,3733.7125974025976,7467.43
CP37,Gatineau,LO,2026-03-29,14.0,Naive_Stratified,15.990957854406133,223.87
CP37,Gatineau,LO,2026-04-05,14.0,Naive_Stratified,19.80262105263158,277.24
CP37,Gatineau,LO,2026-04-12,14.0,Naive_Stratified,19.80262105263158,277.24
CP37,Gatineau,LO,2026-04-19,14.0,Naive_Stratified,19.80262105263158,277.24
CP37,Gatineau,PA,2026-03-29,7.0,Naive_Stratified,152.4309375,1067.02
CP37,Gatineau,PA,2026-04-05,7.0,Naive_Stratified,140.81609907120742,985.71
CP37,Gatineau,PA,2026-04-12,7.0,Naive_Stratified,140.81609907120742,985.71
CP37,Gatineau,PA,2026-04-19,7.0,Naive_Stratified,140.81609907120742,985.71
CP37,Gatineau,SP,2026-03-29,0.75,Naive_Stratified,11874.0,8905.5
CP37,Gatineau,SP,2026-04-05,0.75,Naive_Stratified,9465.679166666667,7099.26
CP37,Gatineau,SP,2026-04-12,0.75,Naive_Stratified,9465.679166666667,7099.26
CP37,Gatineau,SP,2026-04-19,0.75,Naive_Stratified,9465.679166666667,7099.26
CP37,Gatineau,TO,2026-03-29,1.0,Naive_Stratified,354.99666666666667,355.0
CP37,Gatineau,TO,2026-04-05,1.0,Naive_Stratified,496.6605833333333,496.66
CP37,Gatineau,TO,2026-04-12,1.0,Naive_Stratified,496.6605833333333,496.66
CP37,Gatineau,TO,2026-04-19,1.0,Naive_Stratified,496.6605833333333,496.66
CP39,Joliette,BQ,2026-03-29,1.25,Naive_Stratified,299.99,374.99
CP39,Joliette,BQ,2026-04-05,1.25,Naive_Stratified,218.525,273.16
CP39,Joliette,BQ,2026-04-12,1.25,Naive_Stratified,218.525,273.16
CP39,Joliette,BQ,2026-04-19,1.25,Naive_Stratified,218.525,273.16
CP39,Joliette,CH,2026-03-29,2.25,Naive_Stratified,2044.99,4601.23
CP39,Joliette,CH,2026-04-05,2.25,Naive_Stratified,1799.165,4048.12
CP39,Joliette,CH,2026-04-12,2.25,Naive_Stratified,1799.165,4048.12
CP39,Joliette,CH,2026-04-19,2.25,Naive_Stratified,1799.165,4048.12
CP39,Joliette,FI,2026-03-29,3.0,Naive_Stratified,407.49,1222.47
CP39,Joliette,FI,2026-04-05,3.0,Naive_Stratified,53.55,160.65
CP39,Joliette,FI,2026-04-12,3.0,Naive_Stratified,53.55,160.65
CP39,Joliette,FI,2026-04-19,3.0,Naive_Stratified,53.55,160.65
CP39,Joliette,GA,2026-03-29,1.0,Naive_Stratified,1491.49,1491.49
CP39,Joliette,GA,2026-04-05,1.0,Naive_Stratified,838.9225396825398,838.92
CP39,Joliette,GA,2026-04-12,1.0,Naive_Stratified,838.9225396825398,838.92
CP39,Joliette,GA,2026-04-19,1.0,Naive_Stratified,838.9225396825398,838.92
CP39,Joliette,HT,2026-03-29,0.5,Naive_Stratified,2079.565,1039.78
CP39,Joliette,HT,2026-04-05,0.5,Naive_Stratified,2087.933174603175,1043.97
CP39,Joliette,HT,2026-04-12,0.5,Naive_Stratified,2087.933174603175,1043.97
CP39,Joliette,HT,2026-04-19,0.5,Naive_Stratified,2087.933174603175,1043.97
CP39,Joliette,LO,2026-03-29,3.25,Naive_Stratified,6.163333333333333,20.03
CP39,Joliette,LO,2026-04-05,3.25,Naive_Stratified,9.018233082706766,29.31
CP39,Joliette,LO,2026-04-12,3.25,Naive_Stratified,9.018233082706766,29.31
CP39,Joliette,LO,2026-04-19,3.25,Naive_Stratified,9.018233082706766,29.31
CP39,Joliette,ME,2026-03-29,4.75,Naive_Stratified,288.52181818181816,1370.48
CP39,Joliette,ME,2026-04-05,4.75,Naive_Stratified,250.75,1191.06
CP39,Joliette,ME,2026-04-12,4.75,Naive_Stratified,250.75,1191.06
CP39,Joliette,ME,2026-04-19,4.75,Naive_Stratified,250.75,1191.06
CP39,Joliette,PA,2026-03-29,3.0,Naive_Stratified,122.32333333333334,366.97
CP39,Joliette,PA,2026-04-05,3.0,Naive_Stratified,85.5,256.5
CP39,Joliette,PA,2026-04-12,3.0,Naive_Stratified,85.5,256.5
CP39,Joliette,PA,2026-04-19,3.0,Naive_Stratified,85.5,256.5
CP39,Joliette,SP,2026-03-29,0.75,Naive_Stratified,9499.0,7124.25
CP39,Joliette,SP,2026-04-05,0.75,Naive_Stratified,10049.0,7536.75
CP39,Joliette,SP,2026-04-12,0.75,Naive_Stratified,10049.0,7536.75
CP39,Joliette,SP,2026-04-19,0.75,Naive_Stratified,10049.0,7536.75
CP39,Joliette,TO,2026-03-29,0.75,Naive_Stratified,203.995,153.0
CP39,Joliette,TO,2026-04-05,0.75,Naive_Stratified,130.78428571428572,98.09
CP39,Joliette,TO,2026-04-12,0.75,Naive_Stratified,130.78428571428572,98.09
CP39,Joliette,TO,2026-04-19,0.75,Naive_Stratified,130.78428571428572,98.09
CP40,Thetford Mines,BQ,2026-03-29,1.0,Naive_Stratified,699.99,699.99
CP40,Thetford Mines,BQ,2026-04-05,1.0,Naive_Stratified,373.1566666666667,373.16
CP40,Thetford Mines,BQ,2026-04-12,1.0,Naive_Stratified,373.1566666666667,373.16
CP40,Thetford Mines,BQ,2026-04-19,1.0,Naive_Stratified,373.1566666666667,373.16
CP40,Thetford Mines,CH,2026-03-29,2.75,Naive_Stratified,852.3916666666665,2344.08
CP40,Thetford Mines,CH,2026-04-05,2.75,Naive_Stratified,1399.995,3849.99
CP40,Thetford Mines,CH,2026-04-12,2.75,Naive_Stratified,1399.995,3849.99
CP40,Thetford Mines,CH,2026-04-19,2.75,Naive_Stratified,1399.995,3849.99
CP40,Thetford Mines,GA,2026-03-29,1.25,Naive_Stratified,1599.99,1999.99
CP40,Thetford Mines,GA,2026-04-05,1.25,Naive_Stratified,750.8233333333334,938.53
CP40,Thetford Mines,GA,2026-04-12,1.25,Naive_Stratified,750.8233333333334,938.53
CP40,Thetford Mines,GA,2026-04-19,1.25,Naive_Stratified,750.8233333333334,938.53
CP40,Thetford Mines,HT,2026-03-29,1.25,Naive_Stratified,600.0,750.0
CP40,Thetford Mines,HT,2026-04-05,1.25,Naive_Stratified,2149.495,2686.87
CP40,Thetford Mines,HT,2026-04-12,1.25,Naive_Stratified,2149.495,2686.87
CP40,Thetford Mines,HT,2026-04-19,1.25,Naive_Stratified,2149.495,2686.87
CP40,Thetford Mines,LO,2026-03-29,2.0,Naive_Stratified,16.65,33.3
CP40,Thetford Mines,LO,2026-04-05,2.0,Naive_Stratified,19.632857142857144,39.27
CP40,Thetford Mines,LO,2026-04-12,2.0,Naive_Stratified,19.632857142857144,39.27
CP40,Thetford Mines,LO,2026-04-19,2.0,Naive_Stratified,19.632857142857144,39.27
CP40,Thetford Mines,ME,2026-03-29,4.5,Naive_Stratified,31.454285714285717,141.54
CP40,Thetford Mines,ME,2026-04-05,4.5,Naive_Stratified,284.24593846153846,1279.11
CP40,Thetford Mines,ME,2026-04-12,4.5,Naive_Stratified,284.24593846153846,1279.11
CP40,Thetford Mines,ME,2026-04-19,4.5,Naive_Stratified,284.24593846153846,1279.11
CP40,Thetford Mines,PA,2026-03-29,1.25,Naive_Stratified,191.77849137931034,239.72
CP40,Thetford Mines,PA,2026-04-05,1.25,Naive_Stratified,491.365,614.21
CP40,Thetford Mines,PA,2026-04-12,1.25,Naive_Stratified,491.365,614.21
CP40,Thetford Mines,PA,2026-04-19,1.25,Naive_Stratified,491.365,614.21
CP40,Thetford Mines,SP,2026-03-29,2.0,Naive_Stratified,9533.745833333334,19067.49
CP40,Thetford Mines,SP,2026-04-05,2.0,Naive_Stratified,9348.77,18697.54
CP40,Thetford Mines,SP,2026-04-12,2.0,Naive_Stratified,9348.77,18697.54
CP40,Thetford Mines,SP,2026-04-19,2.0,Naive_Stratified,9348.77,18697.54
CP40,Thetford Mines,TO,2026-03-29,2.0,Naive_Stratified,209.99,419.98
CP40,Thetford Mines,TO,2026-04-05,2.0,Naive_Stratified,0.0,0.0
CP40,Thetford Mines,TO,2026-04-12,2.0,Naive_Stratified,0.0,0.0
CP40,Thetford Mines,TO,2026-04-19,2.0,Naive_Stratified,0.0,0.0
CP44,St-Constant,BQ,2026-03-29,1.75,Naive_Stratified,58.57833333333333,102.51
CP44,St-Constant,BQ,2026-04-05,1.75,Naive_Stratified,228.61562500000002,400.08
CP44,St-Constant,BQ,2026-04-12,1.75,Naive_Stratified,228.61562500000002,400.08
CP44,St-Constant,BQ,2026-04-19,1.75,Naive_Stratified,228.61562500000002,400.08
CP44,St-Constant,CH,2026-03-29,1.5,Naive_Stratified,1791.8233333333333,2687.73
CP44,St-Constant,CH,2026-04-05,1.5,Naive_Stratified,1697.9900000000002,2546.99
CP44,St-Constant,CH,2026-04-12,1.5,Naive_Stratified,1697.9900000000002,2546.99
CP44,St-Constant,CH,2026-04-19,1.5,Naive_Stratified,1697.9900000000002,2546.99
CP44,St-Constant,FI,2026-03-29,2.25,Naive_Stratified,69.66666666666667,156.75
CP44,St-Constant,FI,2026-04-05,2.25,Naive_Stratified,112.895,254.01
CP44,St-Constant,FI,2026-04-12,2.25,Naive_Stratified,112.895,254.01
CP44,St-Constant,FI,2026-04-19,2.25,Naive_Stratified,112.895,254.01
CP44,St-Constant,GA,2026-03-29,8.25,Naive_Stratified,1054.1599999999999,8696.82
CP44,St-Constant,GA,2026-04-05,8.25,Naive_Stratified,964.74,7959.1
CP44,St-Constant,GA,2026-04-12,8.25,Naive_Stratified,964.74,7959.1
CP44,St-Constant,GA,2026-04-19,8.25,Naive_Stratified,964.74,7959.1
CP44,St-Constant,HT,2026-03-29,1.25,Naive_Stratified,1315.4099999999999,1644.26
CP44,St-Constant,HT,2026-04-05,1.25,Naive_Stratified,2130.247,2662.81
CP44,St-Constant,HT,2026-04-12,1.25,Naive_Stratified,2130.247,2662.81
CP44,St-Constant,HT,2026-04-19,1.25,Naive_Stratified,2130.247,2662.81
CP44,St-Constant,LO,2026-03-29,12.25,Naive_Stratified,8.405333333333333,102.97
CP44,St-Constant,LO,2026-04-05,12.25,Naive_Stratified,15.614611801242237,191.28
CP44,St-Constant,LO,2026-04-12,12.25,Naive_Stratified,15.614611801242237,191.28
CP44,St-Constant,LO,2026-04-19,12.25,Naive_Stratified,15.614611801242237,191.28
CP44,St-Constant,ME,2026-03-29,2.25,Naive_Stratified,302.3858187134503,680.37
CP44,St-Constant,ME,2026-04-05,2.25,Naive_Stratified,289.03308695652174,650.32
CP44,St-Constant,ME,2026-04-12,2.25,Naive_Stratified,289.03308695652174,650.32
CP44,St-Constant,ME,2026-04-19,2.25,Naive_Stratified,289.03308695652174,650.32
CP44,St-Constant,PA,2026-03-29,1.75,Naive_Stratified,416.865,729.51
CP44,St-Constant,PA,2026-04-05,1.75,Naive_Stratified,71.99,125.98
CP44,St-Constant,PA,2026-04-12,1.75,Naive_Stratified,71.99,125.98
CP44,St-Constant,PA,2026-04-19,1.75,Naive_Stratified,71.99,125.98
CP44,St-Constant,SP,2026-03-29,1.25,Naive_Stratified,11711.7475,14639.68
CP44,St-Constant,SP,2026-04-05,1.25,Naive_Stratified,11013.625,13767.03
CP44,St-Constant,SP,2026-04-12,1.25,Naive_Stratified,11013.625,13767.03
CP44,St-Constant,SP,2026-04-19,1.25,Naive_Stratified,11013.625,13767.03
CP44,St-Constant,TO,2026-03-29,1.25,Naive_Stratified,257.262987012987,321.58
CP44,St-Constant,TO,2026-04-05,1.25,Naive_Stratified,328.83707843137256,411.05
CP44,St-Constant,TO,2026-04-12,1.25,Naive_Stratified,328.83707843137256,411.05
CP44,St-Constant,TO,2026-04-19,1.25,Naive_Stratified,328.83707843137256,411.05
CP45,Cowansville,BQ,2026-03-29,1.75,Naive_Stratified,50.406666666666666,88.21
CP45,Cowansville,BQ,2026-04-05,1.75,Naive_Stratified,226.85095238095238,396.99
CP45,Cowansville,BQ,2026-04-12,1.75,Naive_Stratified,226.85095238095238,396.99
CP45,Cowansville,BQ,2026-04-19,1.75,Naive_Stratified,226.85095238095238,396.99
CP45,Cowansville,CH,2026-03-29,1.75,Naive_Stratified,2124.7425,3718.3
CP45,Cowansville,CH,2026-04-05,1.75,Naive_Stratified,1999.9899999999998,3499.98
CP45,Cowansville,CH,2026-04-12,1.75,Naive_Stratified,1999.9899999999998,3499.98
CP45,Cowansville,CH,2026-04-19,1.75,Naive_Stratified,1999.9899999999998,3499.98
CP45,Cowansville,FI,2026-03-29,1.5,Naive_Stratified,35.49,53.24
CP45,Cowansville,FI,2026-04-05,1.5,Naive_Stratified,26.594,39.89
CP45,Cowansville,FI,2026-04-12,1.5,Naive_Stratified,26.594,39.89
CP45,Cowansville,FI,2026-04-19,1.5,Naive_Stratified,26.594,39.89
CP45,Cowansville,GA,2026-03-29,1.5,Naive_Stratified,1873.9900000000002,2810.99
CP45,Cowansville,GA,2026-04-05,1.5,Naive_Stratified,1180.9922222222222,1771.49
CP45,Cowansville,GA,2026-04-12,1.5,Naive_Stratified,1180.9922222222222,1771.49
CP45,Cowansville,GA,2026-04-19,1.5,Naive_Stratified,1180.9922222222222,1771.49
CP45,Cowansville,HT,2026-03-29,1.75,Naive_Stratified,3149.9900000000002,5512.48
CP45,Cowansville,HT,2026-04-05,1.75,Naive_Stratified,3339.9900000000002,5844.98
CP45,Cowansville,HT,2026-04-12,1.75,Naive_Stratified,3339.9900000000002,5844.98
CP45,Cowansville,HT,2026-04-19,1.75,Naive_Stratified,3339.9900000000002,5844.98
CP45,Cowansville,LO,2026-03-29,4.75,Naive_Stratified,13.712222222222222,65.13
CP45,Cowansville,LO,2026-04-05,4.75,Naive_Stratified,14.942535714285714,70.98
CP45,Cowansville,LO,2026-04-12,4.75,Naive_Stratified,14.942535714285714,70.98
CP45,Cowansville,LO,2026-04-19,4.75,Naive_Stratified,14.942535714285714,70.98
CP45,Cowansville,ME,2026-03-29,3.0,Naive_Stratified,168.59833333333333,505.79
CP45,Cowansville,ME,2026-04-05,3.0,Naive_Stratified,140.20641054472765,420.62
CP45,Cowansville,ME,2026-04-12,3.0,Naive_Stratified,140.20641054472765,420.62
CP45,Cowansville,ME,2026-04-19,3.0,Naive_Stratified,140.20641054472765,420.62
CP45,Cowansville,PA,2026-03-29,1.0,Naive_Stratified,60.88,60.88
CP45,Cowansville,PA,2026-04-05,1.0,Naive_Stratified,74.99,74.99
CP45,Cowansville,PA,2026-04-12,1.0,Naive_Stratified,74.99,74.99
CP45,Cowansville,PA,2026-04-19,1.0,Naive_Stratified,74.99,74.99
CP45,Cowansville,SP,2026-03-29,1.25,Naive_Stratified,10499.0,13123.75
CP45,Cowansville,SP,2026-04-05,1.25,Naive_Stratified,6311.5,7889.38
CP45,Cowansville,SP,2026-04-12,1.25,Naive_Stratified,6311.5,7889.38
CP45,Cowansville,SP,2026-04-19,1.25,Naive_Stratified,6311.5,7889.38
CP45,Cowansville,TO,2026-03-29,0.75,Naive_Stratified,174.28178571428572,130.71
CP45,Cowansville,TO,2026-04-05,0.75,Naive_Stratified,62.999,47.25
CP45,Cowansville,TO,2026-04-12,0.75,Naive_Stratified,62.999,47.25
CP45,Cowansville,TO,2026-04-19,0.75,Naive_Stratified,62.999,47.25
CP46,Sainte-Agathe-des-Monts,BQ,2026-03-29,2.0,Naive_Stratified,340.32666666666665,680.65
CP46,Sainte-Agathe-des-Monts,BQ,2026-04-05,2.0,Naive_Stratified,247.49333333333334,494.99
CP46,Sainte-Agathe-des-Monts,BQ,2026-04-12,2.0,Naive_Stratified,247.49333333333334,494.99
CP46,Sainte-Agathe-des-Monts,BQ,2026-04-19,2.0,Naive_Stratified,247.49333333333334,494.99
CP46,Sainte-Agathe-des-Monts,CH,2026-03-29,1.5,Naive_Stratified,3149.9966666666664,4725.0
CP46,Sainte-Agathe-des-Monts,CH,2026-04-05,1.5,Naive_Stratified,1849.995,2774.99
CP46,Sainte-Agathe-des-Monts,CH,2026-04-12,1.5,Naive_Stratified,1849.995,2774.99
CP46,Sainte-Agathe-des-Monts,CH,2026-04-19,1.5,Naive_Stratified,1849.995,2774.99
CP46,Sainte-Agathe-des-Monts,FI,2026-03-29,3.0,Naive_Stratified,137.32333333333335,411.97
CP46,Sainte-Agathe-des-Monts,FI,2026-04-05,3.0,Naive_Stratified,129.66500000000002,389.0
CP46,Sainte-Agathe-des-Monts,FI,2026-04-12,3.0,Naive_Stratified,129.66500000000002,389.0
CP46,Sainte-Agathe-des-Monts,FI,2026-04-19,3.0,Naive_Stratified,129.66500000000002,389.0
CP46,Sainte-Agathe-des-Monts,GA,2026-03-29,1.0,Naive_Stratified,799.99,799.99
CP46,Sainte-Agathe-des-Monts,GA,2026-04-05,1.0,Naive_Stratified,591.24,591.24
CP46,Sainte-Agathe-des-Monts,GA,2026-04-12,1.0,Naive_Stratified,591.24,591.24
CP46,Sainte-Agathe-des-Monts,GA,2026-04-19,1.0,Naive_Stratified,591.24,591.24
CP46,Sainte-Agathe-des-Monts,HT,2026-03-29,2.0,Naive_Stratified,3188.333333333333,6376.67
CP46,Sainte-Agathe-des-Monts,HT,2026-04-05,2.0,Naive_Stratified,2674.5,5349.0
CP46,Sainte-Agathe-des-Monts,HT,2026-04-12,2.0,Naive_Stratified,2674.5,5349.0
CP46,Sainte-Agathe-des-Monts,HT,2026-04-19,2.0,Naive_Stratified,2674.5,5349.0
CP46,Sainte-Agathe-des-Monts,LO,2026-03-29,4.0,Naive_Stratified,7.132857142857143,28.53
CP46,Sainte-Agathe-des-Monts,LO,2026-04-05,4.0,Naive_Stratified,12.8025,51.21
CP46,Sainte-Agathe-des-Monts,LO,2026-04-12,4.0,Naive_Stratified,12.8025,51.21
CP46,Sainte-Agathe-des-Monts,LO,2026-04-19,4.0,Naive_Stratified,12.8025,51.21
CP46,Sainte-Agathe-des-Monts,ME,2026-03-29,3.5,Naive_Stratified,249.92294117647057,874.73
CP46,Sainte-Agathe-des-Monts,ME,2026-04-05,3.5,Naive_Stratified,243.40799812030076,851.93
CP46,Sainte-Agathe-des-Monts,ME,2026-04-12,3.5,Naive_Stratified,243.40799812030076,851.93
CP46,Sainte-Agathe-des-Monts,ME,2026-04-19,3.5,Naive_Stratified,243.40799812030076,851.93
CP46,Sainte-Agathe-des-Monts,PA,2026-03-29,1.25,Naive_Stratified,60.87,76.09
CP46,Sainte-Agathe-des-Monts,PA,2026-04-05,1.25,Naive_Stratified,50.52,63.15
CP46,Sainte-Agathe-des-Monts,PA,2026-04-12,1.25,Naive_Stratified,50.52,63.15
CP46,Sainte-Agathe-des-Monts,PA,2026-04-19,1.25,Naive_Stratified,50.52,63.15
CP46,Sainte-Agathe-des-Monts,SP,2026-03-29,1.0,Naive_Stratified,10540.908333333333,10540.91
CP46,Sainte-Agathe-des-Monts,SP,2026-04-05,1.0,Naive_Stratified,10249.0,10249.0
CP46,Sainte-Agathe-des-Monts,SP,2026-04-12,1.0,Naive_Stratified,10249.0,10249.0
CP46,Sainte-Agathe-des-Monts,SP,2026-04-19,1.0,Naive_Stratified,10249.0,10249.0
CP46,Sainte-Agathe-des-Monts,TO,2026-03-29,1.5,Naive_Stratified,200.0,300.0
CP46,Sainte-Agathe-des-Monts,TO,2026-04-05,1.5,Naive_Stratified,418.24833333333333,627.37
CP46,Sainte-Agathe-des-Monts,TO,2026-04-12,1.5,Naive_Stratified,418.24833333333333,627.37
CP46,Sainte-Agathe-des-Monts,TO,2026-04-19,1.5,Naive_Stratified,418.24833333333333,627.37
CP47,Riviere-du-Loup,BQ,2026-03-29,2.25,Naive_Stratified,92.52666666666667,208.18
CP47,Riviere-du-Loup,BQ,2026-04-05,2.25,Naive_Stratified,267.3815740740741,601.61
CP47,Riviere-du-Loup,BQ,2026-04-12,2.25,Naive_Stratified,267.3815740740741,601.61
CP47,Riviere-du-Loup,BQ,2026-04-19,2.25,Naive_Stratified,267.3815740740741,601.61
CP47,Riviere-du-Loup,CH,2026-03-29,1.0,Naive_Stratified,999.99,999.99
CP47,Riviere-du-Loup,CH,2026-04-05,1.0,Naive_Stratified,2324.99,2324.99
CP47,Riviere-du-Loup,CH,2026-04-12,1.0,Naive_Stratified,2324.99,2324.99
CP47,Riviere-du-Loup,CH,2026-04-19,1.0,Naive_Stratified,2324.99,2324.99
CP47,Riviere-du-Loup,FI,2026-03-29,2.25,Naive_Stratified,186.5580808080808,419.76
CP47,Riviere-du-Loup,FI,2026-04-05,2.25,Naive_Stratified,239.92000000000002,539.82
CP47,Riviere-du-Loup,FI,2026-04-12,2.25,Naive_Stratified,239.92000000000002,539.82
CP47,Riviere-du-Loup,FI,2026-04-19,2.25,Naive_Stratified,239.92000000000002,539.82
CP47,Riviere-du-Loup,GA,2026-03-29,4.0,Naive_Stratified,983.3233333333333,3933.29
CP47,Riviere-du-Loup,GA,2026-04-05,4.0,Naive_Stratified,1116.991,4467.96
CP47,Riviere-du-Loup,GA,2026-04-12,4.0,Naive_Stratified,1116.991,4467.96
CP47,Riviere-du-Loup,GA,2026-04-19,4.0,Naive_Stratified,1116.991,4467.96
CP47,Riviere-du-Loup,HT,2026-03-29,0.25,Naive_Stratified,2643.1457142857143,660.79
CP47,Riviere-du-Loup,HT,2026-04-05,0.25,Naive_Stratified,3699.99,925.0
CP47,Riviere-du-Loup,HT,2026-04-12,0.25,Naive_Stratified,3699.99,925.0
CP47,Riviere-du-Loup,HT,2026-04-19,0.25,Naive_Stratified,3699.99,925.0
CP47,Riviere-du-Loup,LO,2026-03-29,2.25,Naive_Stratified,10.48,23.58
CP47,Riviere-du-Loup,LO,2026-04-05,2.25,Naive_Stratified,6.37109090909091,14.33
CP47,Riviere-du-Loup,LO,2026-04-12,2.25,Naive_Stratified,6.37109090909091,14.33
CP47,Riviere-du-Loup,LO,2026-04-19,2.25,Naive_Stratified,6.37109090909091,14.33
CP47,Riviere-du-Loup,ME,2026-03-29,4.25,Naive_Stratified,215.36904761904762,915.32
CP47,Riviere-du-Loup,ME,2026-04-05,4.25,Naive_Stratified,520.2723412698413,2211.16
CP47,Riviere-du-Loup,ME,2026-04-12,4.25,Naive_Stratified,520.2723412698413,2211.16
CP47,Riviere-du-Loup,ME,2026-04-19,4.25,Naive_Stratified,520.2723412698413,2211.16
CP47,Riviere-du-Loup,PA,2026-03-29,1.25,Naive_Stratified,191.77849137931034,239.72
CP47,Riviere-du-Loup,PA,2026-04-05,1.25,Naive_Stratified,71.99,89.99
CP47,Riviere-du-Loup,PA,2026-04-12,1.25,Naive_Stratified,71.99,89.99
CP47,Riviere-du-Loup,PA,2026-04-19,1.25,Naive_Stratified,71.99,89.99
CP47,Riviere-du-Loup,SP,2026-03-29,1.0,Naive_Stratified,0.0,0.0
CP47,Riviere-du-Loup,SP,2026-04-05,1.0,Naive_Stratified,9493.36,9493.36
CP47,Riviere-du-Loup,SP,2026-04-12,1.0,Naive_Stratified,9493.36,9493.36
CP47,Riviere-du-Loup,SP,2026-04-19,1.0,Naive_Stratified,9493.36,9493.36
CP47,Riviere-du-Loup,TO,2026-03-29,0.5,Naive_Stratified,413.97,206.98
CP47,Riviere-du-Loup,TO,2026-04-05,0.5,Naive_Stratified,674.9908333333333,337.5
CP47,Riviere-du-Loup,TO,2026-04-12,0.5,Naive_Stratified,674.9908333333333,337.5
CP47,Riviere-du-Loup,TO,2026-04-19,0.5,Naive_Stratified,674.9908333333333,337.5
CP48,Beloeil,BQ,2026-03-29,1.0,Naive_Stratified,307.6566666666667,307.66
CP48,Beloeil,BQ,2026-04-05,1.0,Naive_Stratified,148.82799632352942,148.83
CP48,Beloeil,BQ,2026-04-12,1.0,Naive_Stratified,148.82799632352942,148.83
CP48,Beloeil,BQ,2026-04-19,1.0,Naive_Stratified,148.82799632352942,148.83
CP48,Beloeil,CH,2026-03-29,1.5,Naive_Stratified,1669.9900000000002,2504.99
CP48,Beloeil,CH,2026-04-05,1.5,Naive_Stratified,1805.0733333333335,2707.61
CP48,Beloeil,CH,2026-04-12,1.5,Naive_Stratified,1805.0733333333335,2707.61
CP48,Beloeil,CH,2026-04-19,1.5,Naive_Stratified,1805.0733333333335,2707.61
CP48,Beloeil,FI,2026-03-29,1.0,Naive_Stratified,306.3433333333333,306.34
CP48,Beloeil,FI,2026-04-05,1.0,Naive_Stratified,28.869999999999997,28.87
CP48,Beloeil,FI,2026-04-12,1.0,Naive_Stratified,28.869999999999997,28.87
CP48,Beloeil,FI,2026-04-19,1.0,Naive_Stratified,28.869999999999997,28.87
CP48,Beloeil,GA,2026-03-29,0.75,Naive_Stratified,1028.99,771.74
CP48,Beloeil,GA,2026-04-05,0.75,Naive_Stratified,1694.1844444444446,1270.64
CP48,Beloeil,GA,2026-04-12,0.75,Naive_Stratified,1694.1844444444446,1270.64
CP48,Beloeil,GA,2026-04-19,0.75,Naive_Stratified,1694.1844444444446,1270.64
CP48,Beloeil,HT,2026-03-29,2.5,Naive_Stratified,1943.815,4859.54
CP48,Beloeil,HT,2026-04-05,2.5,Naive_Stratified,2072.4783082706767,5181.2
CP48,Beloeil,HT,2026-04-12,2.5,Naive_Stratified,2072.4783082706767,5181.2
CP48,Beloeil,HT,2026-04-19,2.5,Naive_Stratified,2072.4783082706767,5181.2
CP48,Beloeil,LO,2026-03-29,14.25,Naive_Stratified,10.363611111111112,147.68
CP48,Beloeil,LO,2026-04-05,14.25,Naive_Stratified,17.416375000000002,248.18
CP48,Beloeil,LO,2026-04-12,14.25,Naive_Stratified,17.416375000000002,248.18
CP48,Beloeil,LO,2026-04-19,14.25,Naive_Stratified,17.416375000000002,248.18
CP48,Beloeil,ME,2026-03-29,5.75,Naive_Stratified,254.10571256038648,1461.11
CP48,Beloeil,ME,2026-04-05,5.75,Naive_Stratified,333.56648173515987,1918.01
CP48,Beloeil,ME,2026-04-12,5.75,Naive_Stratified,333.56648173515987,1918.01
CP48,Beloeil,ME,2026-04-19,5.75,Naive_Stratified,333.56648173515987,1918.01
CP48,Beloeil,PA,2026-03-29,1.5,Naive_Stratified,191.34,287.01
CP48,Beloeil,PA,2026-04-05,1.5,Naive_Stratified,42.99416666666667,64.49
CP48,Beloeil,PA,2026-04-12,1.5,Naive_Stratified,42.99416666666667,64.49
CP48,Beloeil,PA,2026-04-19,1.5,Naive_Stratified,42.99416666666667,64.49
CP48,Beloeil,SP,2026-03-29,1.5,Naive_Stratified,9499.0,14248.5
CP48,Beloeil,SP,2026-04-05,1.5,Naive_Stratified,9215.666666666666,13823.5
CP48,Beloeil,SP,2026-04-12,1.5,Naive_Stratified,9215.666666666666,13823.5
CP48,Beloeil,SP,2026-04-19,1.5,Naive_Stratified,9215.666666666666,13823.5
CP48,Beloeil,TO,2026-03-29,1.75,Naive_Stratified,383.6781818181818,671.44
CP48,Beloeil,TO,2026-04-05,1.75,Naive_Stratified,568.8466666666667,995.48
CP48,Beloeil,TO,2026-04-12,1.75,Naive_Stratified,568.8466666666667,995.48
CP48,Beloeil,TO,2026-04-19,1.75,Naive_Stratified,568.8466666666667,995.48
