store_code,city,Week,Forecast_Units,Forecast_Revenue
CP02,Blainville,2026-03-29,76.38000106811523,25186.329999999998
CP02,Blainville,2026-04-05,71.3499984741211,23934.89
CP02,Blainville,2026-04-12,94.69999885559082,27612.66
CP02,Blainville,2026-04-19,92.21999740600586,27904.2
CP04,Drummondville,2026-03-29,109.53000164031982,43483.61
CP04,Drummondville,2026-04-05,127.7100019454956,42746.41
CP04,Drummondville,2026-04-12,140.39999675750732,43032.170000000006
CP04,Drummondville,2026-04-19,169.25000381469727,43595.490000000005
CP05,Sherbrooke,2026-03-29,229.04000854492188,31304.37
CP05,Sherbrooke,2026-04-05,296.9799995422363,48113.75
CP05,Sherbrooke,2026-04-12,387.4300117492676,52347.16
CP05,Sherbrooke,2026-04-19,727.5600051879883,68503.67
CP06,Granby,2026-03-29,231.2100067138672,70848.49
CP06,Granby,2026-04-05,240.18000030517578,113092.94
CP06,Granby,2026-04-12,286.75999450683594,110970.7
CP06,Granby,2026-04-19,396.5899963378906,113973.88
CP07,Laval,2026-03-29,193.09999752044678,54382.270000000004
CP07,Laval,2026-04-05,200.8299961090088,51569.35
CP07,Laval,2026-04-12,231.2100019454956,54897.549999999996
CP07,Laval,2026-04-19,294.65000343322754,56089.15
CP07,Liquidation,2026-03-29,123.8700008392334,21999.129999999997
CP07,Liquidation,2026-04-05,115.77000188827515,20629.57
CP07,Liquidation,2026-04-12,104.01999807357788,19973.02
CP07,Liquidation,2026-04-19,92.38999915122986,18497.559999999998
CP08,Longueuil,2026-03-29,91.42000102996826,23168.76
CP08,Longueuil,2026-04-05,68.80999851226807,22968.99
CP08,Longueuil,2026-04-12,88.39000034332275,23450.89
CP08,Longueuil,2026-04-19,107.79000091552734,26611.07
CP10,Saint-Jérôme,2026-03-29,124.12999665737152,30763.92
CP10,Saint-Jérôme,2026-04-05,122.27000367641449,26227.149999999998
CP10,Saint-Jérôme,2026-04-12,147.17999649047852,29109.66
CP10,Saint-Jérôme,2026-04-19,183.54000091552734,35640.47
CP12,St-Georges-de-Beauce,2026-03-29,72.8499984741211,17274.13
CP12,St-Georges-de-Beauce,2026-04-05,86.20999908447266,24871.54
CP12,St-Georges-de-Beauce,2026-04-12,90.13999938964844,24984.699999999997
CP12,St-Georges-de-Beauce,2026-04-19,98.98999786376953,25239.54
CP13,Victoriaville,2026-03-29,86.4900016784668,23554.1
CP13,Victoriaville,2026-04-05,115.19000244140625,26101.69
CP13,Victoriaville,2026-04-12,118.36000061035156,26181.05
CP13,Victoriaville,2026-04-19,131.6999969482422,26515.02
CP15,Repentigny,2026-03-29,105.18999862670898,46088.619999999995
CP15,Repentigny,2026-04-05,113.69999694824219,51130.09
CP15,Repentigny,2026-04-12,136.33000373840332,50960.57
CP15,Repentigny,2026-04-19,167.90999794006348,51863.49
CP16,Chicoutimi,2026-03-29,117.61000442504883,32459.08
CP16,Chicoutimi,2026-04-05,114.01999759674072,30221.319999999996
CP16,Chicoutimi,2026-04-12,125.55000114440918,31366.37
CP16,Chicoutimi,2026-04-19,165.03999519348145,39097.95
CP17,Trois-Rivières,2026-03-29,132.9499969482422,27477.17
CP17,Trois-Rivières,2026-04-05,129.29000091552734,25135.12
CP17,Trois-Rivières,2026-04-12,137.22000122070312,25397.239999999998
CP17,Trois-Rivières,2026-04-19,185.8300018310547,27003.98
CP202,Nepean,2026-03-29,88.97000122070312,37570.18
CP202,Nepean,2026-04-05,99.2699966430664,43698.03
CP202,Nepean,2026-04-12,100.66999816894531,43727.82
CP202,Nepean,2026-04-19,111.2300033569336,43952.55
CP28,Pointe-aux-Trembles,2026-03-29,161.47999954223633,72511.26
CP28,Pointe-aux-Trembles,2026-04-05,179.0900001525879,47392.729999999996
CP28,Pointe-aux-Trembles,2026-04-12,186.45000076293945,47574.26
CP28,Pointe-aux-Trembles,2026-04-19,213.5999984741211,48243.89
CP32,St-Hyacinthe,2026-03-29,81.45999908447266,34949.87
CP32,St-Hyacinthe,2026-04-05,99.47000122070312,40899.32
CP32,St-Hyacinthe,2026-04-12,120.51000213623047,41459.27
CP32,St-Hyacinthe,2026-04-19,143.88999938964844,42081.479999999996
CP33,Sorel-Tracy,2026-03-29,32.989999771118164,19730.82
CP33,Sorel-Tracy,2026-04-05,43.04999923706055,20923.55
CP33,Sorel-Tracy,2026-04-12,48.5,21052.02
CP33,Sorel-Tracy,2026-04-19,86.58999633789062,21949.920000000002
CP35,Saint-Jean-sur-Richelieu,2026-03-29,98.08000183105469,31585.45
CP35,Saint-Jean-sur-Richelieu,2026-04-05,109.7099962234497,30878.25
CP35,Saint-Jean-sur-Richelieu,2026-04-12,125.51000118255615,31231.27
CP35,Saint-Jean-sur-Richelieu,2026-04-19,134.8899974822998,31428.829999999998
CP36,Saint-Eustache,2026-03-29,469.4900131225586,145182.86
CP36,Saint-Eustache,2026-04-05,337.8200054168701,92257.19
CP36,Saint-Eustache,2026-04-12,357.14999198913574,92734.04000000001
CP36,Saint-Eustache,2026-04-19,377.4800090789795,92584.3
CP37,Gatineau,2026-03-29,224.93000030517578,49431.13
CP37,Gatineau,2026-04-05,282.50000762939453,61931.12
CP37,Gatineau,2026-04-12,301.38999938964844,66059.20999999999
CP37,Gatineau,2026-04-19,381.6000061035156,76540.26
CP39,Joliette,2026-03-29,83.08000183105469,18827.05
CP39,Joliette,2026-04-05,68.25,16560.45
CP39,Joliette,2026-04-12,64.31000137329102,16471.02
CP39,Joliette,2026-04-19,81.36000061035156,16858.05
CP40,Thetford Mines,2026-03-29,42.06999969482422,26312.280000000002
CP40,Thetford Mines,2026-04-05,51.59000015258789,29339.38
CP40,Thetford Mines,2026-04-12,50.15999984741211,29302.739999999998
CP40,Thetford Mines,2026-04-19,50.15999984741211,29302.739999999998
CP44,St-Constant,2026-03-29,58.68000030517578,30354.38
CP44,St-Constant,2026-04-05,57.170000076293945,29525.61
CP44,St-Constant,2026-04-12,60.11000061035156,29595.52
CP44,St-Constant,2026-04-19,103.69999694824219,30632.15
CP45,Cowansville,2026-03-29,58.25,27033.17
CP45,Cowansville,2026-04-05,68.72999954223633,21357.54
CP45,Cowansville,2026-04-12,89.33000183105469,21896.46
CP45,Cowansville,2026-04-19,111.20999908447266,22468.87
CP46,Sainte-Agathe-des-Monts,2026-03-29,52.75,25591.46
CP46,Sainte-Agathe-des-Monts,2026-04-05,48.540000915527344,22225.65
CP46,Sainte-Agathe-des-Monts,2026-04-12,49.39999961853027,22249.91
CP46,Sainte-Agathe-des-Monts,2026-04-19,91.05000305175781,23424.58
CP47,Riviere-du-Loup,2026-03-29,92.12999725341797,8964.74
CP47,Riviere-du-Loup,2026-04-05,103.43000030517578,21961.63
CP47,Riviere-du-Loup,2026-04-12,107.68000030517578,22009.75
CP47,Riviere-du-Loup,2026-04-19,113.04000091552734,22070.43
CP48,Beloeil,2026-03-29,83.7400016784668,26734.42
CP48,Beloeil,2026-04-05,80.15999984741211,27559.59
CP48,Beloeil,2026-04-12,96.3499984741211,27949.8
CP48,Beloeil,2026-04-19,113.5199966430664,28363.62
