store_code,division_code,n_weeks,avg_units,avg_revenue,std_units,total_units,total_revenue,pct_zero,max_units,cv,asp,demand_class,adi,cv2,tier
CP02,BQ,74,5.405405405405405,1775.8221621621622,5.012092005515381,400.0,131410.84,4.054054054054054,20.0,0.9272370210203456,328.5271,Erratic,1.0422535211267605,0.8597684931506847,Tier 2
CP02,CH,76,6.828947368421052,13889.738552631577,5.60568320640101,519.0,1055620.13,0.0,26.0,0.8208707585481249,2033.9501541425816,Erratic,1.0,0.6738288022393739,Tier 2
CP02,FI,87,4.689655172413793,2038.9303448275862,6.515295679145196,408.0,177386.94,3.4482758620689653,50.0,1.3892909904059612,434.77191176470586,Erratic,1.0357142857142858,1.9301294560231765,Tier 2
CP02,GA,97,9.608247422680412,13230.622783505154,8.410752915453585,932.0,1283370.41,1.0309278350515463,48.0,0.8753680609431307,1377.0068776824035,Erratic,1.0104166666666667,0.7662692421193366,Tier 2
CP02,HT,84,5.642857142857143,16464.184761904762,4.614390422070693,474.0,1382991.52,0.0,19.0,0.817740074797338,2917.7036286919833,Erratic,1.0,0.668698829929556,Tier 2
CP02,LO,117,69.57264957264957,950.3386324786325,94.32978798172859,8140.0,111189.62,0.0,367.0,1.3558458469118237,13.659658476658477,Erratic,1.0,1.8383179605880406,Tier 1
CP02,ME,109,87.63302752293578,18106.311743119266,99.8440135773333,9552.0,1973587.98,1.834862385321101,392.0,1.1393422822371577,206.61515703517588,Erratic,1.0186915887850467,1.2981008360933752,Tier 1
CP02,PA,71,12.112676056338028,2988.6021126760565,10.949950157452966,860.0,212190.75,4.225352112676056,41.0,0.9040075129990239,246.73343023255813,Erratic,1.0441176470588236,0.8172295835586805,Tier 2
CP02,PC,117,620.1538461538462,15750.53641025641,709.5111553566984,72558.0,1842812.76,0.0,3537.0,1.1440889381837112,25.397788803440008,Erratic,1.0,1.3089394984743317,Tier 1
CP02,SP,88,2.125,20117.40659090909,1.2206320201992213,187.0,1770331.78,2.272727272727273,7.0,0.5744150683290453,9467.01486631016,Smooth,1.0232558139534884,0.3299526707234618,Tier 2
CP02,TO,90,8.488888888888889,5796.749777777777,8.085559946623176,764.0,521707.48,1.1111111111111112,38.0,0.9524874282671281,682.8631937172775,Erratic,1.0112359550561798,0.9072323010069274,Tier 2
CP04,BQ,65,4.707692307692308,927.7358461538462,4.421973106413714,306.0,60302.83,0.0,20.0,0.9393080128002986,197.06807189542485,Erratic,1.0,0.882299542910846,Tier 2
CP04,CH,98,5.76530612244898,8856.858877551022,4.335899103916462,565.0,867972.17,0.0,22.0,0.7520674551925898,1536.23392920354,Erratic,1.0,0.565605457159858,Tier 2
CP04,FI,115,5.208695652173913,1316.2522608695654,6.379099166691932,599.0,151369.01,2.608695652173913,60.0,1.2247018433548786,252.70285475792988,Erratic,1.0267857142857142,1.4998946051168376,Tier 2
CP04,GA,90,7.777777777777778,10404.360666666666,7.685938975010827,700.0,936392.46,0.0,43.0,0.9881921539299635,1337.7035142857142,Erratic,1.0,0.9765237330887407,Tier 2
CP04,HT,91,9.780219780219781,15307.801978021978,8.749351973212644,890.0,1393009.98,0.0,39.0,0.8945966624296073,1565.1797528089887,Erratic,1.0,0.8003031884301928,Tier 2
CP04,LO,125,85.536,987.15208,110.92125541674059,10692.0,123394.01,0.0,552.0,1.2967786127097432,11.540779087167975,Erratic,1.0,1.681634770381406,Tier 1
CP04,ME,117,45.76068376068376,9501.697350427352,54.97172463979339,5354.0,1111698.59,0.8547008547008548,206.0,1.2012872213029187,207.63888494583492,Erratic,1.0086206896551724,1.4430909880656875,Tier 1
CP04,PA,67,7.029850746268656,1001.1661194029851,6.105065331727296,471.0,67078.13,1.4925373134328357,25.0,0.8684487839187449,142.41641188959662,Erratic,1.0151515151515151,0.7542032902899469,Tier 2
CP04,PC,125,532.76,11332.62672,626.9186858833268,66595.0,1416578.34,0.0,3380.0,1.1767375288747781,21.271542007658233,Erratic,1.0,1.3847112118623193,Tier 1
CP04,SP,82,2.8902439024390243,24165.89024390244,1.9876538534190864,237.0,1981603.0,0.0,9.0,0.687711459832764,8361.194092827005,Smooth,1.0,0.47294705198531145,Tier 2
CP04,TO,51,8.03921568627451,1561.8319607843139,7.8611978331898635,410.0,79653.43000000001,3.9215686274509802,30.0,0.9778563158358123,194.2766585365854,Erratic,1.0408163265306123,0.956202974419988,Tier 2
CP05,BQ,60,13.55,4820.734166666666,14.997655183959559,813.0,289244.05,0.0,60.0,1.106838020956425,355.77373923739236,Erratic,1.0,1.2250904046347355,Tier 2
CP05,CH,42,11.0,13829.263809523809,11.292129786800679,462.0,580829.08,7.142857142857142,34.0,1.0265572533455163,1257.2058008658007,Erratic,1.0769230769230769,1.0538197943962906,Tier 2
CP05,FI,72,6.055555555555555,3254.231388888889,7.479340350684488,436.0,234304.66,1.3888888888888888,61.0,1.235120424883677,537.396009174312,Erratic,1.0140845070422535,1.5255224639648346,Tier 2
CP05,GA,58,12.637931034482758,16782.178620689654,13.231671568112187,733.0,973366.36,1.7241379310344827,56.0,1.046980833493188,1327.9213642564803,Erratic,1.0175438596491229,1.0961688657020907,Tier 2
CP05,HT,31,9.419354838709678,75091.48096774194,8.815797160205792,292.0,2327835.91,22.58064516129032,27.0,0.9359236711177381,7972.040787671233,Erratic,1.2916666666666667,0.875953118158504,Tier 2
CP05,LO,77,62.675324675324674,1154.993896103896,87.18966645049437,4826.0,88934.53,0.0,374.0,1.391132266201423,18.428207625362617,Erratic,1.0,1.9352489820667067,Tier 1
CP05,ME,76,104.8157894736842,33061.25171052632,144.3592472988889,7966.0,2512655.13,0.0,505.0,1.3772662308204315,315.4224366055737,Erratic,1.0,1.8968622705583182,Tier 1
CP05,PA,45,15.177777777777777,4892.645333333334,16.00751086335424,683.0,220169.04,6.666666666666667,57.0,1.0546676264289032,322.35584187408494,Erratic,1.0714285714285714,1.1123238022371766,Tier 2
CP05,PC,77,1069.6623376623377,22169.0487012987,1515.8807289770314,82364.0,1707016.75,0.0,7450.0,1.4171581774954034,20.725277427031227,Erratic,1.0,2.0083373000420934,Tier 1
CP05,SP,60,6.866666666666666,69284.03133333333,6.850625770418909,412.0,4157041.88,5.0,35.0,0.9976639471483849,10089.907475728154,Erratic,1.0526315789473684,0.9953333514396954,Tier 2
CP05,TO,50,15.5,6773.77,19.192100841072026,775.0,338688.5,8.0,93.0,1.2382000542627114,437.0174193548387,Erratic,1.0869565217391304,1.5331393743761814,Tier 2
CP06,BQ,105,19.047619047619047,5584.993619047618,20.888615298392782,2000.0,586424.33,0.9523809523809524,101.0,1.096652303165621,293.21216499999997,Erratic,1.0096153846153846,1.2026462740384611,Tier 2
CP06,CH,93,6.032258064516129,13690.1788172043,4.753606440750894,561.0,1273186.63,2.1505376344086025,20.0,0.7880310142421268,2269.494884135472,Erratic,1.021978021978022,0.6209928794074752,Tier 2
CP06,FI,116,9.051724137931034,3610.267931034483,18.079940759611592,1050.0,418791.08,1.7241379310344827,154.0,1.9974029791570904,398.84864761904765,Erratic,1.0175438596491229,3.98961866114562,Tier 2
CP06,GA,103,30.25242718446602,25728.94776699029,50.25068889325894,3116.0,2650081.62,0.9708737864077669,316.0,1.6610465198991242,850.4754878048781,Erratic,1.0098039215686274,2.7590755412689916,Tier 1
CP06,HT,93,5.967741935483871,11120.987096774194,4.792320879379812,555.0,1034251.7999999999,1.0752688172043012,22.0,0.8030375527609415,1863.5167567567566,Erratic,1.0108695652173914,0.6448693111442818,Tier 2
CP06,LO,125,66.72,980.0749599999999,85.86266228223737,8340.0,122509.37,0.0,357.0,1.2869104059088334,14.689372901678656,Erratic,1.0,1.6561383928364384,Tier 1
CP06,ME,125,185.032,31451.12256,224.37543911359674,23129.0,3931390.32,2.4,1109.0,1.212630459129214,169.97666652254745,Erratic,1.0245901639344261,1.4704726304079285,Tier 1
CP06,PA,74,12.175675675675675,3598.4150000000004,19.04094946126699,901.0,266282.71,0.0,151.0,1.5638515650763123,295.5412985571587,Erratic,1.0,2.4456317175916316,Tier 2
CP06,PC,125,811.616,19750.321359999998,952.1362973724893,101452.0,2468790.17,0.0,4886.0,1.1731364307412486,24.334563833142766,Erratic,1.0,1.3762490851323164,Tier 1
CP06,SP,103,4.194174757281553,32101.79145631068,3.0423747575272357,432.0,3306484.52,4.854368932038835,13.0,0.7253810185770956,7653.899351851852,Erratic,1.0510204081632653,0.5261776221119446,Tier 2
CP06,TO,103,8.281553398058252,8414.700582524272,6.297241032557091,853.0,866714.16,3.8834951456310676,24.0,0.7603937002970462,1016.0775615474795,Erratic,1.0404040404040404,0.5781985794514342,Tier 2
CP07,BQ,113,14.771739130434783,2875.262010869565,15.821478975079975,2718.0,529048.21,0.0,94.0,1.071064066009829,194.646140544518,Erratic,1.0,1.1471782334975071,Tier 2
CP07,CH,95,6.938356164383562,15051.210410958902,7.719409127593163,1013.0,2197476.7199999997,0.684931506849315,38.0,1.1125703184882545,2169.2761303060215,Erratic,1.006896551724138,1.237812713581056,Tier 2
CP07,FI,125,10.893939393939394,4623.82,8.65386784261929,1438.0,610344.24,0.7575757575757576,53.0,0.7943745168468332,424.4396662030598,Erratic,1.0076335877862597,0.6310308730156398,Tier 2
CP07,GA,111,19.139896373056995,23445.719844559582,17.223291944511427,3694.0,4525023.93,0.5181347150259068,89.0,0.8998633852979712,1224.9658716838114,Erratic,1.0052083333333335,0.8097541121999249,Tier 2
CP07,HT,91,8.66304347826087,24131.474239130435,7.147238264621915,797.0,2220095.63,0.0,30.0,0.8250262488647632,2785.565407779172,Erratic,1.0,0.6806683113158621,Tier 2
CP07,LO,125,112.0952380952381,1456.840904761905,156.73419573018217,23540.0,305936.59,0.4761904761904762,860.0,1.3982234963185325,12.996456669498727,Erratic,1.0047846889952152,1.9550289456572212,Tier 1
CP07,ME,125,267.67605633802816,53526.39417840376,278.9971482227904,57015.0,11401121.96,0.4694835680751174,1184.0,1.0422940028317873,199.96706059808824,Erratic,1.0047169811320753,1.0863767883391098,Tier 1
CP07,PA,100,29.023668639053255,6862.880118343195,31.793409144544455,4905.0,1159826.74,1.7751479289940828,193.0,1.0954304068150893,236.4580509683996,Erratic,1.0180722891566265,1.199967776175072,Tier 1
CP07,PC,125,750.1698113207547,18485.999811320755,1038.363554590292,159036.0,3919031.96,0.0,6538.0,1.3841713421687036,24.64242033250333,Erratic,1.0,1.9159303044811105,Tier 1
CP07,SP,102,3.669172932330827,35334.95706766917,2.3117676711387753,488.0,4699549.29,0.0,11.0,0.6300514349620023,9630.223954918032,Smooth,1.0,0.39696481069767825,Tier 2
CP07,TO,99,13.881188118811881,11138.91891089109,12.050964383577664,1402.0,1125030.81,0.0,50.0,0.8681507865487476,802.4470827389445,Erratic,1.0,0.753685788185209,Tier 2
CP08,BQ,86,9.476744186046512,2135.4202325581396,8.596479093464811,815.0,183646.13999999998,0.0,34.0,0.9071131313349372,225.3326871165644,Erratic,1.0,0.822854233040275,Tier 2
CP08,CH,96,5.5,7923.110208333333,4.235190917215322,528.0,760618.58,0.0,18.0,0.7700347122209675,1440.5654924242424,Erratic,1.0,0.5929534580252283,Tier 2
CP08,FI,121,6.975206611570248,2074.7206611570246,7.002931302815696,844.0,251041.19999999998,0.8264462809917356,58.0,1.003974748389454,297.4421800947867,Erratic,1.0083333333333333,1.0079652954036677,Tier 2
CP08,GA,95,9.673684210526316,10327.239789473684,23.998422867179876,919.0,981087.78,2.1052631578947367,233.0,2.480794529251456,1067.5601523394994,Erratic,1.021505376344086,6.154341496363953,Tier 2
CP08,HT,91,5.912087912087912,10321.563736263737,5.400922455466599,538.0,939262.3,1.098901098901099,28.0,0.9135389283410046,1745.8407063197026,Erratic,1.011111111111111,0.8345533735944312,Tier 2
CP08,LO,119,54.773109243697476,635.8087394957984,74.36504520757892,6518.0,75661.24,0.0,381.0,1.3576926019794249,11.608045412703284,Erratic,1.0,1.843329201469661,Tier 1
CP08,ME,117,71.64957264957265,16674.649914529913,83.11358205111557,8383.0,1950934.04,0.0,377.0,1.1600010855279164,232.72504354049863,Erratic,1.0,1.3456025184259444,Tier 1
CP08,PA,55,8.290909090909091,1824.9640000000002,9.073103775512111,456.0,100373.02,3.6363636363636362,37.0,1.0943436571341363,220.11627192982456,Erratic,1.0377358490566038,1.197588039909716,Tier 2
CP08,PC,123,617.3089430894308,13257.625609756096,786.7885558653461,75929.0,1630687.95,0.0,4687.0,1.274545856937897,21.476483952113156,Erratic,1.0,1.624467141437558,Tier 1
CP08,SP,70,1.8714285714285714,18318.43285714286,1.1537139596195922,131.0,1282290.3,0.0,6.0,0.6164883753692477,9788.475572519084,Smooth,1.0,0.38005791696541447,Tier 2
CP08,TO,61,6.245901639344262,4106.532131147541,5.929181331080254,381.0,250498.46,0.0,22.0,0.9492914992018254,657.4762729658793,Erratic,1.0,0.9011543504568493,Tier 2
CP10,BQ,110,22.990909090909092,7674.497818181818,25.859711661953344,2529.0,844194.76,1.8181818181818181,139.0,1.1247798666725455,333.80575721629106,Erratic,1.0185185185185186,1.2651297484719093,Tier 1
CP10,CH,85,6.341176470588235,12554.181058823528,4.9269737190298875,539.0,1067105.39,1.1764705882352942,26.0,0.7769810132050843,1979.787365491651,Erratic,1.0119047619047619,0.6036994948811993,Tier 2
CP10,FI,111,4.648648648648648,1640.2844144144144,5.316609734251617,516.0,182071.57,3.6036036036036037,43.0,1.143689303298313,352.8518798449613,Erratic,1.0373831775700935,1.3080252224789808,Tier 2
CP10,GA,92,10.728260869565217,21991.325326086957,10.6843865347294,987.0,2023201.93,5.434782608695652,42.0,0.995910396347624,2049.8499797365753,Erratic,1.0574712643678161,0.9918375175532815,Tier 2
CP10,HT,90,6.166666666666667,23348.848666666665,4.59176106335264,555.0,2101396.38,2.2222222222222223,19.0,0.7446099021652929,3786.2997837837834,Erratic,1.0227272727272727,0.554443906402607,Tier 2
CP10,LO,121,80.80165289256199,1183.1139669421489,112.74237740934792,9777.0,143156.79,0.0,567.0,1.3952979100471614,14.642200061368518,Erratic,1.0,1.9468562577819766,Tier 1
CP10,ME,117,114.07692307692308,25158.808376068377,140.94197594597,13347.0,2943580.58,0.8547008547008548,701.0,1.2354994519875995,220.54248745036338,Erratic,1.0086206896551724,1.5264588958616585,Tier 1
CP10,PA,78,19.833333333333332,3897.723717948718,20.68779467427228,1547.0,304022.45,1.282051282051282,81.0,1.0430820844170898,196.52388493859084,Erratic,1.0129870129870129,1.0880202348319008,Tier 2
CP10,PC,123,697.4959349593496,16272.116422764228,768.583478555147,85792.0,2001470.32,0.0,4161.0,1.1019182192078876,23.329335136143232,Erratic,1.0,1.2142237618222822,Tier 1
CP10,SP,115,29.88695652173913,28557.81617391304,29.00416340875827,3437.0,3284148.86,0.8695652173913043,172.0,0.9704622612764624,955.5277451265638,Erratic,1.0087719298245614,0.9417970005618248,Tier 1
CP10,TO,99,9.141414141414142,1825.719393939394,14.055291763290665,905.0,180746.22,4.040404040404041,130.0,1.5375402039400836,199.71958011049725,Erratic,1.0421052631578946,2.364029878732114,Tier 2
CP12,BQ,49,6.1020408163265305,1624.1867346938775,6.00432100643356,299.0,79585.15,2.0408163265306123,23.0,0.9839857167733929,266.1710702341137,Erratic,1.0208333333333333,0.9682278908140477,Tier 2
CP12,CH,35,4.857142857142857,8720.621142857142,4.784428524131279,170.0,305221.74,5.714285714285714,16.0,0.985029402027028,1795.422,Erratic,1.0606060606060606,0.9702829228577244,Tier 2
CP12,FI,31,3.4838709677419355,1232.5490322580647,5.858731192228885,108.0,38209.020000000004,3.225806451612903,25.0,1.6816728422138465,353.7872222222223,Erratic,1.0333333333333334,2.828023548239597,Tier 2
CP12,GA,40,5.9775,8264.043,5.978572314781926,239.1,330561.72,2.5,27.0,1.0001793918497575,1382.5249686323714,Erratic,1.0256410256410255,1.0003588158809507,Tier 2
CP12,HT,26,23.692307692307693,17639.225384615384,40.01376686168821,616.0,458619.86,23.076923076923077,108.0,1.6888927571491776,744.5127597402598,Erratic,1.3,2.852358745150951,Tier 1
CP12,LO,60,15.45,206.65966666666665,19.66708081532717,927.0,12399.58,0.0,73.0,1.272950214584283,13.376030204962245,Erratic,1.0,1.6204022488101721,Tier 2
CP12,ME,56,28.125,8321.7225,48.45356258597222,1575.0,466016.46,8.928571428571429,314.0,1.7227933363901233,295.88346666666666,Erratic,1.0980392156862746,2.9680168799102127,Tier 1
CP12,PA,38,2.789473684210526,255.32894736842104,3.7210714436137815,106.0,9702.5,34.21052631578947,12.0,1.3339690080879596,91.53301886792453,Lumpy,1.52,1.7794733145391748,Tier 2
CP12,PC,73,196.4794520547945,5113.564383561644,230.1078315817416,14343.0,373290.2,0.0,995.0,1.1711546890794908,26.025949940737643,Erratic,1.0,1.371603305752879,Tier 1
CP12,SP,37,2.0,17548.233783783784,1.3944333775567923,74.0,649284.65,2.7027027027027026,6.0,0.6972166887783962,8774.116891891892,Smooth,1.0277777777777777,0.48611111111111094,Tier 2
CP12,TO,35,5.4,1141.7748571428572,5.95670655154142,189.0,39962.12,17.142857142857142,19.0,1.1030938058410036,211.43978835978837,Erratic,1.2068965517241381,1.2168159444847897,Tier 2
CP13,BQ,78,8.038461538461538,3086.7669230769234,6.951487382077079,627.0,240767.82,0.0,27.0,0.8647783346124596,383.9997129186603,Erratic,1.0,0.747841568015099,Tier 2
CP13,CH,91,6.395604395604396,9548.89065934066,4.871411205251218,582.0,868949.0499999999,2.197802197802198,22.0,0.7616811334671147,1493.0396048109965,Erratic,1.0224719101123596,0.5801581490797487,Tier 2
CP13,FI,95,3.2526315789473683,1652.750947368421,2.931735456748079,309.0,157011.34,2.1052631578947367,19.0,0.9013426161523221,508.1273139158576,Erratic,1.021505376344086,0.8124185116923124,Tier 2
CP13,GA,82,6.878048780487805,10689.93487804878,5.464566543081339,564.0,876574.6599999999,2.4390243902439024,21.0,0.7944937172565066,1554.210390070922,Erratic,1.025,0.6312202667600619,Tier 2
CP13,HT,82,7.609756097560975,15681.529999999999,6.45163602097829,624.0,1285885.46,0.0,33.0,0.8478111437824035,2060.7138782051284,Erratic,1.0,0.7187837355216273,Tier 2
CP13,LO,111,33.513513513513516,382.7047747747748,41.45268164696726,3720.0,42480.23,0.0,180.0,1.2368945330143455,11.419416666666667,Erratic,1.0,1.5299080858007759,Tier 1
CP13,ME,109,47.22935779816514,12060.756513761467,55.665773949515625,5148.0,1314622.46,0.9174311926605505,221.0,1.1786265269031087,255.36566822066823,Erratic,1.0092592592592593,1.3891604899196843,Tier 1
CP13,PA,49,5.836734693877551,1054.4524489795917,6.128305022514757,286.0,51668.17,6.122448979591836,21.0,1.0499543570042766,180.65793706293707,Erratic,1.065217391304348,1.102404151792264,Tier 2
CP13,PC,114,455.32456140350877,9682.97298245614,486.23450214152314,51907.0,1103858.92,0.0,2402.0,1.0678855114750156,21.26608973741499,Erratic,1.0,1.1403794656182558,Tier 1
CP13,SP,88,2.9431818181818183,26990.04579545454,1.8529749583972341,259.0,2375124.03,2.272727272727273,10.0,0.6295822252469366,9170.36305019305,Smooth,1.0232558139534884,0.3963737783468845,Tier 2
CP13,TO,61,6.098360655737705,2532.41131147541,5.33761781457105,372.0,154477.09,1.639344262295082,18.0,0.875254534109769,415.2609946236559,Erratic,1.0166666666666666,0.7660704994797087,Tier 2
CP15,BQ,95,12.147368421052631,2325.628105263158,13.359965935945734,1154.0,220934.67,3.1578947368421053,73.0,1.09982388554146,191.45118717504334,Erratic,1.0326086956521738,1.2096125792075143,Tier 2
CP15,CH,87,6.551724137931035,10252.112873563217,7.792003385537286,570.0,891933.82,0.0,56.0,1.1893057798977962,1564.7961754385965,Erratic,1.0,1.4144482380983052,Tier 2
CP15,FI,112,5.294642857142857,1659.953125,3.7910239954876213,593.0,185914.75,0.8928571428571428,18.0,0.7160112773939521,313.5155986509275,Erratic,1.009009009009009,0.512672149355319,Tier 2
CP15,GA,94,12.127659574468085,12177.809255319149,15.97998347567557,1140.0,1144714.07,2.127659574468085,130.0,1.3176477602750032,1004.1351491228071,Erratic,1.0217391304347827,1.7361956201577322,Tier 2
CP15,HT,85,6.2,10315.876,6.546173000492802,527.0,876849.46,2.3529411764705883,31.0,1.0558343549181939,1663.8509677419354,Erratic,1.0240963855421688,1.1147861850255185,Tier 2
CP15,LO,123,62.51219512195122,621.9835772357724,96.64887996040592,7689.0,76503.98,0.0,558.0,1.5460804051411012,9.949795812199245,Erratic,1.0,2.3903646191612715,Tier 1
CP15,ME,116,75.34482758620689,14345.383620689656,101.28977831155916,8740.0,1664064.5,0.8620689655172413,699.0,1.3443494604280164,190.39639588100687,Erratic,1.008695652173913,1.8072754717530988,Tier 1
CP15,PA,67,10.686567164179104,1470.7023880597014,10.248738215350429,716.0,98537.06,1.4925373134328357,38.0,0.9590299726654731,137.62159217877095,Erratic,1.0151515151515151,0.919738488470738,Tier 2
CP15,PC,125,610.248,15018.63696,796.6564570632971,76281.0,1877329.6199999999,0.0,4232.0,1.3054634461125592,24.610710661894835,Erratic,1.0,1.7042348091360786,Tier 1
CP15,SP,56,2.0714285714285716,20703.683392857143,1.1886913026463235,116.0,1159406.27,1.7857142857142856,5.0,0.5738509736913285,9994.881637931034,Smooth,1.018181818181818,0.32930494000648586,Tier 2
CP15,TO,56,5.25,2746.9473214285713,5.514443844041836,294.0,153829.05,5.357142857142857,21.0,1.0503702560079688,523.2280612244898,Erratic,1.0566037735849056,1.103277674706246,Tier 2
CP16,BQ,114,21.54385964912281,5862.066403508771,25.33113106239991,2456.0,668275.57,0.0,101.0,1.1757935427986927,272.0991734527687,Erratic,1.0,1.3824904552871013,Tier 1
CP16,CH,97,10.505154639175258,16995.937216494844,9.172108662657001,1019.0,1648605.91,2.0618556701030926,39.0,0.8731055351106272,1617.8664474975465,Erratic,1.0210526315789474,0.7623132754408146,Tier 2
CP16,FI,113,5.460176991150442,1295.9302654867256,4.754763397730158,617.0,146440.12,1.7699115044247788,33.0,0.8708075590656529,237.34217179902754,Erratic,1.018018018018018,0.7583058049258805,Tier 2
CP16,GA,97,14.31958762886598,30651.816391752578,14.411039165451557,1389.0,2973226.19,2.0618556701030926,58.0,1.006386464397985,2140.5516126709863,Erratic,1.0210526315789474,1.0128137157234767,Tier 2
CP16,HT,94,10.446808510638299,19658.73670212766,10.969769820735838,982.0,1847921.25,2.127659574468085,50.0,1.050059432942127,1881.793533604888,Erratic,1.0217391304347827,1.102624812710741,Tier 2
CP16,LO,122,83.92622950819673,1077.5877868852458,100.80389012833159,10239.0,131465.71,0.0,420.0,1.2011011422654998,12.839702119347592,Erratic,1.0,1.4426439539514884,Tier 1
CP16,ME,114,70.2719298245614,24769.989385964913,84.79723708636831,8011.0,2823778.79,0.8771929824561403,336.0,1.2067014140364485,352.48767819248536,Erratic,1.008849557522124,1.4561283026375642,Tier 1
CP16,PA,54,5.037037037037037,1104.702962962963,4.476196848332016,272.0,59653.96,0.0,26.0,0.8886567272423855,219.3160294117647,Erratic,1.0,0.7897107788731476,Tier 2
CP16,PC,122,611.3032786885246,13185.897213114753,804.6968515934234,74579.0,1608679.46,0.0,4206.0,1.3163627280386925,21.57013985170088,Erratic,1.0,1.7328108317694686,Tier 1
CP16,SP,88,3.4545454545454546,34684.9425,2.638830683696944,304.0,3052274.94,6.8181818181818175,12.0,0.7638720400175364,10040.378092105262,Erratic,1.0731707317073171,0.5835004935205527,Tier 2
CP16,TO,68,7.073529411764706,2090.3391176470586,8.545429391009792,481.0,142143.06,1.4705882352941175,36.0,1.2080856519514884,295.5157172557173,Erratic,1.0149253731343284,1.4594709424510528,Tier 2
CP17,BQ,97,9.65979381443299,1984.8240206185567,9.27012068190294,937.0,192527.93,0.0,39.0,0.9596603053837622,205.47271077908218,Erratic,1.0,0.9209479017292558,Tier 2
CP17,CH,103,14.475728155339805,13587.368446601942,11.583325287226016,1491.0,1399498.95,2.912621359223301,54.0,0.8001894732288931,938.6310865191147,Erratic,1.03,0.6403031930663334,Tier 2
CP17,FI,117,9.264957264957266,3074.171111111111,7.425948403835959,1084.0,359678.01999999996,0.0,45.0,0.8015091911889365,331.8062915129151,Erratic,1.0,0.6424169835603432,Tier 2
CP17,GA,94,12.98904255319149,16152.432446808509,11.89464911496183,1220.97,1518328.65,1.0638297872340425,48.99,0.9157448723608376,1243.5429617435316,Erratic,1.010752688172043,0.8385886712551667,Tier 2
CP17,HT,88,12.215909090909092,20175.338977272728,11.770261438747577,1075.0,1775429.83,2.272727272727273,46.0,0.9635190759160807,1651.5626325581395,Erratic,1.0232558139534884,0.928369009654178,Tier 2
CP17,LO,118,59.6271186440678,631.1474576271186,76.97860693049829,7036.0,74475.4,0.0,419.0,1.2909999456791923,10.58490619670267,Erratic,1.0,1.6666808597436775,Tier 1
CP17,ME,112,57.5625,14457.333125000001,63.84056453525595,6447.0,1619221.31,0.0,237.0,1.1090651819371284,251.15888165038004,Erratic,1.0,1.2300255777852358,Tier 1
CP17,PA,55,7.6,1327.8834545454545,8.054444367805521,418.0,73033.59,3.6363636363636362,30.0,1.059795311553358,174.7215071770335,Erratic,1.0377358490566038,1.1231661023904793,Tier 2
CP17,PC,120,628.5583333333333,16639.429333333333,805.3436115740169,75427.0,1996731.52,0.0,4396.0,1.281255165774617,26.472370901666512,Erratic,1.0,1.6416147998241413,Tier 1
CP17,SP,92,3.0652173913043477,22815.42836956522,1.9712457589888643,282.0,2099019.41,1.0869565217391304,9.0,0.6431014532871473,7443.331241134752,Smooth,1.010989010989011,0.4135794792200409,Tier 2
CP17,TO,62,7.612903225806452,3161.3112903225806,7.540828407572238,472.0,196001.3,0.0,32.0,0.9905325450624549,415.2569915254237,Erratic,1.0,0.9811547228279043,Tier 2
CP18,PC,2,13.0,399.37,8.48528137423857,26.0,798.74,0.0,19.0,0.6527139518645053,30.720769230769232,Smooth,1.0,0.4260355029585798,Tier 2
CP202,BQ,27,1.4814814814814814,564.9499999999999,0.7529618628798984,40.0,15253.65,3.7037037037037033,3.0,0.5082492574439315,381.34125,Smooth,1.0384615384615385,0.2583173076923077,Tier 2
CP202,CH,27,1.3703703703703705,3780.951111111111,0.6877023141843228,37.0,102085.68,0.0,4.0,0.5018368238642356,2759.0724324324324,Smooth,1.0,0.2518401977861438,Tier 2
CP202,FI,12,2.8333333333333335,620.3183333333333,2.2896340848319503,34.0,7443.82,0.0,8.0,0.8081061475877471,218.93588235294118,Erratic,1.0,0.6530355457691097,Tier 2
CP202,GA,86,5.976744186046512,16807.931395348838,5.273634184341944,514.0,1445482.1,2.3255813953488373,27.0,0.8823590269521541,2812.221984435798,Erratic,1.0238095238095237,0.7785574524439521,Tier 2
CP202,HT,2,2.0,6884.015,0.0,4.0,13768.03,0.0,2.0,0.0,3442.0075,Smooth,1.0,0.0,Tier 2
CP202,LO,108,21.787037037037038,335.33916666666664,25.468342425551715,2353.0,36216.63,0.0,117.0,1.168967693140495,15.39168295792605,Erratic,1.0,1.3664854676062106,Tier 1
CP202,ME,108,47.879629629629626,15108.963333333333,50.60230085873559,5171.0,1631768.04,0.9259259259259258,189.0,1.0568649183414125,315.56140785147943,Erratic,1.0093457943925233,1.1169634556208006,Tier 1
CP202,PA,69,12.391304347826088,3109.644492753623,10.160791700430613,855.0,214565.47,1.4492753623188406,37.0,0.819993716175102,250.95376608187135,Erratic,1.0147058823529411,0.6723896945666537,Tier 2
CP202,PC,125,589.608,11621.45952,650.7947609678693,73701.0,1452682.44,0.0,3224.0,1.1037753235503407,19.71048479667847,Erratic,1.0,1.2183199648786593,Tier 1
CP202,SP,94,4.053191489361702,47187.08138297873,2.981545465155111,381.0,4435585.65,1.0638297872340425,18.0,0.7356043929779014,11641.957086614175,Erratic,1.010752688172043,0.5411138229683867,Tier 2
CP202,TO,11,1.2727272727272727,348.72,0.7862453931068965,14.0,3835.92,9.090909090909092,3.0,0.617764237441133,273.9942857142857,Smooth,1.1,0.3816326530612245,Tier 2
CP28,BQ,52,2.8653846153846154,994.3984615384616,1.9904561124136715,149.0,51708.72,1.9230769230769231,10.0,0.6946558244665162,347.03838926174495,Smooth,1.0196078431372548,0.4825467144652554,Tier 2
CP28,CH,84,3.0714285714285716,4836.369166666666,2.2960716283572977,258.0,406255.01,2.380952380952381,10.0,0.7475582045814457,1574.6318217054263,Erratic,1.024390243902439,0.5588432692370346,Tier 2
CP28,FI,53,1.8679245283018868,872.7062264150943,1.225337251049632,99.0,46253.43,1.8867924528301887,6.0,0.6559886293498031,467.2063636363636,Smooth,1.0192307692307692,0.4303210818362333,Tier 2
CP28,GA,76,3.4210526315789473,3746.243026315789,2.8343754533452894,260.0,284714.47,2.631578947368421,13.0,0.8285097479009308,1095.0556538461537,Erratic,1.027027027027027,0.6864284023668639,Tier 2
CP28,HT,76,4.5131578947368425,6773.921052631579,4.343557439250709,343.0,514818.0,3.9473684210526314,20.0,0.9624208903296031,1500.927113702624,Erratic,1.0410958904109588,0.926253970142826,Tier 2
CP28,LO,120,39.35,332.94891666666666,55.42451146007727,4722.0,39953.87,0.0,256.0,1.4085009265585073,8.461217704362559,Erratic,1.0,1.9838748601161738,Tier 1
CP28,ME,95,25.91578947368421,4280.832947368421,30.03248707575194,2462.0,406679.13,4.2105263157894735,152.0,1.1588490138896972,165.18242485783915,Erratic,1.043956043956044,1.3429310369931236,Tier 1
CP28,PA,52,5.480769230769231,631.6242307692307,4.94078815898596,285.0,32844.46,1.9230769230769231,20.0,0.9014771377798945,115.24371929824561,Erratic,1.0196078431372548,0.8126610299398308,Tier 2
CP28,PC,125,555.064,11515.503279999999,755.881623092553,69383.0,1439437.91,0.0,4127.0,1.3617918349821878,20.74626219679172,Erratic,1.0,1.8544770018241543,Tier 1
CP28,SP,40,1.2,8918.801,0.5638694156883471,48.0,356752.04,2.5,3.0,0.4698911797402893,7432.3341666666665,Smooth,1.0256410256410255,0.2207977207977209,Tier 2
CP28,TO,44,24.84090909090909,1825.8022727272728,93.8434974223396,1093.0,80335.3,9.090909090909092,451.0,3.7777803170932684,73.49981701738335,Erratic,1.1,14.271624124217317,Tier 1
CP32,BQ,92,10.23913043478261,1986.9424999999999,10.086842223844583,942.0,182798.71,0.0,43.0,0.9851268413945876,194.0538322717622,Erratic,1.0,0.970474893636077,Tier 2
CP32,CH,75,3.52,7635.390666666665,2.6679276297976755,264.0,572654.2999999999,0.0,13.0,0.757933985737976,2169.1450757575753,Erratic,1.0,0.5744639267366544,Tier 2
CP32,FI,96,3.5104166666666665,1473.2190625,3.521347803168156,337.0,141429.03,1.0416666666666665,23.0,1.0031139142556171,419.6707121661721,Erratic,1.0105263157894737,1.0062375249732256,Tier 2
CP32,GA,84,7.583333333333333,10403.224880952379,8.282960202661577,637.0,873870.8899999999,2.380952380952381,50.0,1.0922584882630653,1371.853830455259,Erratic,1.024390243902439,1.1930286051827166,Tier 2
CP32,HT,81,3.506172839506173,8445.012345679012,2.6130607378614616,284.0,684046.0,1.2345679012345678,13.0,0.7452743653759802,2408.612676056338,Erratic,1.0125,0.5554338796865701,Tier 2
CP32,LO,121,42.82644628099174,612.2173553719008,61.2597852980717,5182.0,74078.3,0.0,303.0,1.4304195332046845,14.295310690852952,Erratic,1.0,2.0461000409735077,Tier 1
CP32,ME,119,52.45378151260504,11063.111344537816,64.39901408593143,6242.0,1316510.25,2.5210084033613445,258.0,1.2277287209589618,210.91160685677667,Erratic,1.0258620689655173,1.5073178122675284,Tier 1
CP32,PA,64,5.609375,1861.54375,4.413605183326406,359.0,119138.8,1.5625,15.0,0.7868265507879943,331.86295264623953,Erratic,1.0158730158730158,0.6190960210249322,Tier 2
CP32,PC,125,598.904,14217.576,761.9551720790829,74863.0,1777197.0,0.0,4000.0,1.2722492621172723,23.739323831532264,Erratic,1.0,1.6186181849579437,Tier 1
CP32,SP,79,1.9493670886075949,12975.302658227847,1.3194670075568993,154.0,1025048.9099999999,0.0,6.0,0.6768694389415263,6656.161753246753,Smooth,1.0,0.4581522373730166,Tier 2
CP32,TO,90,4.3,1958.7487777777778,3.426433924388773,387.0,176287.39,0.0,14.0,0.7968450986950635,455.5229715762274,Erratic,1.0,0.6349621113143454,Tier 2
CP33,BQ,64,3.046875,943.2534375,2.4392926863178617,195.0,60368.22,3.125,13.0,0.8005883688427854,309.5806153846154,Erratic,1.032258064516129,0.6409417363263518,Tier 2
CP33,CH,72,2.486111111111111,3754.2605555555556,1.920923014312926,179.0,270306.76,2.7777777777777777,11.0,0.772661771120283,1510.0936312849162,Erratic,1.0285714285714285,0.5970062125507326,Tier 2
CP33,FI,49,1.816326530612245,672.8612244897959,1.0542269953966885,89.0,32970.2,0.0,5.0,0.5804171098251432,370.4516853932584,Smooth,1.0,0.3368840213777723,Tier 2
CP33,GA,77,4.467532467532467,5237.448311688312,3.640360073227342,344.0,403283.52,0.0,18.0,0.8148480396468178,1172.3358139534885,Erratic,1.0,0.6639773277162621,Tier 2
CP33,HT,64,5.53125,9446.87453125,5.309376999892184,354.0,604599.97,0.0,23.0,0.9598873672121462,1707.9095197740112,Erratic,1.0,0.9213837577334656,Tier 2
CP33,LO,111,18.792792792792792,131.53243243243244,26.682345922867874,2086.0,14600.1,1.8018018018018018,140.0,1.4198180237000644,6.99908916586769,Erratic,1.018348623853211,2.0158832204235564,Tier 2
CP33,ME,108,22.425925925925927,4743.358425925926,27.391998184783997,2422.0,512282.71,0.0,104.0,1.2214433542347942,211.5122667217176,Erratic,1.0,1.491923867604345,Tier 1
CP33,PA,56,6.392857142857143,726.8330357142858,4.773710473867438,358.0,40702.65,0.0,19.0,0.7467256607166942,113.69455307262571,Erratic,1.0,0.5575992123727835,Tier 2
CP33,PC,125,259.76,5909.9576,297.3268105268419,32470.0,738744.7,0.0,1593.0,1.1446212293149134,22.751607637819525,Erratic,1.0,1.3101577585983835,Tier 1
CP33,SP,48,1.5416666666666667,12813.313750000001,0.8494887907875883,74.0,615039.06,0.0,5.0,0.5510197561865438,8311.338648648649,Smooth,1.0,0.3036227717078781,Tier 2
CP33,TO,38,4.078947368421052,1009.9547368421053,3.544173589087798,155.0,38378.28,2.631578947368421,14.0,0.8688941702279763,247.6018064516129,Erratic,1.027027027027027,0.7549770790561635,Tier 2
CP35,BQ,97,7.309278350515464,1921.075154639175,7.4195137205073785,709.0,186344.28999999998,4.123711340206185,32.0,1.0150815668395143,262.8269252468265,Erratic,1.043010752688172,1.0303905873373633,Tier 2
CP35,CH,104,7.375,11189.551442307693,5.920488532715811,767.0,1163713.35,0.0,29.0,0.8027781061309573,1517.2273142112126,Erratic,1.0,0.6444526876832066,Tier 2
CP35,FI,97,3.154639175257732,1215.4259793814433,2.4551824702451976,306.0,117896.31999999999,1.0309278350515463,13.0,0.7782767961234777,385.28209150326796,Erratic,1.0104166666666667,0.6057147713842252,Tier 2
CP35,GA,95,8.27357894736842,10089.977263157894,9.110847978352975,785.99,958547.84,3.1578947368421053,66.0,1.1011979261104248,1219.5420297968167,Erratic,1.0326086956521738,1.2126368724699006,Tier 2
CP35,HT,94,11.861702127659575,24481.599680851064,10.543918456932747,1115.0,2301270.37,0.0,67.0,0.888904336279532,2063.919614349776,Erratic,1.0,0.7901509190565553,Tier 2
CP35,LO,122,98.06557377049181,1265.3498360655738,138.93804658375987,11964.0,154372.68,0.0,721.0,1.4167871684402125,12.90309929789368,Erratic,1.0,2.007285880656835,Tier 1
CP35,ME,118,47.45762711864407,12468.497627118644,55.637508725924185,5600.0,1471282.72,0.847457627118644,194.0,1.1723617910105453,262.72905714285713,Erratic,1.0085470085470085,1.3744321690214534,Tier 1
CP35,PA,59,7.338983050847458,1406.3674576271185,9.02030309432565,433.0,82975.68,5.084745762711865,35.0,1.2290944170097307,191.62974595842954,Erratic,1.0535714285714286,1.5106730859244897,Tier 2
CP35,PC,122,909.1229508196722,20497.446721311477,1082.1258353819753,110913.0,2500688.5,0.0,6177.0,1.190296465848016,22.54639672536132,Erratic,1.0,1.416805676610277,Tier 1
CP35,SP,93,2.946236559139785,26359.41548387097,1.8845227247112861,274.0,2451425.64,1.0752688172043012,9.0,0.6396372751757284,8946.80890510949,Smooth,1.0108695652173914,0.40913584379423057,Tier 2
CP35,TO,61,8.62295081967213,2224.441967213115,8.165300432166656,526.0,135690.96,1.639344262295082,36.0,0.9469264759736997,257.9676045627376,Erratic,1.0166666666666666,0.8966697508999697,Tier 2
CP36,BQ,109,17.853211009174313,3337.621467889908,27.138132829707367,1946.0,363800.74,0.9174311926605505,233.0,1.5200701328047805,186.94796505652621,Erratic,1.0092592592592593,2.310613208645143,Tier 2
CP36,CH,92,9.5,9397.091086956521,11.208807369089836,874.0,864532.38,0.0,63.0,1.1798744599041933,989.1674828375286,Erratic,1.0,1.3921037411342116,Tier 2
CP36,FI,109,5.972477064220183,780.9268807339449,4.42312675477664,651.0,85121.03,0.0,21.0,0.7405849712298829,130.75427035330262,Erratic,1.0,0.5484660996115664,Tier 2
CP36,GA,103,17.854368932038835,13690.836116504854,22.48459506059705,1839.0,1410156.1199999999,0.9708737864077669,115.0,1.2593329479290356,766.8059380097878,Erratic,1.0098039215686274,1.5859194737396352,Tier 2
CP36,HT,85,4.011764705882353,10521.267294117646,3.46236265894733,341.0,894307.72,5.88235294117647,16.0,0.8630522756906834,2622.603284457478,Erratic,1.0625,0.7448592305748675,Tier 2
CP36,LO,125,96.952,1126.45272,149.0367380558317,12119.0,140806.59,0.0,975.0,1.5372219041982806,11.618664081194817,Erratic,1.0,2.3630511827469878,Tier 1
CP36,ME,120,78.21666666666667,12248.293833333333,95.99099951972329,9386.0,1469795.26,0.8333333333333334,600.0,1.22724482658926,156.59442360963138,Erratic,1.0084033613445378,1.5061298643901027,Tier 1
CP36,PA,79,15.151898734177216,2364.9717721518987,15.925377753918376,1197.0,186832.77,5.063291139240507,69.0,1.0510483229403105,156.08418546365914,Erratic,1.0533333333333332,1.1047025771556391,Tier 2
CP36,PC,125,750.52,17551.42824,1065.7079851804713,93815.0,2193928.5300000003,0.0,6239.0,1.4199594750046252,23.38569024143261,Erratic,1.0,2.016284910655411,Tier 1
CP36,SP,69,2.6666666666666665,19523.67086956522,4.461161371696133,184.0,1347133.29,2.898550724637681,35.0,1.67293551438605,7321.376576086956,Erratic,1.0298507462686568,2.7987132352941178,Tier 2
CP36,TO,93,7.053763440860215,4307.510430107527,7.185985139261866,656.0,400598.47000000003,2.1505376344086025,27.0,1.018744844438039,610.668399390244,Erratic,1.021978021978022,1.0378410580690842,Tier 2
CP37,BQ,73,4.863013698630137,1170.136712328767,4.534788579211061,355.0,85419.98,0.0,20.0,0.9325058205138238,240.61966197183096,Erratic,1.0,0.8695671052921597,Tier 2
CP37,CH,85,5.294117647058823,12354.450823529412,4.1456331856308655,450.0,1050128.32,0.0,23.0,0.783064046174719,2333.6184888888893,Erratic,1.0,0.6131893004115225,Tier 2
CP37,FI,97,2.6391752577319587,1659.8118556701031,2.558423859732416,256.0,161001.75,5.154639175257731,14.0,0.9694027906017357,628.9130859375,Erratic,1.0543478260869565,0.9397417704264327,Tier 2
CP37,GA,93,8.258064516129032,15212.708387096773,21.76150531568274,768.0,1414781.88,0.0,209.0,2.635182284320957,1842.1639062499999,Erratic,1.0,6.9441856715990165,Tier 2
CP37,HT,99,6.0606060606060606,20170.12797979798,5.1839984997363775,600.0,1996842.67,0.0,33.0,0.8553597524565023,3328.0711166666665,Erratic,1.0,0.7316403061224489,Tier 2
CP37,LO,125,55.24,966.5484799999999,67.1329206295843,6905.0,120818.56,0.0,324.0,1.2152954494855956,17.497257060101376,Erratic,1.0,1.476943029540396,Tier 1
CP37,ME,124,84.34677419354838,21069.95612903226,105.56899985008371,10459.0,2612674.56,0.8064516129032258,866.0,1.251606844001375,249.8015642030787,Erratic,1.008130081300813,1.5665196919510822,Tier 1
CP37,PA,84,15.845238095238095,2750.7409523809524,18.12240445735945,1331.0,231062.24,1.1904761904761905,116.0,1.143712978526066,173.60048084147257,Erratic,1.0120481927710843,1.3080793772489656,Tier 2
CP37,PC,125,1046.6,23650.82856,1154.9303428234075,130825.0,2956353.5700000003,0.0,5932.0,1.103506920335761,22.59777236766673,Erratic,1.0,1.2177275232289158,Tier 1
CP37,SP,99,3.1616161616161618,33756.24686868687,2.709420717916454,313.0,3341868.44,4.040404040404041,18.0,0.8569733261141499,10676.895974440895,Erratic,1.0421052631578946,0.7344032816711491,Tier 2
CP37,TO,106,10.19811320754717,4819.118679245284,8.568402430770476,1081.0,510826.58,0.0,38.0,0.8401948729525166,472.5500277520814,Erratic,1.0,0.7059274245356956,Tier 2
CP39,BQ,56,3.875,1188.9717857142857,3.653454156374111,217.0,66582.42,0.0,19.0,0.9428268790642867,306.83142857142855,Erratic,1.0,0.8889225238861032,Tier 2
CP39,CH,83,3.3373493975903616,6113.535662650602,2.405669667091529,277.0,507423.45999999996,0.0,12.0,0.7208324273234545,1831.8536462093862,Erratic,1.0,0.5195993882810234,Tier 2
CP39,FI,70,2.8714285714285714,787.5567142857143,3.2209523687087773,201.0,55128.97,0.0,18.0,1.1217247055204698,274.2734825870647,Erratic,1.0,1.2582663149749846,Tier 2
CP39,GA,84,6.130952380952381,6762.643214285715,6.255175711235299,515.0,568062.03,1.1904761904761905,35.0,1.020261669405369,1103.0330679611652,Erratic,1.0120481927710843,1.0409338740578304,Tier 2
CP39,HT,76,5.618421052631579,10356.687894736842,4.890718025711309,427.0,787108.28,2.631578947368421,24.0,0.870479086543465,1843.344918032787,Erratic,1.027027027027027,0.7577338401095451,Tier 2
CP39,LO,103,33.70873786407767,271.12631067961166,43.37629041262083,3472.0,27926.01,0.9708737864077669,186.0,1.2867966337845467,8.04320564516129,Erratic,1.0098039215686274,1.6558455767192408,Tier 1
CP39,ME,103,27.87378640776699,5345.493203883496,28.598532668944337,2871.0,550585.8,0.0,102.0,1.026000997875746,191.77492163009407,Erratic,1.0,1.0526780476420268,Tier 1
CP39,PA,56,3.9642857142857144,634.3339285714285,3.6129277259926957,222.0,35522.7,1.7857142857142856,15.0,0.9113691561062656,160.01216216216216,Erratic,1.018181818181818,0.8305937387018466,Tier 2
CP39,PC,125,268.088,5530.34896,310.9286043969871,33511.0,691293.62,0.0,1650.0,1.159800529665584,20.628856793291753,Erratic,1.0,1.345137268612569,Tier 1
CP39,SP,70,1.9,16198.327428571427,1.1312427435911074,133.0,1133882.92,2.857142857142857,5.0,0.5953909176795302,8525.435488721803,Smooth,1.0294117647058822,0.35449034485527314,Tier 2
CP39,TO,44,4.159090909090909,1033.841818181818,3.2273769449867036,183.0,45489.04,2.272727272727273,12.0,0.7759813419640161,248.57398907103826,Erratic,1.0232558139534884,0.6021470430762753,Tier 2
CP40,BQ,23,2.0,875.8004347826087,1.3483997249264839,46.0,20143.41,4.3478260869565215,6.0,0.6741998624632419,437.90021739130435,Smooth,1.0454545454545454,0.4545454545454543,Tier 2
CP40,CH,25,5.96,6673.6748,4.485903847981287,149.0,166841.87,0.0,19.0,0.7526684308693435,1119.7440939597316,Erratic,1.0,0.5665097668273198,Tier 2
CP40,FI,4,1.75,1180.1925,0.5,7.0,4720.77,0.0,2.0,0.2857142857142857,674.3957142857143,Smooth,1.0,0.08163265306122448,Tier 2
CP40,GA,28,2.642857142857143,2852.102142857143,2.0586634591635513,74.0,79858.86,10.714285714285714,6.0,0.7789537413051275,1079.1737837837838,Erratic,1.12,0.6067689310932555,Tier 2
CP40,HT,21,2.5714285714285716,7790.092380952381,1.8860389330930727,54.0,163591.94,4.761904761904762,7.0,0.7334595850917505,3029.4803703703706,Erratic,1.05,0.5379629629629628,Tier 2
CP40,LO,58,10.241379310344827,125.09241379310345,11.355978941211923,594.0,7255.36,0.0,52.0,1.1088329605897165,12.214410774410775,Erratic,1.0,1.2295105344901558,Tier 2
CP40,ME,46,16.608695652173914,4409.168260869565,18.445689964348567,764.0,202821.74,2.1739130434782608,70.0,1.1106043695811965,265.47348167539263,Erratic,1.0222222222222221,1.2334420657328469,Tier 2
CP40,PA,23,3.347826086956522,656.7482608695652,2.639020060073503,77.0,15105.210000000001,4.3478260869565215,9.0,0.7882787192427346,196.17155844155846,Erratic,1.0454545454545454,0.621383339210966,Tier 2
CP40,PC,71,205.32394366197184,4536.919718309859,252.61245160170813,14578.0,322121.3,0.0,1071.0,1.2303117069365672,22.096398682946905,Erratic,1.0,1.5136668962251696,Tier 1
CP40,SP,29,1.6551724137931034,15663.31620689655,0.9737945687202026,48.0,454236.17,0.0,5.0,0.5883342186017891,9463.253541666667,Smooth,1.0,0.3461371527777778,Tier 2
CP40,TO,24,4.875,1234.4566666666667,4.533090892920443,117.0,29626.960000000003,0.0,20.0,0.9298647985477831,253.22188034188036,Erratic,1.0,0.8646485435783093,Tier 2
CP44,BQ,75,7.8,1655.7350666666666,7.317140188662545,585.0,124180.12999999999,1.3333333333333335,31.0,0.9380948959823776,212.2737264957265,Erratic,1.0135135135135136,0.8800220338681879,Tier 2
CP44,CH,86,3.872093023255814,5462.991860465117,2.721576150723336,333.0,469817.3,0.0,12.0,0.7028695164030236,1410.8627627627627,Erratic,1.0,0.49402555708862034,Tier 2
CP44,FI,94,3.276595744680851,1140.073404255319,2.624959826908771,308.0,107166.9,1.0638297872340425,14.0,0.8011241030176118,347.9444805194805,Erratic,1.010752688172043,0.6417998284357731,Tier 2
CP44,GA,86,5.476744186046512,6954.149767441861,5.491655154303602,471.0,598056.88,2.3255813953488373,35.0,1.0027225971764537,1269.75983014862,Erratic,1.0238095238095237,1.0054526068882927,Tier 2
CP44,HT,76,5.144736842105263,9228.010394736842,4.551055401020503,391.0,701328.79,2.631578947368421,20.0,0.8846041188684354,1793.679769820972,Erratic,1.027027027027027,0.7825244471190009,Tier 2
CP44,LO,121,45.0,615.0680165289256,54.69049277525299,5445.0,74423.23,0.8264462809917356,293.0,1.215344283894511,13.668178145087236,Erratic,1.0083333333333333,1.4770617283950618,Tier 1
CP44,ME,106,29.641509433962263,7511.0368867924535,35.849470655385396,3142.0,796169.91,1.8867924528301887,162.0,1.2094347197552044,253.39589751750478,Erratic,1.0192307692307692,1.4627323413493498,Tier 1
CP44,PA,49,6.020408163265306,934.7022448979593,4.4276112630399975,295.0,45800.41,0.0,16.0,0.7354337352168132,155.25562711864407,Erratic,1.0,0.5408627788949537,Tier 2
CP44,PC,123,347.130081300813,7405.706991869918,411.44206530700257,42697.0,910901.96,0.0,2462.0,1.1852676776532618,21.334097477574534,Erratic,1.0,1.4048594676895565,Tier 1
CP44,SP,55,1.7272727272727273,17180.072363636362,1.1619674479813753,95.0,944903.98,1.8181818181818181,5.0,0.6727179961997436,9946.357684210527,Smooth,1.0185185185185186,0.45254950241099823,Tier 2
CP44,TO,47,4.8936170212765955,1733.1525531914892,4.805947594899614,230.0,81458.17,0.0,17.0,0.9820849433055733,354.16595652173913,Erratic,1.0,0.964490835867511,Tier 2
CP45,BQ,103,9.407766990291263,2174.6892233009708,9.01353763242028,969.0,223992.99,0.0,41.0,0.9580953314130947,231.15891640866872,Erratic,1.0,0.9179466640755677,Tier 2
CP45,CH,65,2.4,5515.364153846153,1.5890248582070698,156.0,358498.67,1.5384615384615385,8.0,0.6620936909196125,2298.068397435897,Smooth,1.015625,0.4383680555555553,Tier 2
CP45,FI,60,2.8,462.6181666666667,2.468788215752272,168.0,27757.09,3.3333333333333335,11.0,0.881710077054383,165.22077380952382,Erratic,1.0344827586206897,0.777412659979246,Tier 2
CP45,GA,55,3.327272727272727,4153.547272727273,3.6263160852535115,183.0,228445.09999999998,3.6363636363636362,18.0,1.089876419065263,1248.3338797814206,Erratic,1.0377358490566038,1.1878306088345207,Tier 2
CP45,HT,68,2.7205882352941178,7449.613382352942,1.7691011988577205,185.0,506573.71,0.0,9.0,0.650264224445,2738.2362702702703,Smooth,1.0,0.4228435615930573,Tier 2
CP45,LO,117,28.17094017094017,438.79333333333335,41.28105739889093,3296.0,51338.82,0.8547008547008548,193.0,1.4653773409193687,15.576098300970873,Erratic,1.0086206896551724,2.14733075127992,Tier 1
CP45,ME,117,31.76068376068376,4985.436923076923,38.76490804942229,3716.0,583296.12,1.7094017094017095,171.0,1.2205312814269127,156.9688159311087,Erratic,1.017391304347826,1.4896966089416215,Tier 1
CP45,PA,49,5.224489795918367,1007.8948979591836,4.528913161208626,256.0,49386.85,0.0,19.0,0.8668622847625886,192.9173828125,Erratic,1.0,0.7514502207438153,Tier 2
CP45,PC,125,395.168,9479.19968,454.652645433852,49396.0,1184899.96,0.0,2429.0,1.1505300161800853,23.98777147947202,Erratic,1.0,1.3237193181313474,Tier 1
CP45,SP,71,2.295774647887324,15928.234647887322,1.2693571623596736,163.0,1130904.66,0.0,5.0,0.5529101750155633,6938.065398773006,Smooth,1.0,0.3057096616357408,Tier 2
CP45,TO,73,2.835616438356164,425.01260273972605,1.900392493306295,207.0,31025.920000000002,1.36986301369863,9.0,0.6701867246925582,149.88367149758454,Smooth,1.0138888888888888,0.4491502459541389,Tier 2
CP46,BQ,84,6.178571428571429,1663.1634523809525,5.183757566949749,519.0,139705.73,0.0,25.0,0.8389896640149883,269.18252408477844,Erratic,1.0,0.703903656323983,Tier 2
CP46,CH,61,1.9836065573770492,3768.232950819672,1.3101119962136638,121.0,229862.21,3.278688524590164,6.0,0.6604696840415991,1899.6876859504132,Smooth,1.0338983050847457,0.4362202035380098,Tier 2
CP46,FI,60,3.9166666666666665,926.9401666666666,3.8764463311378496,235.0,55616.409999999996,1.6666666666666667,20.0,0.9897309781628553,236.66557446808508,Erratic,1.0169491525423728,0.9795674091352022,Tier 2
CP46,GA,73,3.452054794520548,4223.440410958904,2.9535341160605606,252.0,308311.15,1.36986301369863,15.0,0.855587263779448,1223.4569444444446,Erratic,1.0138888888888888,0.7320295659416028,Tier 2
CP46,HT,48,3.2708333333333335,7997.807083333333,3.305312186841398,157.0,383894.74,0.0,20.0,1.010541305531128,2445.1894267515922,Erratic,1.0,1.0211937301845568,Tier 2
CP46,LO,92,17.434782608695652,223.35184782608695,20.570064853667574,1604.0,20548.37,0.0,94.0,1.179829156195397,12.810704488778054,Erratic,1.0,1.3919968378087426,Tier 2
CP46,ME,103,38.20388349514563,7332.583980582524,41.20021873711707,3935.0,755256.15,0.0,152.0,1.0784301219626578,191.93294790343074,Erratic,1.0,1.1630115279563928,Tier 1
CP46,PA,53,6.320754716981132,935.8856603773586,6.228883048736193,335.0,49601.94,3.7735849056603774,32.0,0.9854650793522931,148.06549253731345,Erratic,1.0392156862745099,0.9711414226228213,Tier 2
CP46,PC,112,213.5625,5156.24,171.41371801937333,23919.0,577498.88,0.0,774.0,0.8026395927158249,24.14393912788996,Erratic,1.0,0.6442303157950252,Tier 1
CP46,SP,69,2.2028985507246377,23310.706666666665,1.4305460716405132,152.0,1608438.76,2.898550724637681,6.0,0.6493926246262856,10581.833947368421,Smooth,1.0298507462686568,0.4217107809190158,Tier 2
CP46,TO,33,1.878787878787879,1040.2363636363636,1.192622524040396,62.0,34327.8,3.0303030303030303,5.0,0.6347829563440818,553.6741935483872,Smooth,1.03125,0.4029494016649324,Tier 2
CP47,BQ,70,16.585714285714285,3843.0284285714283,16.85702266862442,1161.0,269011.99,0.0,65.0,1.0163579559032812,231.70714039621015,Erratic,1.0,1.032983494527896,Tier 2
CP47,CH,43,3.604651162790698,5125.913023255814,3.691299518776557,155.0,220414.25999999998,4.651162790697675,14.0,1.024037931015432,1422.0274838709677,Erratic,1.048780487804878,1.0486536841583665,Tier 2
CP47,FI,39,3.8846153846153846,1493.8884615384616,4.119053190999528,151.5,58261.65,0.0,21.0,1.0603503263959182,384.5653465346535,Erratic,1.0,1.1243428146879302,Tier 2
CP47,GA,55,15.10909090909091,9669.700363636364,37.16961758453363,831.0,531833.52,7.2727272727272725,208.0,2.4600829929595065,639.992202166065,Erratic,1.0784313725490196,6.052008332248604,Tier 2
CP47,HT,23,4.130434782608695,21735.873043478263,4.545770739990454,95.0,499925.08,30.434782608695656,14.0,1.1005550212608468,5262.369263157895,Lumpy,1.4375,1.211221354822463,Tier 2
CP47,LO,58,12.482758620689655,172.5308620689655,13.992781822557527,724.0,10006.789999999999,1.7241379310344827,55.0,1.1209687095419014,13.82153314917127,Erratic,1.0175438596491229,1.2565708477720356,Tier 2
CP47,ME,60,15.65,5267.2339999999995,18.906392964160407,939.0,316034.04,1.6666666666666667,81.0,1.208076227741879,336.56447284345046,Erratic,1.0169491525423728,1.4594481720350485,Tier 2
CP47,PA,21,3.8095238095238093,402.0571428571428,2.874352929252906,80.0,8443.199999999999,0.0,10.0,0.7545176439288879,105.53999999999999,Erratic,1.0,0.569296875,Tier 2
CP47,PC,73,313.0753424657534,6693.841232876712,304.6784925589696,22854.5,488650.41,0.0,1199.0,0.9731794594852121,21.380927607254588,Erratic,1.0,0.9470782603639296,Tier 1
CP47,SP,35,1.9714285714285715,19520.547142857144,2.0071301473923975,69.0,683219.15,22.857142857142858,7.0,1.0181094950541145,9901.726811594202,Erratic,1.2962962962962963,1.036546943919344,Tier 2
CP47,TO,27,5.777777777777778,1359.9074074074074,6.600310792993202,156.0,36717.5,22.22222222222222,28.0,1.1423614834026696,235.36858974358975,Erratic,1.2857142857142858,1.304989758761948,Tier 2
CP48,BQ,91,7.989010989010989,1372.3074725274726,8.303271785526615,727.0,124879.98,2.197802197802198,39.0,1.0393366334015433,171.7743878954608,Erratic,1.0224719101123596,1.080220637530454,Tier 2
CP48,CH,95,5.157894736842105,7513.309052631579,4.022055654877172,490.0,713764.36,1.0526315789473684,22.0,0.7797863004353701,1456.6619591836734,Erratic,1.0106382978723405,0.6080666743466813,Tier 2
CP48,FI,94,2.8191489361702127,1205.568510638298,2.2092803574941797,265.0,113323.44,1.0638297872340425,11.0,0.7836692588847279,427.6356226415094,Erratic,1.010752688172043,0.6141375073209387,Tier 2
CP48,GA,87,4.310344827586207,7722.174712643678,3.5839121953386854,375.0,671829.2,6.896551724137931,17.0,0.831467629318575,1791.5445333333332,Erratic,1.0740740740740742,0.6913384186046512,Tier 2
CP48,HT,85,6.070588235294117,11225.414823529412,4.970839335311391,516.0,954160.26,1.1764705882352942,23.0,0.8188398129873415,1849.1477906976745,Erratic,1.0119047619047619,0.6704986393331445,Tier 2
CP48,LO,121,56.289256198347104,874.7545454545455,79.3863378271653,6811.0,105845.3,0.8264462809917356,339.0,1.4103284212431364,15.540346498311555,Erratic,1.0083333333333333,1.9890262557661575,Tier 1
CP48,ME,113,51.85840707964602,12067.82168141593,57.19013826960984,5860.0,1363663.85,0.0,224.0,1.1028132464958893,232.70714163822527,Erratic,1.0,1.216197056646803,Tier 1
CP48,PA,48,5.5,1083.2329166666666,4.400193419346424,264.0,51995.18,2.083333333333333,19.0,0.8000351671538953,196.95143939393938,Erratic,1.0212765957446808,0.6400562686829613,Tier 2
CP48,PC,123,596.4634146341464,13400.346341463415,761.736167189558,73365.0,1648242.6,0.0,4165.0,1.2770878288600236,22.46633408300961,Erratic,1.0,1.6309533226224089,Tier 1
CP48,SP,63,1.9206349206349207,18221.68396825397,1.1115462537585883,121.0,1147966.09,0.0,6.0,0.5787389585685212,9487.323057851241,Smooth,1.0,0.3349387821649765,Tier 2
CP48,TO,55,5.818181818181818,2383.939272727273,5.673495588131905,320.0,131116.66,3.6363636363636362,26.0,0.9751320542101711,409.73956250000003,Erratic,1.0377358490566038,0.9508825231481481,Tier 2
