store_code,city,division_code,n_weeks,n_nonzero,avg_units,avg_revenue,median_units,std_units,total_units,cv,zero_rate,tier,prophet_eligible
CP02,Blainville,BQ,74,71,5.405405405405405,1775.8221621621622,4.0,5.012092005515381,400.0,0.9272370210203456,0.04054054054054057,naive,False
CP02,Blainville,CH,76,76,6.828947368421052,13889.738552631577,6.0,5.60568320640101,519.0,0.8208707585481249,0.0,naive,False
CP02,Blainville,FI,87,84,4.689655172413793,2038.9303448275862,3.0,6.515295679145196,408.0,1.3892909904059612,0.03448275862068961,naive,False
CP02,Blainville,GA,97,96,9.608247422680412,13230.622783505154,7.0,8.410752915453585,932.0,0.8753680609431307,0.010309278350515427,naive,False
CP02,Blainville,HT,84,84,5.642857142857143,16464.184761904762,4.0,4.614390422070693,474.0,0.817740074797338,0.0,naive,False
CP02,Blainville,LO,117,117,69.57264957264957,950.3386324786325,21.0,94.32978798172859,8140.0,1.3558458469118237,0.0,naive,False
CP02,Blainville,ME,109,107,87.63302752293578,18106.311743119266,44.0,99.8440135773333,9552.0,1.1393422822371577,0.01834862385321101,xgboost,False
CP02,Blainville,PA,71,68,12.112676056338028,2988.6021126760565,8.0,10.949950157452966,860.0,0.9040075129990239,0.04225352112676062,naive,False
CP02,Blainville,PC,117,117,620.1538461538462,15750.53641025641,372.0,709.5111553566984,72558.0,1.1440889381837112,0.0,xgboost,False
CP02,Blainville,SP,88,86,2.125,20117.40659090909,2.0,1.2206320201992213,187.0,0.5744150683290453,0.022727272727272707,naive,False
CP02,Blainville,TO,90,89,8.488888888888889,5796.749777777777,5.0,8.085559946623176,764.0,0.9524874282671281,0.011111111111111072,naive,False
CP04,Drummondville,BQ,65,65,4.707692307692308,927.7358461538462,4.0,4.421973106413714,306.0,0.9393080128002986,0.0,naive,False
CP04,Drummondville,CH,98,98,5.76530612244898,8856.858877551022,5.0,4.335899103916462,565.0,0.7520674551925898,0.0,naive,False
CP04,Drummondville,FI,115,112,5.208695652173913,1316.2522608695654,4.0,6.379099166691932,599.0,1.2247018433548786,0.02608695652173909,naive,False
CP04,Drummondville,GA,90,90,7.777777777777778,10404.360666666666,6.0,7.685938975010827,700.0,0.9881921539299635,0.0,naive,False
CP04,Drummondville,HT,91,91,9.780219780219781,15307.801978021978,8.0,8.749351973212644,890.0,0.8945966624296073,0.0,naive,False
CP04,Drummondville,LO,125,125,85.536,987.15208,33.0,110.92125541674059,10692.0,1.2967786127097432,0.0,xgboost,False
CP04,Drummondville,ME,117,116,45.76068376068376,9501.697350427352,16.0,54.97172463979339,5354.0,1.2012872213029187,0.008547008547008517,naive,False
CP04,Drummondville,PA,67,66,7.029850746268656,1001.1661194029851,5.0,6.105065331727296,471.0,0.8684487839187449,0.014925373134328401,naive,False
CP04,Drummondville,PC,125,125,532.76,11332.62672,190.0,626.9186858833268,66595.0,1.1767375288747781,0.0,xgboost,False
CP04,Drummondville,SP,82,82,2.8902439024390243,24165.89024390244,2.0,1.9876538534190864,237.0,0.687711459832764,0.0,naive,False
CP04,Drummondville,TO,51,49,8.03921568627451,1561.8319607843139,5.0,7.8611978331898635,410.0,0.9778563158358123,0.039215686274509776,naive,False
CP05,Sherbrooke,BQ,60,60,13.55,4820.734166666666,6.0,14.997655183959559,813.0,1.106838020956425,0.0,naive,False
CP05,Sherbrooke,CH,42,39,11.0,13829.263809523809,5.0,11.292129786800679,462.0,1.0265572533455163,0.0714285714285714,naive,False
CP05,Sherbrooke,FI,72,71,6.055555555555555,3254.231388888889,4.0,7.479340350684488,436.0,1.235120424883677,0.01388888888888884,naive,False
CP05,Sherbrooke,GA,58,57,12.637931034482758,16782.178620689654,8.5,13.231671568112187,733.0,1.046980833493188,0.017241379310344862,naive,False
CP05,Sherbrooke,HT,31,24,9.419354838709678,75091.48096774194,10.0,8.815797160205792,292.0,0.9359236711177381,0.22580645161290325,naive,False
CP05,Sherbrooke,LO,77,77,62.675324675324674,1154.993896103896,20.0,87.18966645049437,4826.0,1.391132266201423,0.0,naive,False
CP05,Sherbrooke,ME,76,76,104.8157894736842,33061.25171052632,27.5,144.3592472988889,7966.0,1.3772662308204315,0.0,xgboost,False
CP05,Sherbrooke,PA,45,42,15.177777777777777,4892.645333333334,9.0,16.00751086335424,683.0,1.0546676264289032,0.06666666666666665,naive,False
CP05,Sherbrooke,PC,77,77,1069.6623376623377,22169.0487012987,414.0,1515.8807289770314,82364.0,1.4171581774954034,0.0,xgboost,False
CP05,Sherbrooke,SP,60,57,6.866666666666666,69284.03133333333,5.0,6.850625770418909,412.0,0.9976639471483849,0.050000000000000044,naive,False
CP05,Sherbrooke,TO,50,46,15.5,6773.77,6.0,19.192100841072026,775.0,1.2382000542627114,0.07999999999999996,naive,False
CP06,Granby,BQ,105,104,19.047619047619047,5584.993619047618,9.0,20.888615298392782,2000.0,1.096652303165621,0.00952380952380949,naive,False
CP06,Granby,CH,93,91,6.032258064516129,13690.1788172043,5.0,4.753606440750894,561.0,0.7880310142421268,0.021505376344086002,naive,False
CP06,Granby,FI,116,114,9.051724137931034,3610.267931034483,5.0,18.079940759611592,1050.0,1.9974029791570904,0.017241379310344862,naive,False
CP06,Granby,GA,103,102,30.25242718446602,25728.94776699029,15.0,50.25068889325894,3116.0,1.6610465198991242,0.009708737864077666,naive,False
CP06,Granby,HT,93,92,5.967741935483871,11120.987096774194,5.0,4.792320879379812,555.0,0.8030375527609415,0.010752688172043001,naive,False
CP06,Granby,LO,125,125,66.72,980.0749599999999,26.0,85.86266228223737,8340.0,1.2869104059088334,0.0,naive,False
CP06,Granby,ME,125,122,185.032,31451.12256,96.0,224.37543911359674,23129.0,1.212630459129214,0.02400000000000002,xgboost,False
CP06,Granby,PA,74,74,12.175675675675675,3598.4150000000004,6.0,19.04094946126699,901.0,1.5638515650763123,0.0,naive,False
CP06,Granby,PC,125,125,811.616,19750.321359999998,450.0,952.1362973724893,101452.0,1.1731364307412486,0.0,xgboost,False
CP06,Granby,SP,103,98,4.194174757281553,32101.79145631068,4.0,3.0423747575272357,432.0,0.7253810185770956,0.04854368932038833,naive,False
CP06,Granby,TO,103,99,8.281553398058252,8414.700582524272,7.0,6.297241032557091,853.0,0.7603937002970462,0.03883495145631066,naive,False
CP07,Laval,BQ,110,110,18.836363636363636,4100.248909090909,12.0,18.334069790854215,2072.0,0.9733338209430327,0.0,naive,False
CP07,Laval,CH,94,94,9.22340425531915,20074.825106382978,6.0,8.64366789841247,867.0,0.9371450777978918,0.0,naive,False
CP07,Laval,FI,124,123,11.524193548387096,4907.413548387097,9.0,8.552528946274816,1429.0,0.7421368714752115,0.008064516129032251,naive,False
CP07,Laval,GA,111,110,21.26126126126126,30028.937477477477,16.0,19.584182723315596,2360.0,0.9211204585966234,0.009009009009009028,naive,False
CP07,Laval,HT,91,91,8.747252747252746,24378.72945054945,7.0,7.140795795355347,796.0,0.8163472580117295,0.0,naive,False
CP07,Laval,LO,125,124,131.328,1895.9556,32.0,184.65468102868783,16416.0,1.4060572081253642,0.008000000000000007,xgboost,False
CP07,Laval,ME,125,124,257.824,59631.422880000006,87.0,283.6820705671938,32228.0,1.100293496987068,0.008000000000000007,xgboost,False
CP07,Laval,PA,89,87,26.224719101123597,8387.808651685393,13.0,30.181930479626665,2334.0,1.1508962350843073,0.022471910112359605,naive,False
CP07,Laval,PC,125,125,1041.176,25956.38352,342.0,1244.9342453422212,130147.0,1.1957000981027428,0.0,xgboost,False
CP07,Laval,SP,101,101,4.336633663366337,43344.62594059406,4.0,2.219356788453683,438.0,0.511769487748452,0.0,naive,False
CP07,Laval,TO,99,99,14.141414141414142,11357.898585858586,12.0,12.030581865421734,1400.0,0.8507340033405368,0.0,naive,False
CP07,Liquidation,BQ,74,74,8.72972972972973,1054.3355405405405,6.0,7.9816524146582015,646.0,0.9143069329484627,0.0,naive,False
CP07,Liquidation,CH,52,51,2.8076923076923075,5970.0607692307685,2.0,2.481606544302296,146.0,0.8838598650939684,0.019230769230769273,naive,False
CP07,Liquidation,FI,8,8,1.125,228.12,1.0,0.3535533905932738,9.0,0.3142696805273545,0.0,naive,False
CP07,Liquidation,GA,82,82,16.26829268292683,14534.291097560974,12.0,12.95295264541127,1334.0,0.7962084834510674,0.0,naive,False
CP07,Liquidation,HT,1,1,1.0,1631.25,1.0,,1.0,,0.0,skip,False
CP07,Liquidation,LO,85,85,83.81176470588235,811.084,42.0,97.09512936114902,7124.0,1.1584904541967527,0.0,xgboost,False
CP07,Liquidation,ME,88,88,281.67045454545456,44854.47840909091,172.5,273.2020313277888,24787.0,0.9699349964435153,0.0,xgboost,True
CP07,Liquidation,PA,80,79,32.1375,5166.397125,18.0,33.40989914321044,2571.0,1.039592349847077,0.012499999999999956,naive,False
CP07,Liquidation,PC,87,87,332.0574712643678,7752.689885057472,239.0,332.7550379232426,28889.0,1.0021007407429163,0.0,xgboost,False
CP07,Liquidation,SP,32,32,1.5625,10054.4396875,1.0,0.9136068187983487,50.0,0.5847083640309432,0.0,naive,False
CP07,Liquidation,TO,2,2,1.0,299.42499999999995,1.0,0.0,2.0,0.0,0.0,skip,False
CP08,Longueuil,BQ,86,86,9.476744186046512,2135.4202325581396,6.0,8.596479093464811,815.0,0.9071131313349372,0.0,naive,False
CP08,Longueuil,CH,96,96,5.5,7923.110208333333,4.0,4.235190917215322,528.0,0.7700347122209675,0.0,naive,False
CP08,Longueuil,FI,121,120,6.975206611570248,2074.720661157025,6.0,7.002931302815696,844.0,1.003974748389454,0.008264462809917328,naive,False
CP08,Longueuil,GA,95,93,9.673684210526316,10327.239789473684,5.0,23.998422867179876,919.0,2.480794529251456,0.021052631578947323,naive,False
CP08,Longueuil,HT,91,90,5.912087912087912,10321.563736263737,4.0,5.400922455466599,538.0,0.9135389283410046,0.01098901098901095,naive,False
CP08,Longueuil,LO,119,119,54.773109243697476,635.8087394957984,18.0,74.36504520757892,6518.0,1.3576926019794249,0.0,naive,False
CP08,Longueuil,ME,117,117,71.64957264957265,16674.649914529913,32.0,83.11358205111557,8383.0,1.1600010855279164,0.0,xgboost,False
CP08,Longueuil,PA,55,53,8.290909090909091,1824.9640000000002,3.0,9.073103775512111,456.0,1.0943436571341363,0.036363636363636376,naive,False
CP08,Longueuil,PC,123,123,617.3089430894308,13257.625609756096,227.0,786.7885558653461,75929.0,1.274545856937897,0.0,xgboost,False
CP08,Longueuil,SP,70,70,1.8714285714285714,18318.43285714286,2.0,1.1537139596195922,131.0,0.6164883753692477,0.0,naive,False
CP08,Longueuil,TO,61,61,6.245901639344262,4106.532131147541,5.0,5.929181331080254,381.0,0.9492914992018254,0.0,naive,False
CP10,Saint-Jérôme,BQ,110,108,22.990909090909092,7674.497818181818,11.0,25.859711661953344,2529.0,1.1247798666725455,0.018181818181818188,naive,False
CP10,Saint-Jérôme,CH,85,84,6.341176470588235,12554.181058823528,6.0,4.9269737190298875,539.0,0.7769810132050843,0.0117647058823529,naive,False
CP10,Saint-Jérôme,FI,111,107,4.648648648648648,1640.2844144144144,3.0,5.316609734251617,516.0,1.143689303298313,0.036036036036036,naive,False
CP10,Saint-Jérôme,GA,92,87,10.728260869565217,21991.325326086957,6.5,10.6843865347294,987.0,0.995910396347624,0.05434782608695654,naive,False
CP10,Saint-Jérôme,HT,90,88,6.166666666666667,23348.848666666665,5.0,4.59176106335264,555.0,0.7446099021652929,0.022222222222222254,naive,False
CP10,Saint-Jérôme,LO,121,121,80.80165289256199,1183.1139669421489,24.0,112.74237740934792,9777.0,1.3952979100471614,0.0,xgboost,False
CP10,Saint-Jérôme,ME,117,116,114.07692307692308,25158.808376068377,42.0,140.94197594597,13347.0,1.2354994519875995,0.008547008547008517,xgboost,False
CP10,Saint-Jérôme,PA,78,77,19.833333333333332,3897.723717948718,9.5,20.68779467427228,1547.0,1.0430820844170898,0.012820512820512775,naive,False
CP10,Saint-Jérôme,PC,123,123,697.4959349593496,16272.116422764228,408.0,768.583478555147,85792.0,1.1019182192078876,0.0,xgboost,False
CP10,Saint-Jérôme,SP,115,114,29.88695652173913,28557.81617391304,24.0,29.00416340875827,3437.0,0.9704622612764624,0.008695652173912993,naive,False
CP10,Saint-Jérôme,TO,99,95,9.141414141414142,1825.719393939394,6.0,14.055291763290665,905.0,1.5375402039400836,0.04040404040404044,naive,False
CP12,St-Georges-de-Beauce,BQ,49,48,6.1020408163265305,1624.1867346938775,4.0,6.00432100643356,299.0,0.9839857167733929,0.020408163265306145,naive,False
CP12,St-Georges-de-Beauce,CH,35,33,4.857142857142857,8720.621142857142,3.0,4.784428524131279,170.0,0.985029402027028,0.05714285714285716,naive,False
CP12,St-Georges-de-Beauce,FI,31,30,3.4838709677419355,1232.5490322580647,1.0,5.858731192228885,108.0,1.6816728422138465,0.032258064516129004,naive,False
CP12,St-Georges-de-Beauce,GA,40,39,5.9775,8264.043,4.5,5.978572314781926,239.1,1.0001793918497575,0.025000000000000022,naive,False
CP12,St-Georges-de-Beauce,HT,26,20,23.692307692307693,17639.225384615384,4.0,40.01376686168821,616.0,1.6888927571491776,0.23076923076923073,naive,False
CP12,St-Georges-de-Beauce,LO,60,60,15.45,206.65966666666665,5.5,19.66708081532717,927.0,1.272950214584283,0.0,naive,False
CP12,St-Georges-de-Beauce,ME,56,51,28.125,8321.7225,6.5,48.45356258597222,1575.0,1.7227933363901233,0.0892857142857143,naive,False
CP12,St-Georges-de-Beauce,PA,38,25,2.789473684210526,255.32894736842104,1.0,3.7210714436137815,106.0,1.3339690080879596,0.3421052631578947,naive,False
CP12,St-Georges-de-Beauce,PC,73,73,196.4794520547945,5113.564383561644,59.0,230.1078315817416,14343.0,1.1711546890794908,0.0,xgboost,False
CP12,St-Georges-de-Beauce,SP,37,36,2.0,17548.233783783784,2.0,1.3944333775567923,74.0,0.6972166887783962,0.027027027027026973,naive,False
CP12,St-Georges-de-Beauce,TO,35,29,5.4,1141.7748571428572,2.0,5.95670655154142,189.0,1.1030938058410036,0.17142857142857137,naive,False
CP13,Victoriaville,BQ,78,78,8.038461538461538,3086.7669230769234,6.0,6.951487382077079,627.0,0.8647783346124596,0.0,naive,False
CP13,Victoriaville,CH,91,89,6.395604395604396,9548.89065934066,5.0,4.871411205251218,582.0,0.7616811334671147,0.02197802197802201,naive,False
CP13,Victoriaville,FI,95,93,3.2526315789473683,1652.750947368421,2.0,2.931735456748079,309.0,0.9013426161523221,0.021052631578947323,naive,False
CP13,Victoriaville,GA,82,80,6.878048780487805,10689.934878048782,6.0,5.464566543081339,564.0,0.7944937172565066,0.024390243902439046,naive,False
CP13,Victoriaville,HT,82,82,7.609756097560975,15681.529999999999,7.0,6.45163602097829,624.0,0.8478111437824035,0.0,naive,False
CP13,Victoriaville,LO,111,111,33.513513513513516,382.70477477477476,13.0,41.45268164696726,3720.0,1.2368945330143455,0.0,naive,False
CP13,Victoriaville,ME,109,108,47.22935779816514,12060.756513761467,16.0,55.665773949515625,5148.0,1.1786265269031087,0.00917431192660545,naive,False
CP13,Victoriaville,PA,49,46,5.836734693877551,1054.4524489795917,3.0,6.128305022514757,286.0,1.0499543570042766,0.061224489795918324,naive,False
CP13,Victoriaville,PC,114,114,455.32456140350877,9682.97298245614,313.5,486.23450214152314,51907.0,1.0678855114750156,0.0,xgboost,False
CP13,Victoriaville,SP,88,86,2.9431818181818183,26990.04579545454,3.0,1.8529749583972341,259.0,0.6295822252469366,0.022727272727272707,naive,False
CP13,Victoriaville,TO,61,60,6.098360655737705,2532.41131147541,4.0,5.33761781457105,372.0,0.875254534109769,0.016393442622950838,naive,False
CP15,Repentigny,BQ,95,92,12.147368421052631,2325.628105263158,7.0,13.359965935945734,1154.0,1.09982388554146,0.03157894736842104,naive,False
CP15,Repentigny,CH,87,87,6.551724137931035,10252.112873563217,5.0,7.792003385537286,570.0,1.1893057798977962,0.0,naive,False
CP15,Repentigny,FI,112,111,5.294642857142857,1659.953125,4.0,3.7910239954876213,593.0,0.7160112773939521,0.008928571428571397,naive,False
CP15,Repentigny,GA,94,92,12.127659574468085,12177.809255319149,9.0,15.97998347567557,1140.0,1.3176477602750032,0.021276595744680882,naive,False
CP15,Repentigny,HT,85,83,6.2,10315.876,4.0,6.546173000492802,527.0,1.0558343549181939,0.02352941176470591,naive,False
CP15,Repentigny,LO,123,123,62.51219512195122,621.9835772357724,17.0,96.64887996040592,7689.0,1.5460804051411012,0.0,naive,False
CP15,Repentigny,ME,116,115,75.34482758620689,14345.383620689656,32.5,101.28977831155916,8740.0,1.3443494604280164,0.008620689655172376,xgboost,False
CP15,Repentigny,PA,67,66,10.686567164179104,1470.7023880597014,8.0,10.248738215350429,716.0,0.9590299726654731,0.014925373134328401,naive,False
CP15,Repentigny,PC,125,125,610.248,15018.63696,177.0,796.6564570632971,76281.0,1.3054634461125592,0.0,xgboost,False
CP15,Repentigny,SP,56,55,2.0714285714285716,20703.683392857143,2.0,1.1886913026463235,116.0,0.5738509736913285,0.017857142857142905,naive,False
CP15,Repentigny,TO,56,53,5.25,2746.9473214285713,3.0,5.514443844041836,294.0,1.0503702560079688,0.0535714285714286,naive,False
CP16,Chicoutimi,BQ,114,114,21.54385964912281,5862.066403508771,9.5,25.33113106239991,2456.0,1.1757935427986927,0.0,naive,False
CP16,Chicoutimi,CH,97,95,10.505154639175258,16995.937216494844,8.0,9.172108662657001,1019.0,0.8731055351106272,0.020618556701030966,naive,False
CP16,Chicoutimi,FI,113,111,5.460176991150442,1295.9302654867256,4.0,4.754763397730158,617.0,0.8708075590656529,0.017699115044247815,naive,False
CP16,Chicoutimi,GA,97,95,14.31958762886598,30651.816391752578,9.0,14.411039165451557,1389.0,1.006386464397985,0.020618556701030966,naive,False
CP16,Chicoutimi,HT,94,92,10.446808510638299,19658.73670212766,7.0,10.969769820735838,982.0,1.050059432942127,0.021276595744680882,naive,False
CP16,Chicoutimi,LO,122,122,83.92622950819673,1077.5877868852458,41.0,100.80389012833159,10239.0,1.2011011422654998,0.0,xgboost,False
CP16,Chicoutimi,ME,114,113,70.2719298245614,24769.989385964913,28.0,84.79723708636831,8011.0,1.2067014140364485,0.00877192982456143,xgboost,False
CP16,Chicoutimi,PA,54,54,5.037037037037037,1104.702962962963,4.5,4.476196848332016,272.0,0.8886567272423855,0.0,naive,False
CP16,Chicoutimi,PC,122,122,611.3032786885246,13185.897213114753,256.0,804.6968515934234,74579.0,1.3163627280386925,0.0,xgboost,False
CP16,Chicoutimi,SP,88,82,3.4545454545454546,34684.9425,3.0,2.638830683696944,304.0,0.7638720400175364,0.06818181818181823,naive,False
CP16,Chicoutimi,TO,68,67,7.073529411764706,2090.3391176470586,4.0,8.545429391009792,481.0,1.2080856519514884,0.014705882352941124,naive,False
CP17,Trois-Rivières,BQ,97,97,9.65979381443299,1984.8240206185567,6.0,9.27012068190294,937.0,0.9596603053837622,0.0,naive,False
CP17,Trois-Rivières,CH,103,100,14.475728155339805,13587.368446601942,12.0,11.583325287226016,1491.0,0.8001894732288931,0.029126213592232997,naive,False
CP17,Trois-Rivières,FI,117,117,9.264957264957266,3074.1711111111113,7.0,7.425948403835959,1084.0,0.8015091911889365,0.0,naive,False
CP17,Trois-Rivières,GA,94,93,12.98904255319149,16152.432446808509,8.5,11.89464911496183,1220.97,0.9157448723608376,0.010638297872340385,naive,False
CP17,Trois-Rivières,HT,88,86,12.215909090909092,20175.338977272728,8.0,11.770261438747577,1075.0,0.9635190759160807,0.022727272727272707,naive,False
CP17,Trois-Rivières,LO,118,118,59.6271186440678,631.1474576271186,22.0,76.97860693049829,7036.0,1.2909999456791923,0.0,naive,False
CP17,Trois-Rivières,ME,112,112,57.5625,14457.333125000001,23.0,63.84056453525595,6447.0,1.1090651819371284,0.0,naive,False
CP17,Trois-Rivières,PA,55,53,7.6,1327.8834545454545,4.0,8.054444367805521,418.0,1.059795311553358,0.036363636363636376,naive,False
CP17,Trois-Rivières,PC,120,120,628.5583333333333,16639.429333333333,257.5,805.3436115740169,75427.0,1.281255165774617,0.0,xgboost,False
CP17,Trois-Rivières,SP,92,91,3.0652173913043477,22815.42836956522,3.0,1.9712457589888643,282.0,0.6431014532871473,0.010869565217391353,naive,False
CP17,Trois-Rivières,TO,62,62,7.612903225806452,3161.3112903225806,4.5,7.540828407572238,472.0,0.9905325450624549,0.0,naive,False
CP18,Val-d'Or,PC,2,2,13.0,399.37,13.0,8.48528137423857,26.0,0.6527139518645053,0.0,skip,False
CP202,Nepean,BQ,27,26,1.4814814814814814,564.9499999999999,1.0,0.7529618628798984,40.0,0.5082492574439315,0.03703703703703709,naive,False
CP202,Nepean,CH,27,27,1.3703703703703705,3780.951111111111,1.0,0.6877023141843228,37.0,0.5018368238642356,0.0,naive,False
CP202,Nepean,FI,12,12,2.8333333333333335,620.3183333333333,2.0,2.2896340848319503,34.0,0.8081061475877471,0.0,naive,False
CP202,Nepean,GA,86,84,5.976744186046512,16807.931395348838,4.0,5.273634184341944,514.0,0.8823590269521541,0.023255813953488413,naive,False
CP202,Nepean,HT,2,2,2.0,6884.015,2.0,0.0,4.0,0.0,0.0,skip,False
CP202,Nepean,LO,108,108,21.787037037037038,335.33916666666664,9.0,25.468342425551715,2353.0,1.168967693140495,0.0,naive,False
CP202,Nepean,ME,108,107,47.879629629629626,15108.963333333333,28.5,50.60230085873559,5171.0,1.0568649183414125,0.0092592592592593,naive,False
CP202,Nepean,PA,69,68,12.391304347826088,3109.644492753623,10.0,10.160791700430613,855.0,0.819993716175102,0.01449275362318836,naive,False
CP202,Nepean,PC,125,125,589.608,11621.45952,276.0,650.7947609678693,73701.0,1.1037753235503407,0.0,xgboost,False
CP202,Nepean,SP,94,93,4.053191489361702,47187.08138297873,3.5,2.981545465155111,381.0,0.7356043929779014,0.010638297872340385,naive,False
CP202,Nepean,TO,11,10,1.2727272727272727,348.72,1.0,0.7862453931068965,14.0,0.617764237441133,0.09090909090909094,naive,False
CP28,Pointe-aux-Trembles,BQ,52,51,2.8653846153846154,994.3984615384616,2.5,1.9904561124136715,149.0,0.6946558244665162,0.019230769230769273,naive,False
CP28,Pointe-aux-Trembles,CH,84,82,3.0714285714285716,4836.369166666666,3.0,2.2960716283572977,258.0,0.7475582045814457,0.023809523809523836,naive,False
CP28,Pointe-aux-Trembles,FI,53,52,1.8679245283018868,872.7062264150943,1.0,1.225337251049632,99.0,0.6559886293498031,0.018867924528301883,naive,False
CP28,Pointe-aux-Trembles,GA,76,74,3.4210526315789473,3746.243026315789,2.5,2.8343754533452894,260.0,0.8285097479009308,0.02631578947368418,naive,False
CP28,Pointe-aux-Trembles,HT,76,73,4.5131578947368425,6773.921052631579,3.0,4.343557439250709,343.0,0.9624208903296031,0.03947368421052633,naive,False
CP28,Pointe-aux-Trembles,LO,120,120,39.35,332.94891666666666,11.0,55.42451146007727,4722.0,1.4085009265585073,0.0,naive,False
CP28,Pointe-aux-Trembles,ME,95,91,25.91578947368421,4280.832947368421,12.0,30.03248707575194,2462.0,1.1588490138896972,0.04210526315789476,naive,False
CP28,Pointe-aux-Trembles,PA,52,51,5.480769230769231,631.6242307692307,3.0,4.94078815898596,285.0,0.9014771377798945,0.019230769230769273,naive,False
CP28,Pointe-aux-Trembles,PC,125,125,555.064,11515.503279999999,166.0,755.881623092553,69383.0,1.3617918349821878,0.0,xgboost,False
CP28,Pointe-aux-Trembles,SP,40,39,1.2,8918.801,1.0,0.5638694156883471,48.0,0.4698911797402893,0.025000000000000022,naive,False
CP28,Pointe-aux-Trembles,TO,44,40,24.84090909090909,1825.8022727272728,3.0,93.8434974223396,1093.0,3.7777803170932684,0.09090909090909094,naive,False
CP32,St-Hyacinthe,BQ,92,92,10.23913043478261,1986.9424999999999,5.5,10.086842223844583,942.0,0.9851268413945876,0.0,naive,False
CP32,St-Hyacinthe,CH,75,75,3.52,7635.390666666665,3.0,2.6679276297976755,264.0,0.757933985737976,0.0,naive,False
CP32,St-Hyacinthe,FI,96,95,3.5104166666666665,1473.2190625,3.0,3.521347803168156,337.0,1.0031139142556171,0.01041666666666663,naive,False
CP32,St-Hyacinthe,GA,84,82,7.583333333333333,10403.22488095238,4.0,8.282960202661577,637.0,1.0922584882630653,0.023809523809523836,naive,False
CP32,St-Hyacinthe,HT,81,80,3.506172839506173,8445.012345679012,3.0,2.6130607378614616,284.0,0.7452743653759802,0.012345679012345734,naive,False
CP32,St-Hyacinthe,LO,121,121,42.82644628099174,612.2173553719008,13.0,61.2597852980717,5182.0,1.4304195332046845,0.0,naive,False
CP32,St-Hyacinthe,ME,119,116,52.45378151260504,11063.111344537816,19.0,64.39901408593143,6242.0,1.2277287209589618,0.025210084033613467,naive,False
CP32,St-Hyacinthe,PA,64,63,5.609375,1861.54375,4.0,4.413605183326406,359.0,0.7868265507879943,0.015625,naive,False
CP32,St-Hyacinthe,PC,125,125,598.904,14217.576,250.0,761.9551720790829,74863.0,1.2722492621172723,0.0,xgboost,False
CP32,St-Hyacinthe,SP,79,79,1.9493670886075949,12975.302658227849,1.0,1.3194670075568993,154.0,0.6768694389415263,0.0,naive,False
CP32,St-Hyacinthe,TO,90,90,4.3,1958.7487777777776,3.0,3.426433924388773,387.0,0.7968450986950635,0.0,naive,False
CP33,Sorel-Tracy,BQ,64,62,3.046875,943.2534375,2.0,2.4392926863178617,195.0,0.8005883688427854,0.03125,naive,False
CP33,Sorel-Tracy,CH,72,70,2.486111111111111,3754.2605555555556,2.0,1.920923014312926,179.0,0.772661771120283,0.02777777777777779,naive,False
CP33,Sorel-Tracy,FI,49,49,1.816326530612245,672.8612244897959,2.0,1.0542269953966885,89.0,0.5804171098251432,0.0,naive,False
CP33,Sorel-Tracy,GA,77,77,4.467532467532467,5237.448311688312,3.0,3.640360073227342,344.0,0.8148480396468178,0.0,naive,False
CP33,Sorel-Tracy,HT,64,64,5.53125,9446.87453125,4.0,5.309376999892184,354.0,0.9598873672121462,0.0,naive,False
CP33,Sorel-Tracy,LO,111,109,18.792792792792792,131.53243243243244,7.0,26.682345922867874,2086.0,1.4198180237000644,0.018018018018018056,naive,False
CP33,Sorel-Tracy,ME,108,108,22.425925925925927,4743.358425925926,8.0,27.391998184783997,2422.0,1.2214433542347942,0.0,naive,False
CP33,Sorel-Tracy,PA,56,56,6.392857142857143,726.8330357142858,5.0,4.773710473867438,358.0,0.7467256607166942,0.0,naive,False
CP33,Sorel-Tracy,PC,125,125,259.76,5909.9576,118.0,297.3268105268419,32470.0,1.1446212293149134,0.0,xgboost,False
CP33,Sorel-Tracy,SP,48,48,1.5416666666666667,12813.313750000001,1.0,0.8494887907875883,74.0,0.5510197561865438,0.0,naive,False
CP33,Sorel-Tracy,TO,38,37,4.078947368421052,1009.9547368421053,3.5,3.544173589087798,155.0,0.8688941702279763,0.02631578947368418,naive,False
CP35,Saint-Jean-sur-Richelieu,BQ,97,93,7.309278350515464,1921.0751546391753,4.0,7.4195137205073785,709.0,1.0150815668395143,0.04123711340206182,naive,False
CP35,Saint-Jean-sur-Richelieu,CH,104,104,7.375,11189.551442307693,6.0,5.920488532715811,767.0,0.8027781061309573,0.0,naive,False
CP35,Saint-Jean-sur-Richelieu,FI,97,96,3.154639175257732,1215.4259793814433,3.0,2.4551824702451976,306.0,0.7782767961234777,0.010309278350515427,naive,False
CP35,Saint-Jean-sur-Richelieu,GA,95,92,8.27357894736842,10089.977263157894,5.0,9.110847978352975,785.99,1.1011979261104248,0.03157894736842104,naive,False
CP35,Saint-Jean-sur-Richelieu,HT,94,94,11.861702127659575,24481.599680851064,9.0,10.543918456932747,1115.0,0.888904336279532,0.0,naive,False
CP35,Saint-Jean-sur-Richelieu,LO,122,122,98.06557377049181,1265.3498360655738,28.5,138.93804658375987,11964.0,1.4167871684402125,0.0,xgboost,False
CP35,Saint-Jean-sur-Richelieu,ME,118,117,47.45762711864407,12468.497627118644,20.0,55.637508725924185,5600.0,1.1723617910105453,0.008474576271186418,naive,False
CP35,Saint-Jean-sur-Richelieu,PA,59,56,7.338983050847458,1406.3674576271187,3.0,9.02030309432565,433.0,1.2290944170097307,0.05084745762711862,naive,False
CP35,Saint-Jean-sur-Richelieu,PC,122,122,909.1229508196722,20497.446721311477,445.0,1082.1258353819753,110913.0,1.190296465848016,0.0,xgboost,False
CP35,Saint-Jean-sur-Richelieu,SP,93,92,2.946236559139785,26359.41548387097,3.0,1.8845227247112861,274.0,0.6396372751757284,0.010752688172043001,naive,False
CP35,Saint-Jean-sur-Richelieu,TO,61,60,8.62295081967213,2224.441967213115,6.0,8.165300432166656,526.0,0.9469264759736997,0.016393442622950838,naive,False
CP36,Saint-Eustache,BQ,109,108,17.853211009174313,3337.621467889908,10.0,27.138132829707367,1946.0,1.5200701328047805,0.00917431192660545,naive,False
CP36,Saint-Eustache,CH,92,92,9.5,9397.091086956521,6.0,11.208807369089836,874.0,1.1798744599041933,0.0,naive,False
CP36,Saint-Eustache,FI,109,109,5.972477064220183,780.9268807339449,5.0,4.42312675477664,651.0,0.7405849712298829,0.0,naive,False
CP36,Saint-Eustache,GA,103,102,17.854368932038835,13690.836116504855,10.0,22.48459506059705,1839.0,1.2593329479290356,0.009708737864077666,naive,False
CP36,Saint-Eustache,HT,85,80,4.011764705882353,10521.267294117646,3.0,3.46236265894733,341.0,0.8630522756906834,0.05882352941176472,naive,False
CP36,Saint-Eustache,LO,125,125,96.952,1126.45272,29.0,149.0367380558317,12119.0,1.5372219041982806,0.0,xgboost,False
CP36,Saint-Eustache,ME,120,119,78.21666666666667,12248.293833333333,41.0,95.99099951972329,9386.0,1.22724482658926,0.008333333333333304,xgboost,False
CP36,Saint-Eustache,PA,79,75,15.151898734177216,2364.9717721518987,9.0,15.925377753918376,1197.0,1.0510483229403105,0.05063291139240511,naive,False
CP36,Saint-Eustache,PC,125,125,750.52,17551.42824,254.0,1065.7079851804713,93815.0,1.4199594750046252,0.0,xgboost,False
CP36,Saint-Eustache,SP,69,67,2.6666666666666665,19523.67086956522,2.0,4.461161371696133,184.0,1.67293551438605,0.02898550724637683,naive,False
CP36,Saint-Eustache,TO,93,91,7.053763440860215,4307.510430107527,4.0,7.185985139261866,656.0,1.018744844438039,0.021505376344086002,naive,False
CP37,Gatineau,BQ,73,73,4.863013698630137,1170.136712328767,3.0,4.534788579211061,355.0,0.9325058205138238,0.0,naive,False
CP37,Gatineau,CH,85,85,5.294117647058823,12354.450823529412,4.0,4.1456331856308655,450.0,0.783064046174719,0.0,naive,False
CP37,Gatineau,FI,97,92,2.6391752577319587,1659.8118556701031,2.0,2.558423859732416,256.0,0.9694027906017357,0.05154639175257736,naive,False
CP37,Gatineau,GA,93,93,8.258064516129032,15212.708387096773,4.0,21.76150531568274,768.0,2.635182284320957,0.0,naive,False
CP37,Gatineau,HT,99,99,6.0606060606060606,20170.12797979798,5.0,5.1839984997363775,600.0,0.8553597524565023,0.0,naive,False
CP37,Gatineau,LO,125,125,55.24,966.5484799999999,24.0,67.1329206295843,6905.0,1.2152954494855956,0.0,naive,False
CP37,Gatineau,ME,124,123,84.34677419354838,21069.95612903226,45.0,105.56899985008371,10459.0,1.251606844001375,0.008064516129032251,xgboost,False
CP37,Gatineau,PA,84,83,15.845238095238095,2750.7409523809524,12.0,18.12240445735945,1331.0,1.143712978526066,0.011904761904761862,naive,False
CP37,Gatineau,PC,125,125,1046.6,23650.82856,457.0,1154.9303428234075,130825.0,1.103506920335761,0.0,xgboost,False
CP37,Gatineau,SP,99,95,3.1616161616161618,33756.24686868687,3.0,2.709420717916454,313.0,0.8569733261141499,0.04040404040404044,naive,False
CP37,Gatineau,TO,106,106,10.19811320754717,4819.118679245284,7.5,8.568402430770476,1081.0,0.8401948729525166,0.0,naive,False
CP39,Joliette,BQ,56,56,3.875,1188.9717857142857,2.5,3.653454156374111,217.0,0.9428268790642867,0.0,naive,False
CP39,Joliette,CH,83,83,3.3373493975903616,6113.535662650603,3.0,2.405669667091529,277.0,0.7208324273234545,0.0,naive,False
CP39,Joliette,FI,70,70,2.8714285714285714,787.5567142857143,2.0,3.2209523687087773,201.0,1.1217247055204698,0.0,naive,False
CP39,Joliette,GA,84,83,6.130952380952381,6762.643214285715,4.5,6.255175711235299,515.0,1.020261669405369,0.011904761904761862,naive,False
CP39,Joliette,HT,76,74,5.618421052631579,10356.687894736842,5.0,4.890718025711309,427.0,0.870479086543465,0.02631578947368418,naive,False
CP39,Joliette,LO,103,102,33.70873786407767,271.12631067961166,12.0,43.37629041262083,3472.0,1.2867966337845467,0.009708737864077666,naive,False
CP39,Joliette,ME,103,103,27.87378640776699,5345.493203883496,16.0,28.598532668944337,2871.0,1.026000997875746,0.0,naive,False
CP39,Joliette,PA,56,55,3.9642857142857144,634.3339285714285,2.0,3.6129277259926957,222.0,0.9113691561062656,0.017857142857142905,naive,False
CP39,Joliette,PC,125,125,268.088,5530.34896,114.0,310.9286043969871,33511.0,1.159800529665584,0.0,xgboost,False
CP39,Joliette,SP,70,68,1.9,16198.327428571427,2.0,1.1312427435911074,133.0,0.5953909176795302,0.02857142857142858,naive,False
CP39,Joliette,TO,44,43,4.159090909090909,1033.841818181818,3.5,3.2273769449867036,183.0,0.7759813419640161,0.022727272727272707,naive,False
CP40,Thetford Mines,BQ,23,22,2.0,875.8004347826087,2.0,1.3483997249264839,46.0,0.6741998624632419,0.04347826086956519,naive,False
CP40,Thetford Mines,CH,25,25,5.96,6673.6748,4.0,4.485903847981287,149.0,0.7526684308693435,0.0,naive,False
CP40,Thetford Mines,FI,4,4,1.75,1180.1925,2.0,0.5,7.0,0.2857142857142857,0.0,skip,False
CP40,Thetford Mines,GA,28,25,2.642857142857143,2852.102142857143,2.0,2.0586634591635513,74.0,0.7789537413051275,0.1071428571428571,naive,False
CP40,Thetford Mines,HT,21,20,2.5714285714285716,7790.092380952381,2.0,1.8860389330930727,54.0,0.7334595850917505,0.04761904761904767,naive,False
CP40,Thetford Mines,LO,58,58,10.241379310344827,125.09241379310346,5.5,11.355978941211923,594.0,1.1088329605897165,0.0,naive,False
CP40,Thetford Mines,ME,46,45,16.608695652173914,4409.168260869565,9.0,18.445689964348567,764.0,1.1106043695811965,0.021739130434782594,naive,False
CP40,Thetford Mines,PA,23,22,3.347826086956522,656.7482608695652,3.0,2.639020060073503,77.0,0.7882787192427346,0.04347826086956519,naive,False
CP40,Thetford Mines,PC,71,71,205.32394366197184,4536.919718309859,75.0,252.61245160170813,14578.0,1.2303117069365672,0.0,xgboost,False
CP40,Thetford Mines,SP,29,29,1.6551724137931034,15663.31620689655,1.0,0.9737945687202026,48.0,0.5883342186017891,0.0,naive,False
CP40,Thetford Mines,TO,24,24,4.875,1234.4566666666667,4.0,4.533090892920443,117.0,0.9298647985477831,0.0,naive,False
CP44,St-Constant,BQ,75,74,7.8,1655.7350666666666,5.0,7.317140188662545,585.0,0.9380948959823776,0.013333333333333308,naive,False
CP44,St-Constant,CH,86,86,3.872093023255814,5462.991860465117,3.0,2.721576150723336,333.0,0.7028695164030236,0.0,naive,False
CP44,St-Constant,FI,94,93,3.276595744680851,1140.073404255319,3.0,2.624959826908771,308.0,0.8011241030176118,0.010638297872340385,naive,False
CP44,St-Constant,GA,86,84,5.476744186046512,6954.149767441861,3.0,5.491655154303602,471.0,1.0027225971764537,0.023255813953488413,naive,False
CP44,St-Constant,HT,76,74,5.144736842105263,9228.010394736842,4.0,4.551055401020503,391.0,0.8846041188684354,0.02631578947368418,naive,False
CP44,St-Constant,LO,121,120,45.0,615.0680165289256,16.0,54.69049277525299,5445.0,1.215344283894511,0.008264462809917328,naive,False
CP44,St-Constant,ME,106,104,29.641509433962263,7511.0368867924535,13.5,35.849470655385396,3142.0,1.2094347197552044,0.018867924528301883,naive,False
CP44,St-Constant,PA,49,49,6.020408163265306,934.7022448979593,6.0,4.4276112630399975,295.0,0.7354337352168132,0.0,naive,False
CP44,St-Constant,PC,123,123,347.130081300813,7405.706991869918,168.0,411.44206530700257,42697.0,1.1852676776532618,0.0,xgboost,False
CP44,St-Constant,SP,55,54,1.7272727272727273,17180.072363636362,1.0,1.1619674479813753,95.0,0.6727179961997436,0.018181818181818188,naive,False
CP44,St-Constant,TO,47,47,4.8936170212765955,1733.1525531914892,3.0,4.805947594899614,230.0,0.9820849433055733,0.0,naive,False
CP45,Cowansville,BQ,103,103,9.407766990291263,2174.6892233009708,6.0,9.01353763242028,969.0,0.9580953314130947,0.0,naive,False
CP45,Cowansville,CH,65,64,2.4,5515.364153846153,2.0,1.5890248582070698,156.0,0.6620936909196125,0.01538461538461533,naive,False
CP45,Cowansville,FI,60,58,2.8,462.6181666666667,2.0,2.468788215752272,168.0,0.881710077054383,0.033333333333333326,naive,False
CP45,Cowansville,GA,55,53,3.327272727272727,4153.547272727273,2.0,3.6263160852535115,183.0,1.089876419065263,0.036363636363636376,naive,False
CP45,Cowansville,HT,68,68,2.7205882352941178,7449.613382352942,2.0,1.7691011988577205,185.0,0.650264224445,0.0,naive,False
CP45,Cowansville,LO,117,116,28.17094017094017,438.79333333333335,8.0,41.28105739889093,3296.0,1.4653773409193687,0.008547008547008517,naive,False
CP45,Cowansville,ME,117,115,31.76068376068376,4985.436923076923,13.0,38.76490804942229,3716.0,1.2205312814269127,0.017094017094017144,naive,False
CP45,Cowansville,PA,49,49,5.224489795918367,1007.8948979591836,4.0,4.528913161208626,256.0,0.8668622847625886,0.0,naive,False
CP45,Cowansville,PC,125,125,395.168,9479.19968,191.0,454.652645433852,49396.0,1.1505300161800853,0.0,xgboost,False
CP45,Cowansville,SP,71,71,2.295774647887324,15928.234647887322,2.0,1.2693571623596736,163.0,0.5529101750155633,0.0,naive,False
CP45,Cowansville,TO,73,72,2.835616438356164,425.01260273972605,2.0,1.900392493306295,207.0,0.6701867246925582,0.013698630136986356,naive,False
CP46,Sainte-Agathe-des-Monts,BQ,84,84,6.178571428571429,1663.1634523809525,5.0,5.183757566949749,519.0,0.8389896640149883,0.0,naive,False
CP46,Sainte-Agathe-des-Monts,CH,61,59,1.9836065573770492,3768.232950819672,1.0,1.3101119962136638,121.0,0.6604696840415991,0.032786885245901676,naive,False
CP46,Sainte-Agathe-des-Monts,FI,60,59,3.9166666666666665,926.9401666666666,3.0,3.8764463311378496,235.0,0.9897309781628553,0.01666666666666672,naive,False
CP46,Sainte-Agathe-des-Monts,GA,73,72,3.452054794520548,4223.440410958904,2.0,2.9535341160605606,252.0,0.855587263779448,0.013698630136986356,naive,False
CP46,Sainte-Agathe-des-Monts,HT,48,48,3.2708333333333335,7997.807083333333,3.0,3.305312186841398,157.0,1.010541305531128,0.0,naive,False
CP46,Sainte-Agathe-des-Monts,LO,92,92,17.434782608695652,223.35184782608695,8.0,20.570064853667574,1604.0,1.179829156195397,0.0,naive,False
CP46,Sainte-Agathe-des-Monts,ME,103,103,38.20388349514563,7332.583980582524,17.0,41.20021873711707,3935.0,1.0784301219626578,0.0,naive,False
CP46,Sainte-Agathe-des-Monts,PA,53,51,6.320754716981132,935.8856603773586,4.0,6.228883048736193,335.0,0.9854650793522931,0.037735849056603765,naive,False
CP46,Sainte-Agathe-des-Monts,PC,112,112,213.5625,5156.24,151.0,171.41371801937333,23919.0,0.8026395927158249,0.0,xgboost,True
CP46,Sainte-Agathe-des-Monts,SP,69,67,2.2028985507246377,23310.706666666665,2.0,1.4305460716405132,152.0,0.6493926246262856,0.02898550724637683,naive,False
CP46,Sainte-Agathe-des-Monts,TO,33,32,1.878787878787879,1040.2363636363636,1.0,1.192622524040396,62.0,0.6347829563440818,0.030303030303030276,naive,False
CP47,Riviere-du-Loup,BQ,70,70,16.585714285714285,3843.0284285714283,8.0,16.85702266862442,1161.0,1.0163579559032812,0.0,naive,False
CP47,Riviere-du-Loup,CH,43,41,3.604651162790698,5125.913023255815,2.0,3.691299518776557,155.0,1.024037931015432,0.046511627906976716,naive,False
CP47,Riviere-du-Loup,FI,39,39,3.8846153846153846,1493.8884615384616,2.0,4.119053190999528,151.5,1.0603503263959182,0.0,naive,False
CP47,Riviere-du-Loup,GA,55,51,15.10909090909091,9669.700363636364,4.0,37.16961758453363,831.0,2.4600829929595065,0.07272727272727275,naive,False
CP47,Riviere-du-Loup,HT,23,16,4.130434782608695,21735.873043478263,2.0,4.545770739990454,95.0,1.1005550212608468,0.30434782608695654,naive,False
CP47,Riviere-du-Loup,LO,58,57,12.482758620689655,172.5308620689655,4.5,13.992781822557527,724.0,1.1209687095419014,0.017241379310344862,naive,False
CP47,Riviere-du-Loup,ME,60,59,15.65,5267.2339999999995,6.5,18.906392964160407,939.0,1.208076227741879,0.01666666666666672,naive,False
CP47,Riviere-du-Loup,PA,21,21,3.8095238095238093,402.0571428571428,3.0,2.874352929252906,80.0,0.7545176439288879,0.0,naive,False
CP47,Riviere-du-Loup,PC,73,73,313.0753424657534,6693.841232876713,173.0,304.6784925589696,22854.5,0.9731794594852121,0.0,xgboost,True
CP47,Riviere-du-Loup,SP,35,27,1.9714285714285715,19520.547142857144,1.0,2.0071301473923975,69.0,1.0181094950541145,0.22857142857142854,naive,False
CP47,Riviere-du-Loup,TO,27,21,5.777777777777778,1359.9074074074074,3.0,6.600310792993202,156.0,1.1423614834026696,0.2222222222222222,naive,False
CP48,Beloeil,BQ,91,89,7.989010989010989,1372.3074725274726,4.0,8.303271785526615,727.0,1.0393366334015433,0.02197802197802201,naive,False
CP48,Beloeil,CH,95,94,5.157894736842105,7513.309052631579,4.0,4.022055654877172,490.0,0.7797863004353701,0.010526315789473717,naive,False
CP48,Beloeil,FI,94,93,2.8191489361702127,1205.568510638298,2.0,2.2092803574941797,265.0,0.7836692588847279,0.010638297872340385,naive,False
CP48,Beloeil,GA,87,81,4.310344827586207,7722.174712643678,4.0,3.5839121953386854,375.0,0.831467629318575,0.06896551724137934,naive,False
CP48,Beloeil,HT,85,84,6.070588235294117,11225.414823529412,4.0,4.970839335311391,516.0,0.8188398129873415,0.0117647058823529,naive,False
CP48,Beloeil,LO,121,120,56.289256198347104,874.7545454545455,17.0,79.3863378271653,6811.0,1.4103284212431364,0.008264462809917328,naive,False
CP48,Beloeil,ME,113,113,51.85840707964602,12067.82168141593,26.0,57.19013826960984,5860.0,1.1028132464958893,0.0,naive,False
CP48,Beloeil,PA,48,47,5.5,1083.2329166666666,4.5,4.400193419346424,264.0,0.8000351671538953,0.02083333333333337,naive,False
CP48,Beloeil,PC,123,123,596.4634146341464,13400.346341463415,241.0,761.736167189558,73365.0,1.2770878288600236,0.0,xgboost,False
CP48,Beloeil,SP,63,63,1.9206349206349207,18221.68396825397,2.0,1.1115462537585883,121.0,0.5787389585685212,0.0,naive,False
CP48,Beloeil,TO,55,53,5.818181818181818,2383.939272727273,4.0,5.673495588131905,320.0,0.9751320542101711,0.036363636363636376,naive,False
